movieId,title_id,observed_households,qualifying_households,target
3,STAD-MOV-000003,12735,10766,1
5,STAD-MOV-000005,12161,10809,1
6,STAD-MOV-000006,23899,23779,1
8,STAD-MOV-000008,1415,916,1
9,STAD-MOV-000009,3960,3694,1
15,STAD-MOV-000015,2910,2629,1
16,STAD-MOV-000016,17394,16935,1
17,STAD-MOV-000017,20667,20235,1
25,STAD-MOV-000025,21553,20064,1
26,STAD-MOV-000026,2755,1424,1
32,STAD-MOV-000032,44980,44427,1
38,STAD-MOV-000038,552,509,1
40,STAD-MOV-000040,886,395,1
42,STAD-MOV-000042,2467,1949,1
44,STAD-MOV-000044,10697,10161,1
48,STAD-MOV-000048,13046,12604,1
49,STAD-MOV-000049,236,154,1
52,STAD-MOV-000052,9320,7449,1
55,STAD-MOV-000055,939,382,1
59,STAD-MOV-000059,191,26,0
60,STAD-MOV-000060,6313,5381,1
64,STAD-MOV-000064,2086,1711,1
65,STAD-MOV-000065,4864,3695,1
67,STAD-MOV-000067,170,85,0
70,STAD-MOV-000070,12712,12579,1
71,STAD-MOV-000071,1295,1070,1
72,STAD-MOV-000072,1230,757,1
73,STAD-MOV-000073,2955,1374,1
74,STAD-MOV-000074,3514,2140,1
75,STAD-MOV-000075,558,381,1
77,STAD-MOV-000077,221,26,0
92,STAD-MOV-000092,2303,1477,1
94,STAD-MOV-000094,4030,3459,1
104,STAD-MOV-000104,17915,17317,1
106,STAD-MOV-000106,134,36,0
107,STAD-MOV-000107,6376,5288,1
110,STAD-MOV-000110,53769,53461,1
111,STAD-MOV-000111,24481,24339,1
116,STAD-MOV-000116,949,229,1
118,STAD-MOV-000118,1136,471,1
119,STAD-MOV-000119,264,163,1
123,STAD-MOV-000123,2309,2251,1
124,STAD-MOV-000124,319,177,1
134,STAD-MOV-000134,36,9,0
135,STAD-MOV-000135,6305,5817,1
137,STAD-MOV-000137,226,81,0
138,STAD-MOV-000138,137,46,0
139,STAD-MOV-000139,41,8,0
141,STAD-MOV-000141,22020,20400,1
145,STAD-MOV-000145,11975,11860,1
147,STAD-MOV-000147,4118,3706,1
150,STAD-MOV-000150,47777,46491,1
152,STAD-MOV-000152,651,505,1
155,STAD-MOV-000155,1276,714,1
157,STAD-MOV-000157,2596,2027,1
163,STAD-MOV-000163,14321,13638,1
165,STAD-MOV-000165,33940,33199,1
172,STAD-MOV-000172,12706,11667,1
175,STAD-MOV-000175,4801,4272,1
177,STAD-MOV-000177,2314,1532,1
178,STAD-MOV-000178,500,279,1
181,STAD-MOV-000181,2655,2186,1
183,STAD-MOV-000183,614,408,1
184,STAD-MOV-000184,328,158,1
185,STAD-MOV-000185,24618,21988,1
188,STAD-MOV-000188,2498,2083,1
194,STAD-MOV-000194,5937,4375,1
198,STAD-MOV-000198,9143,8416,1
204,STAD-MOV-000204,8335,7765,1
205,STAD-MOV-000205,1355,596,1
209,STAD-MOV-000209,745,491,1
212,STAD-MOV-000212,447,243,1
213,STAD-MOV-000213,1872,734,1
214,STAD-MOV-000214,942,625,1
216,STAD-MOV-000216,8547,7553,1
217,STAD-MOV-000217,1014,766,1
218,STAD-MOV-000218,4248,3874,1
219,STAD-MOV-000219,633,511,1
220,STAD-MOV-000220,275,209,1
226,STAD-MOV-000226,43,13,0
227,STAD-MOV-000227,4640,3919,1
231,STAD-MOV-000231,32085,31845,1
233,STAD-MOV-000233,3478,2660,1
236,STAD-MOV-000236,12215,10127,1
237,STAD-MOV-000237,6422,3215,1
241,STAD-MOV-000241,562,447,1
242,STAD-MOV-000242,1076,687,1
244,STAD-MOV-000244,285,41,0
246,STAD-MOV-000246,10432,3194,1
247,STAD-MOV-000247,7681,6237,1
249,STAD-MOV-000249,4950,4146,1
251,STAD-MOV-000251,388,296,1
252,STAD-MOV-000252,10074,6723,1
253,STAD-MOV-000253,27568,27054,1
255,STAD-MOV-000255,1081,384,1
257,STAD-MOV-000257,3811,3162,1
262,STAD-MOV-000262,4217,3523,1
270,STAD-MOV-000270,1315,920,1
271,STAD-MOV-000271,1257,963,1
273,STAD-MOV-000273,7424,6669,1
275,STAD-MOV-000275,1564,1302,1
278,STAD-MOV-000278,1157,859,1
281,STAD-MOV-000281,3936,3021,1
284,STAD-MOV-000284,36,19,0
287,STAD-MOV-000287,329,119,0
288,STAD-MOV-000288,23610,22778,1
289,STAD-MOV-000289,3192,2693,1
290,STAD-MOV-000290,4042,3002,1
292,STAD-MOV-000292,26246,24479,1
301,STAD-MOV-000301,469,245,1
302,STAD-MOV-000302,1564,1302,1
306,STAD-MOV-000306,7252,6480,1
307,STAD-MOV-000307,6676,5910,1
308,STAD-MOV-000308,5170,4640,1
313,STAD-MOV-000313,1173,1039,1
316,STAD-MOV-000316,31799,30926,1
317,STAD-MOV-000317,16183,15154,1
320,STAD-MOV-000320,319,132,0
325,STAD-MOV-000325,1036,737,1
334,STAD-MOV-000334,1638,1102,1
336,STAD-MOV-000336,295,45,0
343,STAD-MOV-000343,934,648,1
345,STAD-MOV-000345,10312,8533,1
348,STAD-MOV-000348,8038,5898,1
355,STAD-MOV-000355,9939,9537,1
359,STAD-MOV-000359,277,160,1
361,STAD-MOV-000361,4993,4503,1
364,STAD-MOV-000364,38991,38946,1
366,STAD-MOV-000366,2628,2473,1
367,STAD-MOV-000367,34384,34121,1
369,STAD-MOV-000369,1120,793,1
370,STAD-MOV-000370,14261,13591,1
371,STAD-MOV-000371,4313,3721,1
372,STAD-MOV-000372,8010,6878,1
373,STAD-MOV-000373,3527,2718,1
374,STAD-MOV-000374,4965,4647,1
376,STAD-MOV-000376,11294,9944,1
377,STAD-MOV-000377,41562,40938,1
380,STAD-MOV-000380,43159,42072,1
381,STAD-MOV-000381,4925,4057,1
388,STAD-MOV-000388,551,216,1
389,STAD-MOV-000389,201,95,0
392,STAD-MOV-000392,275,44,0
395,STAD-MOV-000395,13,9,0
396,STAD-MOV-000396,26,6,0
407,STAD-MOV-000407,1800,1643,1
411,STAD-MOV-000411,113,40,0
412,STAD-MOV-000412,4521,4088,1
415,STAD-MOV-000415,3217,2657,1
416,STAD-MOV-000416,1774,1562,1
417,STAD-MOV-000417,3301,1229,1
418,STAD-MOV-000418,685,388,1
420,STAD-MOV-000420,14934,14207,1
424,STAD-MOV-000424,742,520,1
427,STAD-MOV-000427,3407,2714,1
431,STAD-MOV-000431,8946,8703,1
433,STAD-MOV-000433,1242,855,1
439,STAD-MOV-000439,53,26,0
442,STAD-MOV-000442,18307,17888,1
445,STAD-MOV-000445,1893,1627,1
446,STAD-MOV-000446,3752,3639,1
449,STAD-MOV-000449,684,302,1
455,STAD-MOV-000455,8453,7729,1
458,STAD-MOV-000458,1054,862,1
459,STAD-MOV-000459,1103,1061,1
462,STAD-MOV-000462,203,116,0
466,STAD-MOV-000466,13521,13184,1
468,STAD-MOV-000468,7347,6352,1
471,STAD-MOV-000471,11268,10053,1
477,STAD-MOV-000477,4534,3948,1
480,STAD-MOV-000480,59715,58807,1
481,STAD-MOV-000481,5360,4601,1
483,STAD-MOV-000483,587,431,1
484,STAD-MOV-000484,704,455,1
486,STAD-MOV-000486,602,403,1
489,STAD-MOV-000489,3032,2379,1
491,STAD-MOV-000491,5457,4161,1
492,STAD-MOV-000492,3116,2410,1
499,STAD-MOV-000499,404,178,1
502,STAD-MOV-000502,3642,3403,1
503,STAD-MOV-000503,140,72,0
504,STAD-MOV-000504,1136,922,1
505,STAD-MOV-000505,1293,1057,1
507,STAD-MOV-000507,3233,3025,1
508,STAD-MOV-000508,19489,18006,1
510,STAD-MOV-000510,879,704,1
511,STAD-MOV-000511,1665,1007,1
517,STAD-MOV-000517,3450,3013,1
519,STAD-MOV-000519,4812,4317,1
521,STAD-MOV-000521,2185,1922,1
522,STAD-MOV-000522,1264,813,1
523,STAD-MOV-000523,926,353,1
524,STAD-MOV-000524,7630,6454,1
525,STAD-MOV-000525,172,106,0
528,STAD-MOV-000528,913,610,1
531,STAD-MOV-000531,7459,6476,1
533,STAD-MOV-000533,3865,3282,1
535,STAD-MOV-000535,5576,4448,1
543,STAD-MOV-000543,12348,9738,1
544,STAD-MOV-000544,2168,2007,1
545,STAD-MOV-000545,50,9,0
546,STAD-MOV-000546,5554,5080,1
547,STAD-MOV-000547,807,589,1
549,STAD-MOV-000549,1450,817,1
554,STAD-MOV-000554,516,240,1
555,STAD-MOV-000555,15360,14989,1
556,STAD-MOV-000556,1219,300,1
560,STAD-MOV-000560,39,10,0
561,STAD-MOV-000561,223,54,0
564,STAD-MOV-000564,328,259,1
568,STAD-MOV-000568,389,191,1
575,STAD-MOV-000575,2553,2524,1
576,STAD-MOV-000576,25,11,0
577,STAD-MOV-000577,616,400,1
579,STAD-MOV-000579,38,12,0
584,STAD-MOV-000584,27,8,0
586,STAD-MOV-000586,28348,6775,1
588,STAD-MOV-000588,41842,41504,1
589,STAD-MOV-000589,52244,52112,1
592,STAD-MOV-000592,46054,45455,1
596,STAD-MOV-000596,12782,12456,1
600,STAD-MOV-000600,305,177,1
601,STAD-MOV-000601,113,4,0
606,STAD-MOV-000606,1514,1224,1
608,STAD-MOV-000608,43272,42386,1
609,STAD-MOV-000609,2430,2212,1
612,STAD-MOV-000612,1609,1095,1
614,STAD-MOV-000614,163,13,0
615,STAD-MOV-000615,637,162,1
616,STAD-MOV-000616,7892,7621,1
618,STAD-MOV-000618,360,230,1
623,STAD-MOV-000623,35,11,0
624,STAD-MOV-000624,47,19,0
626,STAD-MOV-000626,631,424,1
629,STAD-MOV-000629,24,3,0
631,STAD-MOV-000631,2193,1851,1
632,STAD-MOV-000632,342,201,1
637,STAD-MOV-000637,5791,4537,1
638,STAD-MOV-000638,581,326,1
639,STAD-MOV-000639,1147,782,1
641,STAD-MOV-000641,80,48,0
643,STAD-MOV-000643,23,5,0
645,STAD-MOV-000645,302,195,1
647,STAD-MOV-000647,7893,7001,1
650,STAD-MOV-000650,1368,975,1
656,STAD-MOV-000656,1198,841,1
657,STAD-MOV-000657,36,20,0
658,STAD-MOV-000658,49,8,0
659,STAD-MOV-000659,433,388,1
660,STAD-MOV-000660,120,58,0
661,STAD-MOV-000661,10228,9359,1
666,STAD-MOV-000666,164,153,1
667,STAD-MOV-000667,1061,783,1
668,STAD-MOV-000668,761,546,1
671,STAD-MOV-000671,6361,3473,1
674,STAD-MOV-000674,3286,2971,1
676,STAD-MOV-000676,28,4,0
680,STAD-MOV-000680,1108,897,1
681,STAD-MOV-000681,334,171,1
682,STAD-MOV-000682,64,16,0
683,STAD-MOV-000683,35,6,0
684,STAD-MOV-000684,21,4,0
688,STAD-MOV-000688,2963,1720,1
690,STAD-MOV-000690,82,12,0
691,STAD-MOV-000691,1172,868,1
702,STAD-MOV-000702,371,243,1
706,STAD-MOV-000706,251,158,1
707,STAD-MOV-000707,4627,3921,1
709,STAD-MOV-000709,2597,2495,1
711,STAD-MOV-000711,2120,1268,1
713,STAD-MOV-000713,135,100,0
717,STAD-MOV-000717,90,20,0
718,STAD-MOV-000718,903,825,1
721,STAD-MOV-000721,18,6,0
723,STAD-MOV-000723,33,0,0
724,STAD-MOV-000724,8538,8304,1
726,STAD-MOV-000726,536,326,1
727,STAD-MOV-000727,25,1,0
732,STAD-MOV-000732,234,124,0
734,STAD-MOV-000734,59,38,0
736,STAD-MOV-000736,32446,31417,1
737,STAD-MOV-000737,4519,3849,1
739,STAD-MOV-000739,12,8,0
743,STAD-MOV-000743,6112,5755,1
745,STAD-MOV-000745,12073,9587,1
746,STAD-MOV-000746,312,154,1
748,STAD-MOV-000748,5279,4867,1
752,STAD-MOV-000752,41,2,0
753,STAD-MOV-000753,520,264,1
755,STAD-MOV-000755,152,71,0
756,STAD-MOV-000756,113,28,0
760,STAD-MOV-000760,895,743,1
761,STAD-MOV-000761,3711,3243,1
765,STAD-MOV-000765,4812,3935,1
767,STAD-MOV-000767,304,192,1
770,STAD-MOV-000770,27,8,0
772,STAD-MOV-000772,34,5,0
776,STAD-MOV-000776,47,12,0
779,STAD-MOV-000779,520,349,1
784,STAD-MOV-000784,14379,13735,1
787,STAD-MOV-000787,89,9,0
788,STAD-MOV-000788,18799,17680,1
789,STAD-MOV-000789,47,9,0
790,STAD-MOV-000790,105,21,0
797,STAD-MOV-000797,114,34,0
798,STAD-MOV-000798,3056,2794,1
801,STAD-MOV-000801,1630,1192,1
802,STAD-MOV-000802,12539,11477,1
806,STAD-MOV-000806,563,237,1
807,STAD-MOV-000807,208,48,0
808,STAD-MOV-000808,820,497,1
810,STAD-MOV-000810,1882,1329,1
816,STAD-MOV-000816,73,24,0
818,STAD-MOV-000818,2847,2228,1
822,STAD-MOV-000822,35,6,0
824,STAD-MOV-000824,401,149,0
825,STAD-MOV-000825,21,1,0
826,STAD-MOV-000826,24,0,0
828,STAD-MOV-000828,1498,1142,1
830,STAD-MOV-000830,6585,5882,1
831,STAD-MOV-000831,221,68,0
832,STAD-MOV-000832,14347,12822,1
833,STAD-MOV-000833,1427,1026,1
834,STAD-MOV-000834,203,84,0
836,STAD-MOV-000836,4860,4679,1
838,STAD-MOV-000838,7938,6371,1
840,STAD-MOV-000840,667,443,1
841,STAD-MOV-000841,459,335,1
844,STAD-MOV-000844,169,3,0
846,STAD-MOV-000846,405,220,1
847,STAD-MOV-000847,114,40,0
848,STAD-MOV-000848,2062,1228,1
849,STAD-MOV-000849,8026,7509,1
850,STAD-MOV-000850,255,191,1
854,STAD-MOV-000854,210,92,0
857,STAD-MOV-000857,45,5,0
859,STAD-MOV-000859,15,9,0
860,STAD-MOV-000860,362,107,0
861,STAD-MOV-000861,2527,2326,1
862,STAD-MOV-000862,362,87,0
865,STAD-MOV-000865,100,30,0
866,STAD-MOV-000866,6230,5658,1
867,STAD-MOV-000867,335,175,1
868,STAD-MOV-000868,87,21,0
871,STAD-MOV-000871,60,13,0
876,STAD-MOV-000876,300,182,1
879,STAD-MOV-000879,2200,1948,1
880,STAD-MOV-000880,5420,4507,1
882,STAD-MOV-000882,820,580,1
884,STAD-MOV-000884,54,28,0
891,STAD-MOV-000891,1988,1762,1
893,STAD-MOV-000893,584,326,1
894,STAD-MOV-000894,28,3,0
896,STAD-MOV-000896,490,240,1
900,STAD-MOV-000900,3033,2608,1
905,STAD-MOV-000905,4184,3633,1
907,STAD-MOV-000907,898,516,1
909,STAD-MOV-000909,5125,4863,1
912,STAD-MOV-000912,24349,23735,1
915,STAD-MOV-000915,5029,4370,1
918,STAD-MOV-000918,1820,1480,1
919,STAD-MOV-000919,23445,23268,1
920,STAD-MOV-000920,14396,14180,1
921,STAD-MOV-000921,2442,1225,1
922,STAD-MOV-000922,6525,6289,1
924,STAD-MOV-000924,25253,25112,1
926,STAD-MOV-000926,4826,4404,1
932,STAD-MOV-000932,2122,1792,1
935,STAD-MOV-000935,628,468,1
937,STAD-MOV-000937,493,355,1
939,STAD-MOV-000939,103,18,0
940,STAD-MOV-000940,3876,3335,1
944,STAD-MOV-000944,1084,687,1
945,STAD-MOV-000945,2120,1564,1
947,STAD-MOV-000947,1739,1178,1
949,STAD-MOV-000949,2157,2028,1
950,STAD-MOV-000950,3358,2548,1
954,STAD-MOV-000954,5712,4781,1
956,STAD-MOV-000956,363,211,1
961,STAD-MOV-000961,252,89,0
962,STAD-MOV-000962,105,54,0
966,STAD-MOV-000966,124,77,0
968,STAD-MOV-000968,8029,7982,1
969,STAD-MOV-000969,10526,9056,1
972,STAD-MOV-000972,117,82,0
973,STAD-MOV-000973,942,677,1
979,STAD-MOV-000979,41,4,0
980,STAD-MOV-000980,117,78,0
985,STAD-MOV-000985,58,0,0
986,STAD-MOV-000986,2780,2338,1
991,STAD-MOV-000991,2500,1922,1
993,STAD-MOV-000993,239,144,0
994,STAD-MOV-000994,5299,4081,1
999,STAD-MOV-000999,3142,2745,1
1005,STAD-MOV-001005,2022,1630,1
1008,STAD-MOV-001008,788,555,1
1009,STAD-MOV-001009,2604,2074,1
1011,STAD-MOV-001011,1543,1186,1
1014,STAD-MOV-001014,1602,933,1
1015,STAD-MOV-001015,3501,3217,1
1020,STAD-MOV-001020,6597,5878,1
1021,STAD-MOV-001021,3503,2918,1
1024,STAD-MOV-001024,1085,924,1
1027,STAD-MOV-001027,7695,7425,1
1028,STAD-MOV-001028,14096,13530,1
1032,STAD-MOV-001032,7842,7713,1
1036,STAD-MOV-001036,30399,30214,1
1037,STAD-MOV-001037,7006,6077,1
1038,STAD-MOV-001038,233,119,0
1040,STAD-MOV-001040,152,97,0
1041,STAD-MOV-001041,5625,4719,1
1042,STAD-MOV-001042,8327,7779,1
1044,STAD-MOV-001044,506,267,1
1045,STAD-MOV-001045,46,33,0
1046,STAD-MOV-001046,1287,764,1
1047,STAD-MOV-001047,8522,7864,1
1050,STAD-MOV-001050,1737,1210,1
1051,STAD-MOV-001051,1352,1051,1
1052,STAD-MOV-001052,48,11,0
1055,STAD-MOV-001055,330,281,1
1060,STAD-MOV-001060,9846,7474,1
1064,STAD-MOV-001064,2954,2747,1
1065,STAD-MOV-001065,16,10,0
1073,STAD-MOV-001073,28335,27691,1
1076,STAD-MOV-001076,428,323,1
1077,STAD-MOV-001077,6853,5027,1
1081,STAD-MOV-001081,3925,3034,1
1084,STAD-MOV-001084,9533,8924,1
1085,STAD-MOV-001085,1285,809,1
1086,STAD-MOV-001086,5581,5200,1
1087,STAD-MOV-001087,276,50,0
1091,STAD-MOV-001091,5148,4485,1
1092,STAD-MOV-001092,10998,10934,1
1093,STAD-MOV-001093,7681,7060,1
1094,STAD-MOV-001094,12348,10331,1
1097,STAD-MOV-001097,32685,32278,1
1099,STAD-MOV-001099,2164,1242,1
1103,STAD-MOV-001103,5951,5442,1
1105,STAD-MOV-001105,922,666,1
1106,STAD-MOV-001106,38,3,0
1107,STAD-MOV-001107,83,41,0
1110,STAD-MOV-001110,29,8,0
1112,STAD-MOV-001112,386,191,1
1114,STAD-MOV-001114,486,371,1
1115,STAD-MOV-001115,39,6,0
1116,STAD-MOV-001116,167,108,0
1117,STAD-MOV-001117,222,148,0
1120,STAD-MOV-001120,9028,8270,1
1122,STAD-MOV-001122,17,9,0
1127,STAD-MOV-001127,17508,17050,1
1129,STAD-MOV-001129,8891,8554,1
1132,STAD-MOV-001132,3060,2472,1
1134,STAD-MOV-001134,57,10,0
1135,STAD-MOV-001135,3969,3041,1
1136,STAD-MOV-001136,33024,31601,1
1142,STAD-MOV-001142,64,32,0
1147,STAD-MOV-001147,3737,2855,1
1148,STAD-MOV-001148,15022,12682,1
1150,STAD-MOV-001150,1661,1094,1
1155,STAD-MOV-001155,10,6,0
1156,STAD-MOV-001156,42,22,0
1157,STAD-MOV-001157,32,8,0
1158,STAD-MOV-001158,13,3,0
1159,STAD-MOV-001159,19,3,0
1161,STAD-MOV-001161,1488,1342,1
1162,STAD-MOV-001162,785,492,1
1165,STAD-MOV-001165,36,0,0
1166,STAD-MOV-001166,40,20,0
1168,STAD-MOV-001168,201,145,0
1169,STAD-MOV-001169,312,14,0
1170,STAD-MOV-001170,162,138,0
1173,STAD-MOV-001173,2948,2652,1
1174,STAD-MOV-001174,99,52,0
1179,STAD-MOV-001179,6685,5039,1
1180,STAD-MOV-001180,473,172,1
1181,STAD-MOV-001181,101,67,0
1184,STAD-MOV-001184,1038,576,1
1185,STAD-MOV-001185,5642,4916,1
1186,STAD-MOV-001186,7099,6625,1
1190,STAD-MOV-001190,1537,1093,1
1191,STAD-MOV-001191,1617,1260,1
1192,STAD-MOV-001192,1054,754,1
1194,STAD-MOV-001194,2592,2094,1
1196,STAD-MOV-001196,45313,44716,1
1204,STAD-MOV-001204,12378,12148,1
1206,STAD-MOV-001206,24694,24440,1
1207,STAD-MOV-001207,14769,14174,1
1209,STAD-MOV-001209,4407,4354,1
1212,STAD-MOV-001212,6565,6129,1
1213,STAD-MOV-001213,26406,26305,1
1216,STAD-MOV-001216,1738,1640,1
1217,STAD-MOV-001217,4824,4646,1
1220,STAD-MOV-001220,19824,18934,1
1221,STAD-MOV-001221,27398,27334,1
1222,STAD-MOV-001222,21926,21586,1
1226,STAD-MOV-001226,2220,1914,1
1230,STAD-MOV-001230,15383,13967,1
1231,STAD-MOV-001231,7902,7149,1
1232,STAD-MOV-001232,1663,1572,1
1233,STAD-MOV-001233,13612,12978,1
1234,STAD-MOV-001234,14926,14315,1
1235,STAD-MOV-001235,8066,6820,1
1240,STAD-MOV-001240,33429,33403,1
1246,STAD-MOV-001246,20538,20481,1
1250,STAD-MOV-001250,12576,11702,1
1255,STAD-MOV-001255,1963,1102,1
1260,STAD-MOV-001260,4232,3655,1
1261,STAD-MOV-001261,7788,7410,1
1264,STAD-MOV-001264,2649,2063,1
1267,STAD-MOV-001267,8988,7840,1
1269,STAD-MOV-001269,6894,5791,1
1273,STAD-MOV-001273,2645,1827,1
1277,STAD-MOV-001277,4099,2744,1
1279,STAD-MOV-001279,2377,1916,1
1286,STAD-MOV-001286,2165,1783,1
1288,STAD-MOV-001288,16054,14295,1
1289,STAD-MOV-001289,2748,2051,1
1290,STAD-MOV-001290,2430,1991,1
1291,STAD-MOV-001291,31280,30789,1
1292,STAD-MOV-001292,6355,5344,1
1296,STAD-MOV-001296,6556,5652,1
1298,STAD-MOV-001298,6138,5351,1
1303,STAD-MOV-001303,3607,2927,1
1307,STAD-MOV-001307,21888,21200,1
1309,STAD-MOV-001309,31,9,0
1311,STAD-MOV-001311,148,79,0
1313,STAD-MOV-001313,107,50,0
1315,STAD-MOV-001315,65,12,0
1316,STAD-MOV-001316,48,26,0
1318,STAD-MOV-001318,171,99,0
1320,STAD-MOV-001320,13401,13062,1
1322,STAD-MOV-001322,283,181,1
1323,STAD-MOV-001323,424,352,1
1325,STAD-MOV-001325,272,170,1
1331,STAD-MOV-001331,397,227,1
1332,STAD-MOV-001332,733,496,1
1334,STAD-MOV-001334,2769,2042,1
1335,STAD-MOV-001335,207,152,1
1339,STAD-MOV-001339,10022,9890,1
1340,STAD-MOV-001340,2231,1849,1
1347,STAD-MOV-001347,7450,7388,1
1350,STAD-MOV-001350,5420,5077,1
1357,STAD-MOV-001357,8043,6040,1
1358,STAD-MOV-001358,13451,11494,1
1370,STAD-MOV-001370,15579,15373,1
1371,STAD-MOV-001371,9758,9217,1
1373,STAD-MOV-001373,7427,6781,1
1378,STAD-MOV-001378,6755,6360,1
1379,STAD-MOV-001379,3010,2613,1
1382,STAD-MOV-001382,998,867,1
1383,STAD-MOV-001383,142,96,0
1384,STAD-MOV-001384,127,76,0
1385,STAD-MOV-001385,6053,5810,1
1387,STAD-MOV-001387,22168,22070,1
1391,STAD-MOV-001391,17230,16738,1
1395,STAD-MOV-001395,2269,1422,1
1397,STAD-MOV-001397,615,542,1
1398,STAD-MOV-001398,833,709,1
1400,STAD-MOV-001400,32,5,0
1401,STAD-MOV-001401,1483,1055,1
1407,STAD-MOV-001407,16067,15931,1
1409,STAD-MOV-001409,5998,4395,1
1412,STAD-MOV-001412,278,197,1
1414,STAD-MOV-001414,1648,891,1
1415,STAD-MOV-001415,271,157,1
1417,STAD-MOV-001417,753,613,1
1421,STAD-MOV-001421,194,93,0
1422,STAD-MOV-001422,2820,2432,1
1430,STAD-MOV-001430,200,96,0
1436,STAD-MOV-001436,68,29,0
1438,STAD-MOV-001438,5933,5689,1
1441,STAD-MOV-001441,5970,4893,1
1443,STAD-MOV-001443,23,0,0
1446,STAD-MOV-001446,2237,1433,1
1447,STAD-MOV-001447,599,408,1
1448,STAD-MOV-001448,50,4,0
1449,STAD-MOV-001449,5957,3452,1
1453,STAD-MOV-001453,1560,1308,1
1457,STAD-MOV-001457,2747,2454,1
1458,STAD-MOV-001458,224,60,0
1462,STAD-MOV-001462,20,3,0
1465,STAD-MOV-001465,999,673,1
1468,STAD-MOV-001468,1146,828,1
1470,STAD-MOV-001470,53,11,0
1471,STAD-MOV-001471,91,20,0
1473,STAD-MOV-001473,231,111,0
1475,STAD-MOV-001475,779,486,1
1479,STAD-MOV-001479,7896,7286,1
1480,STAD-MOV-001480,1921,1486,1
1485,STAD-MOV-001485,16832,16444,1
1487,STAD-MOV-001487,1608,1226,1
1489,STAD-MOV-001489,393,333,1
1490,STAD-MOV-001490,320,228,1
1495,STAD-MOV-001495,715,574,1
1497,STAD-MOV-001497,705,598,1
1499,STAD-MOV-001499,5781,5506,1
1501,STAD-MOV-001501,191,100,0
1502,STAD-MOV-001502,246,29,0
1503,STAD-MOV-001503,1287,969,1
1504,STAD-MOV-001504,137,34,0
1507,STAD-MOV-001507,372,212,1
1509,STAD-MOV-001509,189,46,0
1515,STAD-MOV-001515,3577,3290,1
1516,STAD-MOV-001516,464,207,1
1523,STAD-MOV-001523,351,257,1
1524,STAD-MOV-001524,20,3,0
1527,STAD-MOV-001527,27660,27547,1
1532,STAD-MOV-001532,62,24,0
1543,STAD-MOV-001543,72,7,0
1544,STAD-MOV-001544,14530,701,1
1545,STAD-MOV-001545,624,265,1
1547,STAD-MOV-001547,259,93,0
1551,STAD-MOV-001551,311,161,1
1555,STAD-MOV-001555,68,14,0
1562,STAD-MOV-001562,9144,9008,1
1563,STAD-MOV-001563,216,77,0
1566,STAD-MOV-001566,5024,4963,1
1569,STAD-MOV-001569,9955,8956,1
1575,STAD-MOV-001575,151,32,0
1577,STAD-MOV-001577,35,3,0
1578,STAD-MOV-001578,19,2,0
1579,STAD-MOV-001579,33,10,0
1580,STAD-MOV-001580,35580,35306,1
1585,STAD-MOV-001585,207,22,0
1586,STAD-MOV-001586,6692,5941,1
1589,STAD-MOV-001589,5044,4559,1
1592,STAD-MOV-001592,1375,1186,1
1593,STAD-MOV-001593,1583,1302,1
1598,STAD-MOV-001598,893,756,1
1601,STAD-MOV-001601,637,536,1
1602,STAD-MOV-001602,424,236,1
1609,STAD-MOV-001609,696,593,1
1611,STAD-MOV-001611,2528,2259,1
1612,STAD-MOV-001612,443,130,0
1613,STAD-MOV-001613,253,71,0
1614,STAD-MOV-001614,4529,3800,1
1619,STAD-MOV-001619,4702,4558,1
1622,STAD-MOV-001622,57,31,0
1627,STAD-MOV-001627,2562,2047,1
1630,STAD-MOV-001630,18,9,0
1639,STAD-MOV-001639,13933,12345,1
1640,STAD-MOV-001640,502,225,1
1641,STAD-MOV-001641,15323,12917,1
1642,STAD-MOV-001642,693,257,1
1644,STAD-MOV-001644,7418,7128,1
1646,STAD-MOV-001646,795,604,1
1647,STAD-MOV-001647,677,544,1
1649,STAD-MOV-001649,1473,258,1
1653,STAD-MOV-001653,18573,17723,1
1656,STAD-MOV-001656,127,92,0
1659,STAD-MOV-001659,92,8,0
1661,STAD-MOV-001661,611,502,1
1662,STAD-MOV-001662,209,177,1
1666,STAD-MOV-001666,138,88,0
1667,STAD-MOV-001667,1058,748,1
1668,STAD-MOV-001668,290,217,1
1672,STAD-MOV-001672,3807,3515,1
1674,STAD-MOV-001674,11164,9719,1
1677,STAD-MOV-001677,168,102,0
1680,STAD-MOV-001680,6854,5782,1
1686,STAD-MOV-001686,953,853,1
1696,STAD-MOV-001696,251,153,1
1699,STAD-MOV-001699,1163,629,1
1702,STAD-MOV-001702,3849,3508,1
1706,STAD-MOV-001706,13,2,0
1708,STAD-MOV-001708,15,3,0
1709,STAD-MOV-001709,19,9,0
1713,STAD-MOV-001713,2267,2105,1
1718,STAD-MOV-001718,46,15,0
1719,STAD-MOV-001719,3756,2507,1
1725,STAD-MOV-001725,142,74,0
1727,STAD-MOV-001727,2181,2047,1
1732,STAD-MOV-001732,20725,20473,1
1733,STAD-MOV-001733,550,192,1
1734,STAD-MOV-001734,1854,970,1
1739,STAD-MOV-001739,623,404,1
1740,STAD-MOV-001740,14,0,0
1746,STAD-MOV-001746,390,293,1
1750,STAD-MOV-001750,353,141,0
1754,STAD-MOV-001754,3738,3507,1
1764,STAD-MOV-001764,12,0,0
1767,STAD-MOV-001767,217,161,1
1768,STAD-MOV-001768,37,9,0
1771,STAD-MOV-001771,352,236,1
1773,STAD-MOV-001773,108,73,0
1777,STAD-MOV-001777,13384,11735,1
1779,STAD-MOV-001779,5972,5589,1
1784,STAD-MOV-001784,21684,20899,1
1787,STAD-MOV-001787,22,0,0
1788,STAD-MOV-001788,683,147,0
1791,STAD-MOV-001791,497,368,1
1796,STAD-MOV-001796,37,19,0
1798,STAD-MOV-001798,303,210,1
1799,STAD-MOV-001799,2199,1474,1
1805,STAD-MOV-001805,7494,7193,1
1806,STAD-MOV-001806,1018,889,1
1810,STAD-MOV-001810,3916,3213,1
1811,STAD-MOV-001811,82,23,0
1815,STAD-MOV-001815,9,2,0
1817,STAD-MOV-001817,87,38,0
1822,STAD-MOV-001822,169,92,0
1825,STAD-MOV-001825,202,121,0
1826,STAD-MOV-001826,419,224,1
1829,STAD-MOV-001829,278,196,1
1831,STAD-MOV-001831,7463,6945,1
1832,STAD-MOV-001832,48,23,0
1834,STAD-MOV-001834,4521,2669,1
1835,STAD-MOV-001835,4823,4637,1
1839,STAD-MOV-001839,522,283,1
1841,STAD-MOV-001841,750,441,1
1848,STAD-MOV-001848,1457,1275,1
1850,STAD-MOV-001850,104,38,0
1851,STAD-MOV-001851,14,5,0
1852,STAD-MOV-001852,13,8,0
1853,STAD-MOV-001853,160,121,0
1856,STAD-MOV-001856,597,60,0
1859,STAD-MOV-001859,375,316,1
1867,STAD-MOV-001867,261,141,0
1873,STAD-MOV-001873,2702,2277,1
1875,STAD-MOV-001875,1054,531,1
1876,STAD-MOV-001876,11639,11436,1
1877,STAD-MOV-001877,47,16,0
1879,STAD-MOV-001879,242,46,0
1880,STAD-MOV-001880,283,176,1
1881,STAD-MOV-001881,603,533,1
1883,STAD-MOV-001883,5085,3748,1
1885,STAD-MOV-001885,4349,3629,1
1886,STAD-MOV-001886,73,46,0
1887,STAD-MOV-001887,560,407,1
1891,STAD-MOV-001891,101,13,0
1892,STAD-MOV-001892,4181,3969,1
1896,STAD-MOV-001896,274,248,1
1897,STAD-MOV-001897,1044,782,1
1900,STAD-MOV-001900,712,532,1
1901,STAD-MOV-001901,72,17,0
1902,STAD-MOV-001902,281,154,1
1903,STAD-MOV-001903,57,9,0
1910,STAD-MOV-001910,310,83,0
1911,STAD-MOV-001911,6762,6252,1
1912,STAD-MOV-001912,7885,7096,1
1913,STAD-MOV-001913,1742,1319,1
1916,STAD-MOV-001916,2978,2611,1
1918,STAD-MOV-001918,8505,8210,1
1923,STAD-MOV-001923,24582,23882,1
1925,STAD-MOV-001925,323,222,1
1926,STAD-MOV-001926,182,84,0
1927,STAD-MOV-001927,2600,2334,1
1928,STAD-MOV-001928,162,69,0
1930,STAD-MOV-001930,72,22,0
1931,STAD-MOV-001931,1901,1558,1
1934,STAD-MOV-001934,861,702,1
1936,STAD-MOV-001936,731,593,1
1937,STAD-MOV-001937,551,320,1
1938,STAD-MOV-001938,1090,857,1
1939,STAD-MOV-001939,1834,1536,1
1940,STAD-MOV-001940,708,418,1
1941,STAD-MOV-001941,834,546,1
1943,STAD-MOV-001943,532,426,1
1944,STAD-MOV-001944,2941,2536,1
1953,STAD-MOV-001953,8571,7905,1
1956,STAD-MOV-001956,4370,3892,1
1957,STAD-MOV-001957,6721,5903,1
1959,STAD-MOV-001959,5016,4567,1
1964,STAD-MOV-001964,2284,1684,1
1965,STAD-MOV-001965,6176,4850,1
1967,STAD-MOV-001967,8305,7914,1
1968,STAD-MOV-001968,21158,20190,1
1971,STAD-MOV-001971,1743,1564,1
1972,STAD-MOV-001972,1416,1272,1
1973,STAD-MOV-001973,1358,1286,1
1976,STAD-MOV-001976,1350,1249,1
1979,STAD-MOV-001979,1191,1125,1
1983,STAD-MOV-001983,1626,1523,1
1989,STAD-MOV-001989,182,90,0
1993,STAD-MOV-001993,956,913,1
1997,STAD-MOV-001997,13359,13253,1
2000,STAD-MOV-002000,17620,17427,1
2001,STAD-MOV-002001,13080,12774,1
2010,STAD-MOV-002010,5437,4943,1
2011,STAD-MOV-002011,19446,19411,1
2013,STAD-MOV-002013,5171,4641,1
2014,STAD-MOV-002014,1848,1514,1
2019,STAD-MOV-002019,11611,11413,1
2024,STAD-MOV-002024,816,405,1
2027,STAD-MOV-002027,1047,790,1
2028,STAD-MOV-002028,37110,36983,1
2031,STAD-MOV-002031,256,196,1
2032,STAD-MOV-002032,238,100,0
2037,STAD-MOV-002037,425,219,1
2041,STAD-MOV-002041,856,342,1
2042,STAD-MOV-002042,2413,2074,1
2045,STAD-MOV-002045,416,333,1
2046,STAD-MOV-002046,5213,4545,1
2047,STAD-MOV-002047,157,62,0
2049,STAD-MOV-002049,204,110,0
2053,STAD-MOV-002053,4509,3936,1
2058,STAD-MOV-002058,8680,8452,1
2060,STAD-MOV-002060,2514,1985,1
2061,STAD-MOV-002061,130,65,0
2063,STAD-MOV-002063,78,9,0
2065,STAD-MOV-002065,3925,3314,1
2067,STAD-MOV-002067,5685,5123,1
2070,STAD-MOV-002070,1756,1282,1
2071,STAD-MOV-002071,1386,1077,1
2072,STAD-MOV-002072,3220,2997,1
2077,STAD-MOV-002077,1055,802,1
2081,STAD-MOV-002081,14294,14205,1
2085,STAD-MOV-002085,7784,7606,1
2087,STAD-MOV-002087,7075,6841,1
2088,STAD-MOV-002088,3539,3018,1
2095,STAD-MOV-002095,786,579,1
2098,STAD-MOV-002098,468,272,1
2099,STAD-MOV-002099,1376,1140,1
2105,STAD-MOV-002105,10076,9363,1
2107,STAD-MOV-002107,2143,1956,1
2110,STAD-MOV-002110,2562,2050,1
2111,STAD-MOV-002111,2222,1658,1
2116,STAD-MOV-002116,5175,4717,1
2117,STAD-MOV-002117,3407,3166,1
2119,STAD-MOV-002119,1260,1115,1
2120,STAD-MOV-002120,1571,1380,1
2121,STAD-MOV-002121,1915,1603,1
2125,STAD-MOV-002125,5655,5183,1
2131,STAD-MOV-002131,481,393,1
2132,STAD-MOV-002132,3083,2781,1
2136,STAD-MOV-002136,2883,2426,1
2138,STAD-MOV-002138,2803,2311,1
2140,STAD-MOV-002140,7980,7151,1
2141,STAD-MOV-002141,4551,4134,1
2143,STAD-MOV-002143,3100,2946,1
2144,STAD-MOV-002144,8453,7580,1
2152,STAD-MOV-002152,751,541,1
2153,STAD-MOV-002153,2684,2367,1
2154,STAD-MOV-002154,1062,848,1
2155,STAD-MOV-002155,1863,1368,1
2160,STAD-MOV-002160,7665,7372,1
2161,STAD-MOV-002161,10169,9696,1
2162,STAD-MOV-002162,2086,1732,1
2163,STAD-MOV-002163,1803,1231,1
2164,STAD-MOV-002164,213,123,0
2167,STAD-MOV-002167,11401,11174,1
2169,STAD-MOV-002169,1089,775,1
2170,STAD-MOV-002170,880,745,1
2172,STAD-MOV-002172,105,79,0
2176,STAD-MOV-002176,2866,2677,1
2180,STAD-MOV-002180,557,476,1
2181,STAD-MOV-002181,1078,865,1
2183,STAD-MOV-002183,2278,2102,1
2185,STAD-MOV-002185,300,249,1
2186,STAD-MOV-002186,5154,4712,1
2188,STAD-MOV-002188,2181,1904,1
2193,STAD-MOV-002193,9217,8432,1
2194,STAD-MOV-002194,15442,15269,1
2196,STAD-MOV-002196,320,245,1
2198,STAD-MOV-002198,58,2,0
2199,STAD-MOV-002199,67,40,0
2206,STAD-MOV-002206,1424,1079,1
2209,STAD-MOV-002209,169,92,0
2210,STAD-MOV-002210,552,363,1
2211,STAD-MOV-002211,246,152,1
2213,STAD-MOV-002213,17,3,0
2216,STAD-MOV-002216,43,16,0
2217,STAD-MOV-002217,8,7,0
2221,STAD-MOV-002221,192,127,0
2223,STAD-MOV-002223,37,9,0
2229,STAD-MOV-002229,10,1,0
2230,STAD-MOV-002230,13,7,0
2231,STAD-MOV-002231,6759,6030,1
2232,STAD-MOV-002232,6090,5556,1
2235,STAD-MOV-002235,32,15,0
2239,STAD-MOV-002239,685,409,1
2241,STAD-MOV-002241,687,533,1
2243,STAD-MOV-002243,5918,4913,1
2246,STAD-MOV-002246,65,29,0
2249,STAD-MOV-002249,1784,1346,1
2250,STAD-MOV-002250,396,251,1
2251,STAD-MOV-002251,8,1,0
2252,STAD-MOV-002252,1609,1297,1
2255,STAD-MOV-002255,481,379,1
2262,STAD-MOV-002262,2298,1855,1
2267,STAD-MOV-002267,554,449,1
2268,STAD-MOV-002268,15211,14936,1
2271,STAD-MOV-002271,527,328,1
2272,STAD-MOV-002272,897,648,1
2275,STAD-MOV-002275,661,267,1
2276,STAD-MOV-002276,367,161,1
2279,STAD-MOV-002279,2495,2248,1
2281,STAD-MOV-002281,99,39,0
2282,STAD-MOV-002282,2282,1591,1
2283,STAD-MOV-002283,494,283,1
2284,STAD-MOV-002284,353,205,1
2286,STAD-MOV-002286,249,135,0
2287,STAD-MOV-002287,1528,1211,1
2290,STAD-MOV-002290,989,702,1
2291,STAD-MOV-002291,21394,21234,1
2297,STAD-MOV-002297,3930,3672,1
2301,STAD-MOV-002301,4313,2725,1
2304,STAD-MOV-002304,104,52,0
2307,STAD-MOV-002307,202,66,0
2313,STAD-MOV-002313,6813,6418,1
2316,STAD-MOV-002316,2537,2536,1
2321,STAD-MOV-002321,13627,11751,1
2322,STAD-MOV-002322,2181,1937,1
2323,STAD-MOV-002323,234,6,0
2327,STAD-MOV-002327,660,579,1
2328,STAD-MOV-002328,1606,1394,1
2332,STAD-MOV-002332,164,120,0
2334,STAD-MOV-002334,2960,2687,1
2338,STAD-MOV-002338,4220,4011,1
2341,STAD-MOV-002341,289,146,0
2345,STAD-MOV-002345,254,91,0
2346,STAD-MOV-002346,2173,1608,1
2347,STAD-MOV-002347,634,439,1
2358,STAD-MOV-002358,119,84,0
2365,STAD-MOV-002365,858,518,1
2368,STAD-MOV-002368,423,372,1
2369,STAD-MOV-002369,5410,4277,1
2370,STAD-MOV-002370,958,641,1
2371,STAD-MOV-002371,6298,4956,1
2372,STAD-MOV-002372,1861,1233,1
2375,STAD-MOV-002375,3768,3517,1
2376,STAD-MOV-002376,3462,3359,1
2377,STAD-MOV-002377,1080,962,1
2380,STAD-MOV-002380,2765,2551,1
2381,STAD-MOV-002381,2722,2478,1
2383,STAD-MOV-002383,2155,1941,1
2386,STAD-MOV-002386,591,135,0
2387,STAD-MOV-002387,2220,1832,1
2388,STAD-MOV-002388,160,95,0
2389,STAD-MOV-002389,2829,2426,1
2392,STAD-MOV-002392,1520,1308,1
2395,STAD-MOV-002395,13780,12001,1
2397,STAD-MOV-002397,162,56,0
2406,STAD-MOV-002406,13553,12585,1
2408,STAD-MOV-002408,1882,1539,1
2416,STAD-MOV-002416,2636,2278,1
2421,STAD-MOV-002421,5988,5698,1
2424,STAD-MOV-002424,11286,11240,1
2425,STAD-MOV-002425,586,336,1
2426,STAD-MOV-002426,162,86,0
2434,STAD-MOV-002434,271,143,0
2435,STAD-MOV-002435,667,337,1
2437,STAD-MOV-002437,778,585,1
2438,STAD-MOV-002438,12,4,0
2439,STAD-MOV-002439,1620,1162,1
2443,STAD-MOV-002443,1235,991,1
2444,STAD-MOV-002444,78,31,0
2447,STAD-MOV-002447,2866,2190,1
2452,STAD-MOV-002452,94,34,0
2453,STAD-MOV-002453,1203,1139,1
2454,STAD-MOV-002454,3481,2879,1
2455,STAD-MOV-002455,10174,10139,1
2457,STAD-MOV-002457,1354,1073,1
2460,STAD-MOV-002460,809,784,1
2464,STAD-MOV-002464,129,86,0
2466,STAD-MOV-002466,84,11,0
2467,STAD-MOV-002467,5436,5160,1
2468,STAD-MOV-002468,2944,2260,1
2476,STAD-MOV-002476,2045,1842,1
2479,STAD-MOV-002479,308,163,1
2487,STAD-MOV-002487,107,17,0
2489,STAD-MOV-002489,19,6,0
2495,STAD-MOV-002495,845,566,1
2498,STAD-MOV-002498,865,735,1
2500,STAD-MOV-002500,1021,877,1
2501,STAD-MOV-002501,7378,6660,1
2503,STAD-MOV-002503,115,9,0
2504,STAD-MOV-002504,1568,1257,1
2506,STAD-MOV-002506,1351,1072,1
2509,STAD-MOV-002509,161,69,0
2510,STAD-MOV-002510,72,34,0
2513,STAD-MOV-002513,3364,3257,1
2516,STAD-MOV-002516,398,325,1
2519,STAD-MOV-002519,785,631,1
2520,STAD-MOV-002520,1501,1172,1
2524,STAD-MOV-002524,1972,1731,1
2527,STAD-MOV-002527,4163,3598,1
2529,STAD-MOV-002529,12702,12407,1
2530,STAD-MOV-002530,2425,2231,1
2531,STAD-MOV-002531,2044,1864,1
2533,STAD-MOV-002533,3421,3062,1
2535,STAD-MOV-002535,702,563,1
2536,STAD-MOV-002536,309,255,1
2539,STAD-MOV-002539,9052,8378,1
2540,STAD-MOV-002540,1068,937,1
2541,STAD-MOV-002541,8529,8227,1
2545,STAD-MOV-002545,129,64,0
2546,STAD-MOV-002546,1032,880,1
2547,STAD-MOV-002547,9,1,0
2548,STAD-MOV-002548,818,722,1
2551,STAD-MOV-002551,1785,1539,1
2552,STAD-MOV-002552,288,203,1
2554,STAD-MOV-002554,756,501,1
2555,STAD-MOV-002555,1399,1177,1
2556,STAD-MOV-002556,46,17,0
2558,STAD-MOV-002558,2027,1778,1
2561,STAD-MOV-002561,1129,972,1
2563,STAD-MOV-002563,885,779,1
2565,STAD-MOV-002565,3726,3134,1
2567,STAD-MOV-002567,3913,2868,1
2569,STAD-MOV-002569,52,18,0
2575,STAD-MOV-002575,1372,488,1
2576,STAD-MOV-002576,32,11,0
2580,STAD-MOV-002580,8554,7586,1
2585,STAD-MOV-002585,597,323,1
2587,STAD-MOV-002587,891,772,1
2589,STAD-MOV-002589,352,214,1
2590,STAD-MOV-002590,604,362,1
2591,STAD-MOV-002591,31,11,0
2596,STAD-MOV-002596,1517,995,1
2597,STAD-MOV-002597,486,298,1
2601,STAD-MOV-002601,15,4,0
2602,STAD-MOV-002602,54,29,0
2603,STAD-MOV-002603,32,1,0
2604,STAD-MOV-002604,29,1,0
2606,STAD-MOV-002606,1880,1700,1
2612,STAD-MOV-002612,1103,790,1
2614,STAD-MOV-002614,294,215,1
2617,STAD-MOV-002617,16761,16686,1
2618,STAD-MOV-002618,1214,711,1
2622,STAD-MOV-002622,3625,3039,1
2624,STAD-MOV-002624,762,528,1
2627,STAD-MOV-002627,110,7,0
2629,STAD-MOV-002629,886,570,1
2631,STAD-MOV-002631,36,12,0
2632,STAD-MOV-002632,129,80,0
2638,STAD-MOV-002638,178,101,0
2644,STAD-MOV-002644,2074,1811,1
2647,STAD-MOV-002647,271,148,0
2648,STAD-MOV-002648,3361,2820,1
2649,STAD-MOV-002649,362,291,1
2653,STAD-MOV-002653,224,107,0
2658,STAD-MOV-002658,43,8,0
2660,STAD-MOV-002660,1018,809,1
2662,STAD-MOV-002662,4827,4243,1
2669,STAD-MOV-002669,489,315,1
2673,STAD-MOV-002673,108,108,0
2676,STAD-MOV-002676,1972,1585,1
2681,STAD-MOV-002681,452,113,0
2682,STAD-MOV-002682,770,305,1
2683,STAD-MOV-002683,24651,23977,1
2684,STAD-MOV-002684,29,2,0
2685,STAD-MOV-002685,55,1,0
2686,STAD-MOV-002686,5834,4648,1
2687,STAD-MOV-002687,5158,5086,1
2688,STAD-MOV-002688,5742,5146,1
2690,STAD-MOV-002690,2920,2270,1
2692,STAD-MOV-002692,17029,15682,1
2695,STAD-MOV-002695,104,17,0
2696,STAD-MOV-002696,1181,950,1
2697,STAD-MOV-002697,388,204,1
2699,STAD-MOV-002699,13866,10892,1
2705,STAD-MOV-002705,115,56,0
2714,STAD-MOV-002714,583,301,1
2715,STAD-MOV-002715,131,73,0
2716,STAD-MOV-002716,29381,29058,1
2719,STAD-MOV-002719,4677,4271,1
2721,STAD-MOV-002721,640,387,1
2724,STAD-MOV-002724,8159,7635,1
2725,STAD-MOV-002725,681,217,1
2729,STAD-MOV-002729,3033,2724,1
2735,STAD-MOV-002735,3871,3515,1
2739,STAD-MOV-002739,5566,4972,1
2740,STAD-MOV-002740,75,49,0
2743,STAD-MOV-002743,93,22,0
2746,STAD-MOV-002746,8347,7811,1
2750,STAD-MOV-002750,2225,1793,1
2751,STAD-MOV-002751,331,143,0
2753,STAD-MOV-002753,320,241,1
2754,STAD-MOV-002754,69,11,0
2755,STAD-MOV-002755,176,88,0
2757,STAD-MOV-002757,767,461,1
2761,STAD-MOV-002761,8407,8298,1
2762,STAD-MOV-002762,39028,38798,1
2764,STAD-MOV-002764,2727,2276,1
2766,STAD-MOV-002766,270,128,0
2769,STAD-MOV-002769,681,595,1
2770,STAD-MOV-002770,9667,7304,1
2773,STAD-MOV-002773,92,25,0
2776,STAD-MOV-002776,122,26,0
2777,STAD-MOV-002777,77,13,0
2778,STAD-MOV-002778,180,123,0
2781,STAD-MOV-002781,349,188,1
2783,STAD-MOV-002783,113,73,0
2785,STAD-MOV-002785,114,60,0
2787,STAD-MOV-002787,1072,902,1
2788,STAD-MOV-002788,5816,4530,1
2791,STAD-MOV-002791,18866,18719,1
2793,STAD-MOV-002793,2181,1958,1
2794,STAD-MOV-002794,3183,2808,1
2795,STAD-MOV-002795,5899,5625,1
2797,STAD-MOV-002797,19506,18566,1
2798,STAD-MOV-002798,1703,1526,1
2800,STAD-MOV-002800,287,224,1
2802,STAD-MOV-002802,2049,1704,1
2803,STAD-MOV-002803,4705,4488,1
2804,STAD-MOV-002804,12934,10877,1
2808,STAD-MOV-002808,4065,3894,1
2809,STAD-MOV-002809,268,100,0
2811,STAD-MOV-002811,34,15,0
2814,STAD-MOV-002814,84,31,0
2816,STAD-MOV-002816,976,606,1
2819,STAD-MOV-002819,3440,2993,1
2820,STAD-MOV-002820,334,190,1
2825,STAD-MOV-002825,58,10,0
2828,STAD-MOV-002828,948,646,1
2833,STAD-MOV-002833,166,51,0
2837,STAD-MOV-002837,192,103,0
2842,STAD-MOV-002842,398,259,1
2847,STAD-MOV-002847,362,258,1
2848,STAD-MOV-002848,394,255,1
2854,STAD-MOV-002854,68,9,0
2856,STAD-MOV-002856,480,261,1
2860,STAD-MOV-002860,1745,1674,1
2866,STAD-MOV-002866,1407,915,1
2867,STAD-MOV-002867,2023,1850,1
2869,STAD-MOV-002869,51,5,0
2871,STAD-MOV-002871,8478,7453,1
2873,STAD-MOV-002873,212,144,0
2874,STAD-MOV-002874,448,126,0
2877,STAD-MOV-002877,1682,1303,1
2881,STAD-MOV-002881,7448,7139,1
2882,STAD-MOV-002882,952,709,1
2887,STAD-MOV-002887,109,47,0
2888,STAD-MOV-002888,1086,870,1
2889,STAD-MOV-002889,1877,1327,1
2890,STAD-MOV-002890,12045,11270,1
2895,STAD-MOV-002895,18,4,0
2897,STAD-MOV-002897,183,127,0
2902,STAD-MOV-002902,1093,919,1
2904,STAD-MOV-002904,147,46,0
2907,STAD-MOV-002907,1547,1009,1
2909,STAD-MOV-002909,21,1,0
2910,STAD-MOV-002910,53,16,0
2911,STAD-MOV-002911,91,8,0
2912,STAD-MOV-002912,3349,2885,1
2913,STAD-MOV-002913,209,103,0
2914,STAD-MOV-002914,129,82,0
2916,STAD-MOV-002916,20791,20440,1
2917,STAD-MOV-002917,3816,3415,1
2918,STAD-MOV-002918,23317,22327,1
2920,STAD-MOV-002920,1048,827,1
2923,STAD-MOV-002923,134,25,0
2925,STAD-MOV-002925,805,692,1
2926,STAD-MOV-002926,3320,2919,1
2927,STAD-MOV-002927,913,802,1
2928,STAD-MOV-002928,524,388,1
2930,STAD-MOV-002930,93,15,0
2931,STAD-MOV-002931,345,236,1
2932,STAD-MOV-002932,1358,1167,1
2933,STAD-MOV-002933,124,82,0
2937,STAD-MOV-002937,879,580,1
2938,STAD-MOV-002938,271,104,0
2940,STAD-MOV-002940,1008,801,1
2942,STAD-MOV-002942,3690,3461,1
2943,STAD-MOV-002943,1070,869,1
2944,STAD-MOV-002944,7140,6626,1
2945,STAD-MOV-002945,145,32,0
2951,STAD-MOV-002951,6591,6394,1
2956,STAD-MOV-002956,915,709,1
2957,STAD-MOV-002957,20,5,0
2960,STAD-MOV-002960,86,84,0
2962,STAD-MOV-002962,460,315,1
2964,STAD-MOV-002964,223,96,0
2966,STAD-MOV-002966,3691,3417,1
2967,STAD-MOV-002967,834,662,1
2970,STAD-MOV-002970,1279,1045,1
2971,STAD-MOV-002971,2268,2011,1
2972,STAD-MOV-002972,507,262,1
2973,STAD-MOV-002973,3946,2967,1
2974,STAD-MOV-002974,622,416,1
2975,STAD-MOV-002975,601,413,1
2976,STAD-MOV-002976,3614,3233,1
2978,STAD-MOV-002978,997,677,1
2983,STAD-MOV-002983,699,501,1
2985,STAD-MOV-002985,14157,13754,1
2986,STAD-MOV-002986,4975,4519,1
2989,STAD-MOV-002989,4005,3831,1
2991,STAD-MOV-002991,4892,4696,1
2996,STAD-MOV-002996,742,546,1
2997,STAD-MOV-002997,27160,25962,1
3000,STAD-MOV-003000,9564,9502,1
3003,STAD-MOV-003003,166,110,0
3006,STAD-MOV-003006,8802,8174,1
3011,STAD-MOV-003011,1072,898,1
3014,STAD-MOV-003014,243,95,0
3017,STAD-MOV-003017,685,571,1
3019,STAD-MOV-003019,3772,3263,1
3020,STAD-MOV-003020,6313,6166,1
3022,STAD-MOV-003022,2224,1888,1
3024,STAD-MOV-003024,976,822,1
3025,STAD-MOV-003025,57,28,0
3026,STAD-MOV-003026,73,26,0
3036,STAD-MOV-003036,1124,1012,1
3037,STAD-MOV-003037,4033,3067,1
3041,STAD-MOV-003041,467,300,1
3043,STAD-MOV-003043,221,139,0
3046,STAD-MOV-003046,598,299,1
3050,STAD-MOV-003050,129,81,0
3051,STAD-MOV-003051,1199,1004,1
3056,STAD-MOV-003056,111,50,0
3060,STAD-MOV-003060,5235,4276,1
3063,STAD-MOV-003063,1136,913,1
3066,STAD-MOV-003066,1950,1806,1
3069,STAD-MOV-003069,238,175,1
3072,STAD-MOV-003072,7458,6955,1
3078,STAD-MOV-003078,791,393,1
3082,STAD-MOV-003082,8462,8239,1
3083,STAD-MOV-003083,4332,3994,1
3084,STAD-MOV-003084,21,5,0
3085,STAD-MOV-003085,34,13,0
3087,STAD-MOV-003087,5293,4651,1
3089,STAD-MOV-003089,3186,2901,1
3093,STAD-MOV-003093,1409,1125,1
3094,STAD-MOV-003094,653,531,1
3096,STAD-MOV-003096,655,265,1
3097,STAD-MOV-003097,1637,1294,1
3100,STAD-MOV-003100,5534,5196,1
3101,STAD-MOV-003101,9759,9218,1
3102,STAD-MOV-003102,1470,1214,1
3107,STAD-MOV-003107,7750,7205,1
3108,STAD-MOV-003108,7729,7234,1
3109,STAD-MOV-003109,341,256,1
3115,STAD-MOV-003115,647,516,1
3116,STAD-MOV-003116,43,25,0
3117,STAD-MOV-003117,551,466,1
3118,STAD-MOV-003118,378,110,0
3119,STAD-MOV-003119,70,50,0
3121,STAD-MOV-003121,147,68,0
3131,STAD-MOV-003131,18,1,0
3135,STAD-MOV-003135,1481,650,1
3136,STAD-MOV-003136,39,21,0
3137,STAD-MOV-003137,127,89,0
3139,STAD-MOV-003139,123,18,0
3141,STAD-MOV-003141,540,427,1
3144,STAD-MOV-003144,249,184,1
3146,STAD-MOV-003146,3443,3213,1
3151,STAD-MOV-003151,18,2,0
3152,STAD-MOV-003152,2732,2461,1
3153,STAD-MOV-003153,1564,1280,1
3154,STAD-MOV-003154,48,22,0
3156,STAD-MOV-003156,3644,3515,1
3159,STAD-MOV-003159,4066,3647,1
3161,STAD-MOV-003161,182,114,0
3164,STAD-MOV-003164,10,1,0
3167,STAD-MOV-003167,1100,894,1
3170,STAD-MOV-003170,8,0,0
3176,STAD-MOV-003176,13563,13038,1
3183,STAD-MOV-003183,202,110,0
3184,STAD-MOV-003184,42,18,0
3187,STAD-MOV-003187,29,4,0
3189,STAD-MOV-003189,1754,1476,1
3191,STAD-MOV-003191,5,0,0
3193,STAD-MOV-003193,6,4,0
3194,STAD-MOV-003194,1159,1035,1
3195,STAD-MOV-003195,6,2,0
3198,STAD-MOV-003198,4483,4051,1
3200,STAD-MOV-003200,1150,871,1
3202,STAD-MOV-003202,122,62,0
3203,STAD-MOV-003203,3277,2786,1
3206,STAD-MOV-003206,765,649,1
3208,STAD-MOV-003208,1836,1598,1
3210,STAD-MOV-003210,7968,7418,1
3217,STAD-MOV-003217,433,335,1
3221,STAD-MOV-003221,399,254,1
3222,STAD-MOV-003222,160,44,0
3223,STAD-MOV-003223,318,165,1
3225,STAD-MOV-003225,897,759,1
3226,STAD-MOV-003226,3,0,0
3230,STAD-MOV-003230,497,375,1
3232,STAD-MOV-003232,165,108,0
3236,STAD-MOV-003236,23,1,0
3238,STAD-MOV-003238,1254,991,1
3239,STAD-MOV-003239,205,145,0
3240,STAD-MOV-003240,194,72,0
3244,STAD-MOV-003244,1451,1126,1
3247,STAD-MOV-003247,7095,6851,1
3249,STAD-MOV-003249,2591,2446,1
3250,STAD-MOV-003250,2738,2423,1
3251,STAD-MOV-003251,1350,1027,1
3255,STAD-MOV-003255,10026,9477,1
3256,STAD-MOV-003256,8961,8558,1
3258,STAD-MOV-003258,3401,3288,1
3260,STAD-MOV-003260,2914,2349,1
3262,STAD-MOV-003262,2219,2132,1
3263,STAD-MOV-003263,5600,4993,1
3266,STAD-MOV-003266,1486,1029,1
3267,STAD-MOV-003267,4381,3443,1
3270,STAD-MOV-003270,1454,981,1
3273,STAD-MOV-003273,6051,5755,1
3277,STAD-MOV-003277,4,1,0
3280,STAD-MOV-003280,23,11,0
3281,STAD-MOV-003281,334,5,0
3283,STAD-MOV-003283,93,44,0
3284,STAD-MOV-003284,235,176,1
3287,STAD-MOV-003287,847,782,1
3290,STAD-MOV-003290,3,2,0
3291,STAD-MOV-003291,24,7,0
3292,STAD-MOV-003292,104,61,0
3296,STAD-MOV-003296,1710,1473,1
3299,STAD-MOV-003299,852,689,1
3302,STAD-MOV-003302,260,70,0
3303,STAD-MOV-003303,79,1,0
3304,STAD-MOV-003304,305,186,1
3309,STAD-MOV-003309,156,130,0
3313,STAD-MOV-003313,99,20,0
3315,STAD-MOV-003315,14,3,0
3317,STAD-MOV-003317,6586,5320,1
3318,STAD-MOV-003318,194,92,0
3319,STAD-MOV-003319,138,42,0
3320,STAD-MOV-003320,415,210,1
3322,STAD-MOV-003322,68,33,0
3324,STAD-MOV-003324,1047,743,1
3326,STAD-MOV-003326,962,769,1
3329,STAD-MOV-003329,229,86,0
3336,STAD-MOV-003336,17,6,0
3338,STAD-MOV-003338,256,95,0
3339,STAD-MOV-003339,625,532,1
3342,STAD-MOV-003342,1368,1127,1
3343,STAD-MOV-003343,210,148,0
3349,STAD-MOV-003349,95,52,0
3350,STAD-MOV-003350,862,529,1
3351,STAD-MOV-003351,103,11,0
3352,STAD-MOV-003352,27,17,0
3353,STAD-MOV-003353,35,19,0
3355,STAD-MOV-003355,3475,3343,1
3356,STAD-MOV-003356,1,0,0
3357,STAD-MOV-003357,516,185,1
3359,STAD-MOV-003359,3174,2370,1
3362,STAD-MOV-003362,7045,6603,1
3368,STAD-MOV-003368,349,289,1
3372,STAD-MOV-003372,325,252,1
3379,STAD-MOV-003379,553,446,1
3382,STAD-MOV-003382,5,0,0
3383,STAD-MOV-003383,4,0,0
3385,STAD-MOV-003385,637,415,1
3388,STAD-MOV-003388,1970,1735,1
3389,STAD-MOV-003389,121,80,0
3391,STAD-MOV-003391,678,677,1
3392,STAD-MOV-003392,1013,855,1
3393,STAD-MOV-003393,217,173,1
3396,STAD-MOV-003396,6793,6265,1
3397,STAD-MOV-003397,2406,1872,1
3398,STAD-MOV-003398,2470,1944,1
3402,STAD-MOV-003402,127,32,0
3403,STAD-MOV-003403,198,138,0
3404,STAD-MOV-003404,1733,1251,1
3406,STAD-MOV-003406,426,324,1
3408,STAD-MOV-003408,15909,15152,1
3411,STAD-MOV-003411,5,0,0
3413,STAD-MOV-003413,40,24,0
3417,STAD-MOV-003417,378,242,1
3427,STAD-MOV-003427,338,283,1
3430,STAD-MOV-003430,1101,1018,1
3431,STAD-MOV-003431,474,404,1
3433,STAD-MOV-003433,267,230,1
3437,STAD-MOV-003437,139,92,0
3438,STAD-MOV-003438,4951,4704,1
3441,STAD-MOV-003441,2807,2418,1
3448,STAD-MOV-003448,11548,10430,1
3449,STAD-MOV-003449,152,93,0
3450,STAD-MOV-003450,5588,4854,1
3451,STAD-MOV-003451,2601,2185,1
3453,STAD-MOV-003453,613,376,1
3454,STAD-MOV-003454,359,306,1
3455,STAD-MOV-003455,17,5,0
3459,STAD-MOV-003459,372,232,1
3462,STAD-MOV-003462,3732,3588,1
3468,STAD-MOV-003468,3955,3305,1
3469,STAD-MOV-003469,1938,1457,1
3470,STAD-MOV-003470,969,743,1
3471,STAD-MOV-003471,14155,13757,1
3478,STAD-MOV-003478,1936,1645,1
3479,STAD-MOV-003479,3747,3243,1
3481,STAD-MOV-003481,15887,14377,1
3483,STAD-MOV-003483,1935,1875,1
3485,STAD-MOV-003485,22,3,0
3488,STAD-MOV-003488,69,10,0
3489,STAD-MOV-003489,8362,8056,1
3496,STAD-MOV-003496,241,107,0
3497,STAD-MOV-003497,398,251,1
3498,STAD-MOV-003498,2980,2736,1
3502,STAD-MOV-003502,553,405,1
3505,STAD-MOV-003505,2677,2410,1
3506,STAD-MOV-003506,708,429,1
3508,STAD-MOV-003508,3258,2991,1
3511,STAD-MOV-003511,482,394,1
3517,STAD-MOV-003517,21,2,0
3519,STAD-MOV-003519,1021,850,1
3521,STAD-MOV-003521,1427,1145,1
3523,STAD-MOV-003523,46,20,0
3524,STAD-MOV-003524,2952,2079,1
3526,STAD-MOV-003526,4921,3929,1
3527,STAD-MOV-003527,14537,14420,1
3530,STAD-MOV-003530,45,3,0
3533,STAD-MOV-003533,67,16,0
3538,STAD-MOV-003538,1234,493,1
3540,STAD-MOV-003540,146,100,0
3542,STAD-MOV-003542,16,4,0
3543,STAD-MOV-003543,3655,2577,1
3545,STAD-MOV-003545,3087,2473,1
3546,STAD-MOV-003546,1494,1289,1
3547,STAD-MOV-003547,460,328,1
3548,STAD-MOV-003548,1333,790,1
3549,STAD-MOV-003549,1637,1263,1
3550,STAD-MOV-003550,992,901,1
3551,STAD-MOV-003551,3547,2865,1
3553,STAD-MOV-003553,607,402,1
3559,STAD-MOV-003559,338,269,1
3560,STAD-MOV-003560,37,23,0
3562,STAD-MOV-003562,154,97,0
3563,STAD-MOV-003563,432,349,1
3567,STAD-MOV-003567,180,27,0
3570,STAD-MOV-003570,40,10,0
3572,STAD-MOV-003572,368,213,1
3574,STAD-MOV-003574,139,83,0
3575,STAD-MOV-003575,47,7,0
3579,STAD-MOV-003579,300,235,1
3581,STAD-MOV-003581,864,492,1
3584,STAD-MOV-003584,515,356,1
3589,STAD-MOV-003589,26,11,0
3590,STAD-MOV-003590,283,178,1
3591,STAD-MOV-003591,2892,2278,1
3595,STAD-MOV-003595,55,34,0
3597,STAD-MOV-003597,411,128,0
3600,STAD-MOV-003600,440,263,1
3606,STAD-MOV-003606,929,685,1
3610,STAD-MOV-003610,103,42,0
3617,STAD-MOV-003617,7292,6583,1
3624,STAD-MOV-003624,7550,7205,1
3625,STAD-MOV-003625,71,4,0
3629,STAD-MOV-003629,2032,1818,1
3632,STAD-MOV-003632,369,277,1
3636,STAD-MOV-003636,53,28,0
3637,STAD-MOV-003637,158,130,0
3648,STAD-MOV-003648,82,39,0
3651,STAD-MOV-003651,26,6,0
3656,STAD-MOV-003656,21,8,0
3658,STAD-MOV-003658,386,249,1
3661,STAD-MOV-003661,335,201,1
3663,STAD-MOV-003663,222,101,0
3669,STAD-MOV-003669,384,243,1
3672,STAD-MOV-003672,845,365,1
3685,STAD-MOV-003685,2271,1751,1
3686,STAD-MOV-003686,3699,3256,1
3688,STAD-MOV-003688,2312,1851,1
3690,STAD-MOV-003690,769,425,1
3691,STAD-MOV-003691,205,173,1
3692,STAD-MOV-003692,306,144,0
3693,STAD-MOV-003693,1136,846,1
3698,STAD-MOV-003698,6624,6355,1
3702,STAD-MOV-003702,8825,8641,1
3703,STAD-MOV-003703,8756,8375,1
3705,STAD-MOV-003705,2043,1866,1
3707,STAD-MOV-003707,1719,1632,1
3711,STAD-MOV-003711,143,66,0
3714,STAD-MOV-003714,214,89,0
3715,STAD-MOV-003715,299,232,1
3718,STAD-MOV-003718,399,68,0
3722,STAD-MOV-003722,61,32,0
3723,STAD-MOV-003723,2001,1327,1
3724,STAD-MOV-003724,818,548,1
3727,STAD-MOV-003727,1105,969,1
3728,STAD-MOV-003728,813,603,1
3729,STAD-MOV-003729,1221,895,1
3730,STAD-MOV-003730,3856,3503,1
3731,STAD-MOV-003731,218,153,1
3732,STAD-MOV-003732,385,298,1
3735,STAD-MOV-003735,4123,3639,1
3736,STAD-MOV-003736,509,429,1
3738,STAD-MOV-003738,384,290,1
3739,STAD-MOV-003739,388,206,1
3742,STAD-MOV-003742,1813,1629,1
3743,STAD-MOV-003743,590,450,1
3745,STAD-MOV-003745,5430,4977,1
3747,STAD-MOV-003747,827,462,1
3752,STAD-MOV-003752,8134,8000,1
3754,STAD-MOV-003754,1564,1364,1
3757,STAD-MOV-003757,83,44,0
3758,STAD-MOV-003758,410,179,1
3761,STAD-MOV-003761,410,401,1
3765,STAD-MOV-003765,309,288,1
3767,STAD-MOV-003767,464,352,1
3775,STAD-MOV-003775,109,71,0
3776,STAD-MOV-003776,128,106,0
3778,STAD-MOV-003778,25,8,0
3782,STAD-MOV-003782,150,104,0
3783,STAD-MOV-003783,2046,1502,1
3784,STAD-MOV-003784,1414,1272,1
3787,STAD-MOV-003787,500,141,0
3790,STAD-MOV-003790,279,132,0
3794,STAD-MOV-003794,826,161,1
3795,STAD-MOV-003795,262,128,0
3796,STAD-MOV-003796,145,96,0
3797,STAD-MOV-003797,259,136,0
3798,STAD-MOV-003798,6052,5848,1
3799,STAD-MOV-003799,1071,950,1
3800,STAD-MOV-003800,43,16,0
3802,STAD-MOV-003802,1489,1126,1
3803,STAD-MOV-003803,35,4,0
3804,STAD-MOV-003804,153,70,0
3808,STAD-MOV-003808,250,213,1
3809,STAD-MOV-003809,5736,4610,1
3811,STAD-MOV-003811,1793,1345,1
3812,STAD-MOV-003812,2095,1805,1
3816,STAD-MOV-003816,278,129,0
3818,STAD-MOV-003818,39,11,0
3819,STAD-MOV-003819,1746,1277,1
3822,STAD-MOV-003822,585,344,1
3827,STAD-MOV-003827,5088,4576,1
3830,STAD-MOV-003830,327,174,1
3831,STAD-MOV-003831,1564,1065,1
3832,STAD-MOV-003832,144,115,0
3835,STAD-MOV-003835,869,598,1
3837,STAD-MOV-003837,402,300,1
3839,STAD-MOV-003839,194,77,0
3841,STAD-MOV-003841,1659,1360,1
3843,STAD-MOV-003843,283,250,1
3845,STAD-MOV-003845,175,142,0
3847,STAD-MOV-003847,165,139,0
3849,STAD-MOV-003849,262,96,0
3850,STAD-MOV-003850,40,23,0
3857,STAD-MOV-003857,745,633,1
3860,STAD-MOV-003860,66,13,0
3861,STAD-MOV-003861,2651,2457,1
3863,STAD-MOV-003863,8023,7505,1
3864,STAD-MOV-003864,1364,1170,1
3865,STAD-MOV-003865,970,369,1
3866,STAD-MOV-003866,29,17,0
3867,STAD-MOV-003867,87,51,0
3870,STAD-MOV-003870,214,41,0
3872,STAD-MOV-003872,480,331,1
3874,STAD-MOV-003874,101,62,0
3875,STAD-MOV-003875,105,71,0
3876,STAD-MOV-003876,54,21,0
3881,STAD-MOV-003881,66,1,0
3883,STAD-MOV-003883,59,17,0
3884,STAD-MOV-003884,244,145,0
3887,STAD-MOV-003887,27,11,0
3893,STAD-MOV-003893,4637,4029,1
3896,STAD-MOV-003896,1524,1274,1
3898,STAD-MOV-003898,433,369,1
3906,STAD-MOV-003906,405,326,1
3910,STAD-MOV-003910,3862,3600,1
3915,STAD-MOV-003915,771,301,1
3918,STAD-MOV-003918,1246,1078,1
3919,STAD-MOV-003919,730,641,1
3922,STAD-MOV-003922,115,47,0
3925,STAD-MOV-003925,1100,790,1
3928,STAD-MOV-003928,959,755,1
3929,STAD-MOV-003929,703,223,1
3930,STAD-MOV-003930,1046,885,1
3934,STAD-MOV-003934,85,28,0
3937,STAD-MOV-003937,614,433,1
3939,STAD-MOV-003939,141,80,0
3942,STAD-MOV-003942,114,57,0
3945,STAD-MOV-003945,448,345,1
3953,STAD-MOV-003953,1336,1078,1
3956,STAD-MOV-003956,599,509,1
3961,STAD-MOV-003961,510,333,1
3963,STAD-MOV-003963,489,299,1
3966,STAD-MOV-003966,407,211,1
3967,STAD-MOV-003967,7581,6708,1
3971,STAD-MOV-003971,154,48,0
3972,STAD-MOV-003972,2946,2786,1
3975,STAD-MOV-003975,477,336,1
3978,STAD-MOV-003978,2866,2448,1
3979,STAD-MOV-003979,3061,2786,1
3980,STAD-MOV-003980,3214,3037,1
3983,STAD-MOV-003983,2903,2261,1
3984,STAD-MOV-003984,4357,4194,1
3985,STAD-MOV-003985,705,604,1
3986,STAD-MOV-003986,4700,4396,1
3992,STAD-MOV-003992,789,779,1
3993,STAD-MOV-003993,2621,2246,1
3994,STAD-MOV-003994,13555,13114,1
3997,STAD-MOV-003997,2047,1683,1
3998,STAD-MOV-003998,2326,2045,1
3999,STAD-MOV-003999,3147,2986,1
4001,STAD-MOV-004001,146,123,0
4002,STAD-MOV-004002,7024,6509,1
4003,STAD-MOV-004003,824,676,1
4005,STAD-MOV-004005,1990,1927,1
4007,STAD-MOV-004007,4627,4324,1
4010,STAD-MOV-004010,1723,1421,1
4011,STAD-MOV-004011,17617,17417,1
4015,STAD-MOV-004015,5010,4712,1
4019,STAD-MOV-004019,5887,5325,1
4021,STAD-MOV-004021,982,718,1
4023,STAD-MOV-004023,4548,4312,1
4026,STAD-MOV-004026,59,20,0
4028,STAD-MOV-004028,348,76,0
4033,STAD-MOV-004033,3366,2974,1
4034,STAD-MOV-004034,16379,15767,1
4037,STAD-MOV-004037,1970,1194,1
4041,STAD-MOV-004041,3507,3253,1
4045,STAD-MOV-004045,132,95,0
4046,STAD-MOV-004046,312,245,1
4053,STAD-MOV-004053,315,188,1
4055,STAD-MOV-004055,757,508,1
4056,STAD-MOV-004056,1509,1319,1
4060,STAD-MOV-004060,96,75,0
4062,STAD-MOV-004062,2000,1624,1
4064,STAD-MOV-004064,156,113,0
4066,STAD-MOV-004066,1100,906,1
4070,STAD-MOV-004070,33,12,0
4073,STAD-MOV-004073,91,29,0
4075,STAD-MOV-004075,6,4,0
4076,STAD-MOV-004076,34,5,0
4077,STAD-MOV-004077,712,384,1
4078,STAD-MOV-004078,126,72,0
4086,STAD-MOV-004086,1436,1128,1
4088,STAD-MOV-004088,37,16,0
4089,STAD-MOV-004089,511,288,1
4093,STAD-MOV-004093,88,56,0
4096,STAD-MOV-004096,43,3,0
4097,STAD-MOV-004097,126,40,0
4098,STAD-MOV-004098,254,168,1
4099,STAD-MOV-004099,54,23,0
4106,STAD-MOV-004106,136,98,0
4108,STAD-MOV-004108,95,46,0
4111,STAD-MOV-004111,223,153,1
4112,STAD-MOV-004112,37,10,0
4113,STAD-MOV-004113,231,89,0
4114,STAD-MOV-004114,46,12,0
4117,STAD-MOV-004117,1272,895,1
4120,STAD-MOV-004120,47,30,0
4121,STAD-MOV-004121,2946,2643,1
4122,STAD-MOV-004122,214,154,1
4123,STAD-MOV-004123,510,298,1
4126,STAD-MOV-004126,601,462,1
4127,STAD-MOV-004127,305,218,1
4130,STAD-MOV-004130,451,241,1
4131,STAD-MOV-004131,307,154,1
4133,STAD-MOV-004133,1319,1252,1
4134,STAD-MOV-004134,18,4,0
4135,STAD-MOV-004135,491,419,1
4137,STAD-MOV-004137,80,32,0
4142,STAD-MOV-004142,452,268,1
4144,STAD-MOV-004144,2096,2070,1
4146,STAD-MOV-004146,489,358,1
4148,STAD-MOV-004148,7018,4248,1
4150,STAD-MOV-004150,24,6,0
4151,STAD-MOV-004151,355,195,1
4153,STAD-MOV-004153,797,680,1
4156,STAD-MOV-004156,59,30,0
4159,STAD-MOV-004159,1508,1295,1
4166,STAD-MOV-004166,636,435,1
4168,STAD-MOV-004168,537,410,1
4171,STAD-MOV-004171,31,4,0
4172,STAD-MOV-004172,22,5,0
4180,STAD-MOV-004180,69,36,0
4185,STAD-MOV-004185,110,58,0
4188,STAD-MOV-004188,372,161,1
4192,STAD-MOV-004192,78,63,0
4194,STAD-MOV-004194,232,130,0
4195,STAD-MOV-004195,446,347,1
4196,STAD-MOV-004196,60,36,0
4198,STAD-MOV-004198,292,219,1
4203,STAD-MOV-004203,635,560,1
4208,STAD-MOV-004208,100,0,0
4210,STAD-MOV-004210,1908,0,0
4211,STAD-MOV-004211,1218,931,1
4212,STAD-MOV-004212,594,564,1
4217,STAD-MOV-004217,323,142,0
4221,STAD-MOV-004221,548,337,1
4224,STAD-MOV-004224,789,726,1
4225,STAD-MOV-004225,1767,942,1
4226,STAD-MOV-004226,30443,30126,1
4227,STAD-MOV-004227,155,91,0
4229,STAD-MOV-004229,490,408,1
4232,STAD-MOV-004232,3682,3547,1
4235,STAD-MOV-004235,5511,5306,1
4238,STAD-MOV-004238,2795,2680,1
4240,STAD-MOV-004240,391,349,1
4250,STAD-MOV-004250,149,92,0
4255,STAD-MOV-004255,1550,1273,1
4261,STAD-MOV-004261,53,25,0
4265,STAD-MOV-004265,1212,1087,1
4267,STAD-MOV-004267,999,790,1
4269,STAD-MOV-004269,18,7,0
4270,STAD-MOV-004270,7686,7600,1
4271,STAD-MOV-004271,96,35,0
4275,STAD-MOV-004275,1220,1081,1
4285,STAD-MOV-004285,840,676,1
4286,STAD-MOV-004286,112,89,0
4288,STAD-MOV-004288,63,38,0
4291,STAD-MOV-004291,2006,1822,1
4292,STAD-MOV-004292,1141,742,1
4296,STAD-MOV-004296,959,749,1
4299,STAD-MOV-004299,5578,5458,1
4301,STAD-MOV-004301,77,10,0
4308,STAD-MOV-004308,11580,10739,1
4309,STAD-MOV-004309,9,2,0
4310,STAD-MOV-004310,8198,8032,1
4311,STAD-MOV-004311,16,2,0
4312,STAD-MOV-004312,308,149,0
4313,STAD-MOV-004313,274,216,1
4321,STAD-MOV-004321,7008,6226,1
4322,STAD-MOV-004322,1803,1416,1
4324,STAD-MOV-004324,66,31,0
4326,STAD-MOV-004326,4002,3724,1
4327,STAD-MOV-004327,3875,3804,1
4332,STAD-MOV-004332,352,262,1
4334,STAD-MOV-004334,640,602,1
4336,STAD-MOV-004336,506,359,1
4340,STAD-MOV-004340,1507,1411,1
4343,STAD-MOV-004343,4666,4404,1
4345,STAD-MOV-004345,1011,385,1
4349,STAD-MOV-004349,1432,1227,1
4352,STAD-MOV-004352,216,76,0
4357,STAD-MOV-004357,768,587,1
4359,STAD-MOV-004359,1475,1292,1
4363,STAD-MOV-004363,61,43,0
4364,STAD-MOV-004364,7,1,0
4365,STAD-MOV-004365,16,5,0
4373,STAD-MOV-004373,481,264,1
4374,STAD-MOV-004374,19,8,0
4376,STAD-MOV-004376,71,23,0
4377,STAD-MOV-004377,32,1,0
4383,STAD-MOV-004383,817,718,1
4384,STAD-MOV-004384,119,15,0
4385,STAD-MOV-004385,17,2,0
4386,STAD-MOV-004386,2003,1855,1
4391,STAD-MOV-004391,146,56,0
4393,STAD-MOV-004393,219,164,1
4395,STAD-MOV-004395,143,95,0
4398,STAD-MOV-004398,257,189,1
4400,STAD-MOV-004400,65,18,0
4401,STAD-MOV-004401,259,151,1
4402,STAD-MOV-004402,61,46,0
4403,STAD-MOV-004403,271,117,0
4406,STAD-MOV-004406,1848,1662,1
4409,STAD-MOV-004409,316,252,1
4413,STAD-MOV-004413,45,14,0
4416,STAD-MOV-004416,143,88,0
4418,STAD-MOV-004418,68,47,0
4425,STAD-MOV-004425,208,160,1
4426,STAD-MOV-004426,483,368,1
4428,STAD-MOV-004428,285,227,1
4433,STAD-MOV-004433,216,184,1
4434,STAD-MOV-004434,91,72,0
4435,STAD-MOV-004435,49,30,0
4439,STAD-MOV-004439,237,198,1
4444,STAD-MOV-004444,601,553,1
4447,STAD-MOV-004447,8859,8763,1
4449,STAD-MOV-004449,26,2,0
4451,STAD-MOV-004451,97,22,0
4452,STAD-MOV-004452,1006,666,1
4455,STAD-MOV-004455,10,2,0
4457,STAD-MOV-004457,9,1,0
4458,STAD-MOV-004458,197,42,0
4459,STAD-MOV-004459,89,28,0
4461,STAD-MOV-004461,32,6,0
4463,STAD-MOV-004463,124,58,0
4464,STAD-MOV-004464,1317,905,1
4468,STAD-MOV-004468,194,53,0
4470,STAD-MOV-004470,236,164,1
4473,STAD-MOV-004473,322,141,0
4474,STAD-MOV-004474,1337,1055,1
4481,STAD-MOV-004481,72,36,0
4486,STAD-MOV-004486,283,179,1
4491,STAD-MOV-004491,58,44,0
4494,STAD-MOV-004494,267,231,1
4497,STAD-MOV-004497,173,130,0
4502,STAD-MOV-004502,732,412,1
4512,STAD-MOV-004512,148,67,0
4514,STAD-MOV-004514,135,71,0
4515,STAD-MOV-004515,429,159,1
4519,STAD-MOV-004519,1936,1816,1
4521,STAD-MOV-004521,183,127,0
4523,STAD-MOV-004523,499,384,1
4525,STAD-MOV-004525,129,59,0
4529,STAD-MOV-004529,664,464,1
4533,STAD-MOV-004533,1081,992,1
4534,STAD-MOV-004534,275,173,1
4538,STAD-MOV-004538,51,19,0
4541,STAD-MOV-004541,771,608,1
4542,STAD-MOV-004542,46,27,0
4543,STAD-MOV-004543,281,202,1
4545,STAD-MOV-004545,3194,2915,1
4549,STAD-MOV-004549,38,15,0
4550,STAD-MOV-004550,86,51,0
4551,STAD-MOV-004551,41,14,0
4552,STAD-MOV-004552,479,343,1
4561,STAD-MOV-004561,207,159,1
4562,STAD-MOV-004562,307,228,1
4568,STAD-MOV-004568,294,135,0
4569,STAD-MOV-004569,147,116,0
4571,STAD-MOV-004571,8420,7441,1
4573,STAD-MOV-004573,195,65,0
4577,STAD-MOV-004577,732,643,1
4580,STAD-MOV-004580,525,469,1
4586,STAD-MOV-004586,115,86,0
4595,STAD-MOV-004595,296,231,1
4596,STAD-MOV-004596,38,20,0
4597,STAD-MOV-004597,310,176,1
4598,STAD-MOV-004598,114,81,0
4600,STAD-MOV-004600,333,126,0
4602,STAD-MOV-004602,455,402,1
4604,STAD-MOV-004604,16,10,0
4606,STAD-MOV-004606,54,20,0
4608,STAD-MOV-004608,132,102,0
4613,STAD-MOV-004613,770,600,1
4614,STAD-MOV-004614,617,562,1
4619,STAD-MOV-004619,360,274,1
4620,STAD-MOV-004620,215,199,1
4621,STAD-MOV-004621,3513,3162,1
4624,STAD-MOV-004624,827,486,1
4625,STAD-MOV-004625,342,215,1
4626,STAD-MOV-004626,269,214,1
4628,STAD-MOV-004628,627,509,1
4636,STAD-MOV-004636,608,549,1
4637,STAD-MOV-004637,188,113,0
4638,STAD-MOV-004638,6668,228,1
4639,STAD-MOV-004639,3841,3100,1
4641,STAD-MOV-004641,6035,4498,1
4644,STAD-MOV-004644,599,279,1
4645,STAD-MOV-004645,202,188,1
4647,STAD-MOV-004647,29,1,0
4648,STAD-MOV-004648,14,10,0
4656,STAD-MOV-004656,40,4,0
4657,STAD-MOV-004657,82,21,0
4660,STAD-MOV-004660,94,54,0
4661,STAD-MOV-004661,1081,986,1
4664,STAD-MOV-004664,474,262,1
4665,STAD-MOV-004665,282,200,1
4668,STAD-MOV-004668,43,26,0
4669,STAD-MOV-004669,136,109,0
4670,STAD-MOV-004670,352,313,1
4671,STAD-MOV-004671,104,44,0
4674,STAD-MOV-004674,88,52,0
4677,STAD-MOV-004677,2461,2234,1
4681,STAD-MOV-004681,2202,1932,1
4683,STAD-MOV-004683,375,293,1
4688,STAD-MOV-004688,551,286,1
4692,STAD-MOV-004692,342,234,1
4693,STAD-MOV-004693,35,6,0
4700,STAD-MOV-004700,2803,2780,1
4701,STAD-MOV-004701,5486,5359,1
4707,STAD-MOV-004707,56,20,0
4708,STAD-MOV-004708,189,125,0
4710,STAD-MOV-004710,685,594,1
4712,STAD-MOV-004712,140,78,0
4714,STAD-MOV-004714,561,467,1
4719,STAD-MOV-004719,1075,957,1
4721,STAD-MOV-004721,435,350,1
4722,STAD-MOV-004722,173,99,0
4723,STAD-MOV-004723,808,523,1
4727,STAD-MOV-004727,1025,859,1
4728,STAD-MOV-004728,3284,2782,1
4732,STAD-MOV-004732,835,616,1
4737,STAD-MOV-004737,173,106,0
4739,STAD-MOV-004739,39,24,0
4743,STAD-MOV-004743,513,236,1
4744,STAD-MOV-004744,1830,1775,1
4745,STAD-MOV-004745,889,556,1
4750,STAD-MOV-004750,471,380,1
4752,STAD-MOV-004752,99,42,0
4753,STAD-MOV-004753,117,80,0
4754,STAD-MOV-004754,1583,1540,1
4755,STAD-MOV-004755,64,43,0
4758,STAD-MOV-004758,247,140,0
4761,STAD-MOV-004761,129,22,0
4762,STAD-MOV-004762,3,0,0
4763,STAD-MOV-004763,57,3,0
4766,STAD-MOV-004766,125,25,0
4771,STAD-MOV-004771,447,336,1
4773,STAD-MOV-004773,177,8,0
4776,STAD-MOV-004776,8087,7948,1
4777,STAD-MOV-004777,106,30,0
4780,STAD-MOV-004780,135,20,0
4782,STAD-MOV-004782,467,317,1
4789,STAD-MOV-004789,312,275,1
4790,STAD-MOV-004790,132,95,0
4791,STAD-MOV-004791,71,46,0
4792,STAD-MOV-004792,765,416,1
4793,STAD-MOV-004793,92,23,0
4797,STAD-MOV-004797,58,29,0
4798,STAD-MOV-004798,343,137,0
4801,STAD-MOV-004801,311,226,1
4802,STAD-MOV-004802,671,517,1
4806,STAD-MOV-004806,187,98,0
4807,STAD-MOV-004807,134,75,0
4808,STAD-MOV-004808,588,498,1
4809,STAD-MOV-004809,1146,809,1
4812,STAD-MOV-004812,761,456,1
4813,STAD-MOV-004813,334,174,1
4815,STAD-MOV-004815,1205,977,1
4816,STAD-MOV-004816,7499,7025,1
4819,STAD-MOV-004819,110,41,0
4820,STAD-MOV-004820,3,1,0
4826,STAD-MOV-004826,578,488,1
4828,STAD-MOV-004828,82,59,0
4829,STAD-MOV-004829,76,47,0
4831,STAD-MOV-004831,117,53,0
4834,STAD-MOV-004834,474,364,1
4838,STAD-MOV-004838,83,5,0
4844,STAD-MOV-004844,2415,2116,1
4845,STAD-MOV-004845,761,609,1
4847,STAD-MOV-004847,270,211,1
4848,STAD-MOV-004848,9307,9224,1
4849,STAD-MOV-004849,345,203,1
4850,STAD-MOV-004850,249,117,0
4851,STAD-MOV-004851,47,23,0
4855,STAD-MOV-004855,5712,5372,1
4856,STAD-MOV-004856,73,11,0
4859,STAD-MOV-004859,30,12,0
4860,STAD-MOV-004860,48,21,0
4863,STAD-MOV-004863,245,118,0
4864,STAD-MOV-004864,110,28,0
4866,STAD-MOV-004866,1482,1392,1
4867,STAD-MOV-004867,1493,1250,1
4868,STAD-MOV-004868,115,15,0
4870,STAD-MOV-004870,144,113,0
4871,STAD-MOV-004871,239,62,0
4875,STAD-MOV-004875,91,36,0
4878,STAD-MOV-004878,18731,18372,1
4880,STAD-MOV-004880,2354,1966,1
4883,STAD-MOV-004883,35,6,0
4886,STAD-MOV-004886,23657,23608,1
4889,STAD-MOV-004889,1824,1505,1
4890,STAD-MOV-004890,4707,4436,1
4891,STAD-MOV-004891,11,6,0
4897,STAD-MOV-004897,116,86,0
4903,STAD-MOV-004903,2604,1805,1
4904,STAD-MOV-004904,6,0,0
4905,STAD-MOV-004905,14,8,0
4907,STAD-MOV-004907,73,31,0
4908,STAD-MOV-004908,63,14,0
4909,STAD-MOV-004909,315,209,1
4910,STAD-MOV-004910,19,5,0
4912,STAD-MOV-004912,840,641,1
4913,STAD-MOV-004913,42,21,0
4914,STAD-MOV-004914,1672,1539,1
4919,STAD-MOV-004919,253,166,1
4922,STAD-MOV-004922,66,27,0
4926,STAD-MOV-004926,62,7,0
4929,STAD-MOV-004929,706,477,1
4932,STAD-MOV-004932,638,584,1
4933,STAD-MOV-004933,47,11,0
4939,STAD-MOV-004939,533,469,1
4940,STAD-MOV-004940,38,32,0
4941,STAD-MOV-004941,1677,1532,1
4943,STAD-MOV-004943,67,58,0
4945,STAD-MOV-004945,611,528,1
4946,STAD-MOV-004946,93,69,0
4949,STAD-MOV-004949,189,154,1
4953,STAD-MOV-004953,82,63,0
4954,STAD-MOV-004954,1959,1659,1
4955,STAD-MOV-004955,61,49,0
4960,STAD-MOV-004960,68,25,0
4961,STAD-MOV-004961,268,183,1
4962,STAD-MOV-004962,118,80,0
4966,STAD-MOV-004966,585,463,1
4968,STAD-MOV-004968,63,37,0
4969,STAD-MOV-004969,763,586,1
4971,STAD-MOV-004971,682,527,1
4976,STAD-MOV-004976,781,532,1
4979,STAD-MOV-004979,12513,11887,1
4981,STAD-MOV-004981,379,248,1
4983,STAD-MOV-004983,57,24,0
4984,STAD-MOV-004984,58,26,0
4988,STAD-MOV-004988,92,68,0
4989,STAD-MOV-004989,566,498,1
4993,STAD-MOV-004993,37553,37517,1
4994,STAD-MOV-004994,1895,1650,1
4997,STAD-MOV-004997,79,28,0
4999,STAD-MOV-004999,191,98,0
5000,STAD-MOV-005000,127,75,0
5004,STAD-MOV-005004,736,557,1
5005,STAD-MOV-005005,152,90,0
5010,STAD-MOV-005010,10192,10112,1
5013,STAD-MOV-005013,6182,5655,1
5023,STAD-MOV-005023,243,161,1
5025,STAD-MOV-005025,2267,1915,1
5028,STAD-MOV-005028,128,56,0
5032,STAD-MOV-005032,32,15,0
5035,STAD-MOV-005035,116,67,0
5036,STAD-MOV-005036,223,162,1
5038,STAD-MOV-005038,193,150,1
5039,STAD-MOV-005039,921,713,1
5040,STAD-MOV-005040,1791,1668,1
5042,STAD-MOV-005042,84,31,0
5044,STAD-MOV-005044,77,42,0
5045,STAD-MOV-005045,63,34,0
5046,STAD-MOV-005046,624,529,1
5051,STAD-MOV-005051,996,507,1
5052,STAD-MOV-005052,29,1,0
5060,STAD-MOV-005060,12528,11439,1
5064,STAD-MOV-005064,5366,5115,1
5067,STAD-MOV-005067,12,1,0
5069,STAD-MOV-005069,442,229,1
5071,STAD-MOV-005071,130,63,0
5073,STAD-MOV-005073,417,275,1
5076,STAD-MOV-005076,460,351,1
5077,STAD-MOV-005077,268,158,1
5080,STAD-MOV-005080,476,344,1
5082,STAD-MOV-005082,23,10,0
5085,STAD-MOV-005085,120,85,0
5086,STAD-MOV-005086,68,36,0
5091,STAD-MOV-005091,32,20,0
5094,STAD-MOV-005094,889,716,1
5097,STAD-MOV-005097,83,16,0
5098,STAD-MOV-005098,54,3,0
5102,STAD-MOV-005102,809,701,1
5103,STAD-MOV-005103,3504,3182,1
5112,STAD-MOV-005112,304,155,1
5114,STAD-MOV-005114,261,207,1
5118,STAD-MOV-005118,211,107,0
5119,STAD-MOV-005119,190,116,0
5123,STAD-MOV-005123,114,65,0
5126,STAD-MOV-005126,75,31,0
5127,STAD-MOV-005127,729,633,1
5130,STAD-MOV-005130,34,9,0
5137,STAD-MOV-005137,421,41,0
5142,STAD-MOV-005142,150,123,0
5145,STAD-MOV-005145,148,93,0
5147,STAD-MOV-005147,1646,1472,1
5149,STAD-MOV-005149,19,8,0
5151,STAD-MOV-005151,2600,2190,1
5152,STAD-MOV-005152,3314,3142,1
5153,STAD-MOV-005153,87,57,0
5155,STAD-MOV-005155,89,48,0
5156,STAD-MOV-005156,28,18,0
5162,STAD-MOV-005162,66,40,0
5164,STAD-MOV-005164,127,97,0
5166,STAD-MOV-005166,21,7,0
5167,STAD-MOV-005167,118,59,0
5172,STAD-MOV-005172,378,266,1
5174,STAD-MOV-005174,77,39,0
5175,STAD-MOV-005175,45,34,0
5176,STAD-MOV-005176,16,10,0
5180,STAD-MOV-005180,97,43,0
5181,STAD-MOV-005181,81,27,0
5183,STAD-MOV-005183,43,29,0
5188,STAD-MOV-005188,44,31,0
5189,STAD-MOV-005189,88,60,0
5194,STAD-MOV-005194,19,7,0
5198,STAD-MOV-005198,381,334,1
5206,STAD-MOV-005206,53,7,0
5210,STAD-MOV-005210,55,29,0
5214,STAD-MOV-005214,872,493,1
5216,STAD-MOV-005216,52,34,0
5217,STAD-MOV-005217,65,43,0
5218,STAD-MOV-005218,11713,11644,1
5219,STAD-MOV-005219,4647,4618,1
5221,STAD-MOV-005221,138,69,0
5222,STAD-MOV-005222,1496,922,1
5225,STAD-MOV-005225,4895,4649,1
5226,STAD-MOV-005226,464,391,1
5228,STAD-MOV-005228,65,41,0
5229,STAD-MOV-005229,27,17,0
5237,STAD-MOV-005237,749,604,1
5244,STAD-MOV-005244,325,249,1
5247,STAD-MOV-005247,1362,1214,1
5249,STAD-MOV-005249,74,26,0
5251,STAD-MOV-005251,75,22,0
5255,STAD-MOV-005255,495,359,1
5256,STAD-MOV-005256,100,51,0
5257,STAD-MOV-005257,5,1,0
5258,STAD-MOV-005258,282,73,0
5259,STAD-MOV-005259,31,15,0
5260,STAD-MOV-005260,16,1,0
5262,STAD-MOV-005262,48,14,0
5263,STAD-MOV-005263,56,30,0
5265,STAD-MOV-005265,1862,1552,1
5268,STAD-MOV-005268,152,63,0
5269,STAD-MOV-005269,826,784,1
5270,STAD-MOV-005270,22,8,0
5272,STAD-MOV-005272,229,64,0
5274,STAD-MOV-005274,39,2,0
5275,STAD-MOV-005275,85,54,0
5276,STAD-MOV-005276,121,102,0
5277,STAD-MOV-005277,42,35,0
5281,STAD-MOV-005281,23,8,0
5282,STAD-MOV-005282,782,719,1
5287,STAD-MOV-005287,171,120,0
5289,STAD-MOV-005289,120,68,0
5291,STAD-MOV-005291,3712,3443,1
5292,STAD-MOV-005292,2014,1625,1
5294,STAD-MOV-005294,2440,2091,1
5295,STAD-MOV-005295,66,30,0
5297,STAD-MOV-005297,449,327,1
5298,STAD-MOV-005298,734,535,1
5300,STAD-MOV-005300,559,478,1
5303,STAD-MOV-005303,1826,1560,1
5305,STAD-MOV-005305,292,175,1
5306,STAD-MOV-005306,61,34,0
5307,STAD-MOV-005307,151,121,0
5308,STAD-MOV-005308,3129,2792,1
5311,STAD-MOV-005311,215,146,0
5316,STAD-MOV-005316,1070,740,1
5317,STAD-MOV-005317,40,9,0
5319,STAD-MOV-005319,1246,910,1
5320,STAD-MOV-005320,4,1,0
5323,STAD-MOV-005323,938,869,1
5326,STAD-MOV-005326,16,10,0
5327,STAD-MOV-005327,56,22,0
5329,STAD-MOV-005329,1004,852,1
5334,STAD-MOV-005334,465,337,1
5337,STAD-MOV-005337,265,169,1
5340,STAD-MOV-005340,110,46,0
5341,STAD-MOV-005341,630,406,1
5342,STAD-MOV-005342,45,23,0
5346,STAD-MOV-005346,361,340,1
5347,STAD-MOV-005347,124,98,0
5348,STAD-MOV-005348,541,399,1
5349,STAD-MOV-005349,23404,23381,1
5351,STAD-MOV-005351,75,30,0
5353,STAD-MOV-005353,203,66,0
5354,STAD-MOV-005354,180,142,0
5356,STAD-MOV-005356,71,55,0
5358,STAD-MOV-005358,178,128,0
5361,STAD-MOV-005361,426,355,1
5362,STAD-MOV-005362,76,61,0
5363,STAD-MOV-005363,730,695,1
5365,STAD-MOV-005365,89,34,0
5366,STAD-MOV-005366,103,81,0
5367,STAD-MOV-005367,691,472,1
5368,STAD-MOV-005368,139,87,0
5370,STAD-MOV-005370,41,38,0
5372,STAD-MOV-005372,255,186,1
5374,STAD-MOV-005374,55,15,0
5380,STAD-MOV-005380,1954,1424,1
5383,STAD-MOV-005383,388,305,1
5385,STAD-MOV-005385,929,636,1
5390,STAD-MOV-005390,214,173,1
5393,STAD-MOV-005393,30,15,0
5394,STAD-MOV-005394,55,34,0
5400,STAD-MOV-005400,3540,3449,1
5401,STAD-MOV-005401,1348,1114,1
5403,STAD-MOV-005403,14,8,0
5408,STAD-MOV-005408,45,12,0
5410,STAD-MOV-005410,781,625,1
5411,STAD-MOV-005411,34,10,0
5414,STAD-MOV-005414,831,752,1
5415,STAD-MOV-005415,1353,1068,1
5417,STAD-MOV-005417,646,228,1
5418,STAD-MOV-005418,20091,19868,1
5421,STAD-MOV-005421,1016,767,1
5428,STAD-MOV-005428,339,209,1
5429,STAD-MOV-005429,55,39,0
5430,STAD-MOV-005430,25,5,0
5437,STAD-MOV-005437,358,222,1
5438,STAD-MOV-005438,761,595,1
5439,STAD-MOV-005439,184,64,0
5442,STAD-MOV-005442,406,280,1
5443,STAD-MOV-005443,245,164,1
5444,STAD-MOV-005444,4614,4602,1
5449,STAD-MOV-005449,3184,3023,1
5450,STAD-MOV-005450,637,479,1
5451,STAD-MOV-005451,471,221,1
5454,STAD-MOV-005454,337,217,1
5465,STAD-MOV-005465,121,111,0
5468,STAD-MOV-005468,155,113,0
5474,STAD-MOV-005474,59,16,0
5475,STAD-MOV-005475,616,444,1
5476,STAD-MOV-005476,583,504,1
5478,STAD-MOV-005478,1403,1279,1
5482,STAD-MOV-005482,190,154,1
5485,STAD-MOV-005485,492,336,1
5487,STAD-MOV-005487,30,20,0
5488,STAD-MOV-005488,64,41,0
5490,STAD-MOV-005490,95,69,0
5491,STAD-MOV-005491,39,23,0
5492,STAD-MOV-005492,32,8,0
5493,STAD-MOV-005493,356,202,1
5494,STAD-MOV-005494,44,10,0
5495,STAD-MOV-005495,71,46,0
5498,STAD-MOV-005498,446,400,1
5499,STAD-MOV-005499,340,263,1
5502,STAD-MOV-005502,10532,10209,1
5503,STAD-MOV-005503,137,73,0
5507,STAD-MOV-005507,4542,4425,1
5512,STAD-MOV-005512,56,6,0
5517,STAD-MOV-005517,68,41,0
5518,STAD-MOV-005518,37,34,0
5519,STAD-MOV-005519,46,24,0
5520,STAD-MOV-005520,28,3,0
5522,STAD-MOV-005522,861,687,1
5523,STAD-MOV-005523,681,565,1
5527,STAD-MOV-005527,609,435,1
5528,STAD-MOV-005528,4603,3972,1
5530,STAD-MOV-005530,1301,964,1
5531,STAD-MOV-005531,180,165,1
5536,STAD-MOV-005536,16,0,0
5539,STAD-MOV-005539,189,129,0
5541,STAD-MOV-005541,2809,2682,1
5542,STAD-MOV-005542,51,24,0
5545,STAD-MOV-005545,31,5,0
5546,STAD-MOV-005546,158,93,0
5547,STAD-MOV-005547,15,3,0
5549,STAD-MOV-005549,46,31,0
5553,STAD-MOV-005553,996,743,1
5554,STAD-MOV-005554,21,19,0
5559,STAD-MOV-005559,55,31,0
5562,STAD-MOV-005562,25,7,0
5563,STAD-MOV-005563,614,495,1
5570,STAD-MOV-005570,622,538,1
5573,STAD-MOV-005573,498,324,1
5574,STAD-MOV-005574,3098,3013,1
5575,STAD-MOV-005575,71,31,0
5579,STAD-MOV-005579,20,1,0
5581,STAD-MOV-005581,219,133,0
5586,STAD-MOV-005586,17,10,0
5587,STAD-MOV-005587,83,55,0
5589,STAD-MOV-005589,314,173,1
5590,STAD-MOV-005590,39,11,0
5591,STAD-MOV-005591,135,104,0
5596,STAD-MOV-005596,226,137,0
5599,STAD-MOV-005599,69,26,0
5600,STAD-MOV-005600,148,127,0
5601,STAD-MOV-005601,227,131,0
5602,STAD-MOV-005602,1050,768,1
5606,STAD-MOV-005606,92,82,0
5607,STAD-MOV-005607,296,181,1
5610,STAD-MOV-005610,728,470,1
5611,STAD-MOV-005611,689,564,1
5612,STAD-MOV-005612,345,274,1
5613,STAD-MOV-005613,837,600,1
5614,STAD-MOV-005614,82,43,0
5616,STAD-MOV-005616,6,2,0
5623,STAD-MOV-005623,11,3,0
5624,STAD-MOV-005624,36,11,0
5626,STAD-MOV-005626,19,0,0
5627,STAD-MOV-005627,34,11,0
5628,STAD-MOV-005628,579,523,1
5632,STAD-MOV-005632,580,423,1
5634,STAD-MOV-005634,31,8,0
5637,STAD-MOV-005637,471,397,1
5639,STAD-MOV-005639,113,73,0
5646,STAD-MOV-005646,518,459,1
5648,STAD-MOV-005648,255,129,0
5650,STAD-MOV-005650,1589,1022,1
5652,STAD-MOV-005652,50,8,0
5653,STAD-MOV-005653,190,145,0
5655,STAD-MOV-005655,165,83,0
5657,STAD-MOV-005657,151,63,0
5658,STAD-MOV-005658,44,25,0
5662,STAD-MOV-005662,108,68,0
5663,STAD-MOV-005663,307,255,1
5666,STAD-MOV-005666,1278,1110,1
5667,STAD-MOV-005667,646,510,1
5670,STAD-MOV-005670,604,154,1
5671,STAD-MOV-005671,23,7,0
5677,STAD-MOV-005677,287,191,1
5685,STAD-MOV-005685,737,519,1
5689,STAD-MOV-005689,290,241,1
5691,STAD-MOV-005691,478,431,1
5694,STAD-MOV-005694,451,362,1
5696,STAD-MOV-005696,493,340,1
5697,STAD-MOV-005697,84,66,0
5699,STAD-MOV-005699,90,58,0
5703,STAD-MOV-005703,76,40,0
5704,STAD-MOV-005704,12,9,0
5705,STAD-MOV-005705,493,332,1
5707,STAD-MOV-005707,646,463,1
5708,STAD-MOV-005708,34,19,0
5709,STAD-MOV-005709,45,26,0
5711,STAD-MOV-005711,17,3,0
5712,STAD-MOV-005712,646,592,1
5714,STAD-MOV-005714,43,23,0
5716,STAD-MOV-005716,22,16,0
5720,STAD-MOV-005720,32,26,0
5729,STAD-MOV-005729,139,125,0
5731,STAD-MOV-005731,180,161,1
5733,STAD-MOV-005733,71,29,0
5734,STAD-MOV-005734,199,83,0
5735,STAD-MOV-005735,275,171,1
5736,STAD-MOV-005736,193,74,0
5738,STAD-MOV-005738,157,79,0
5740,STAD-MOV-005740,124,4,0
5742,STAD-MOV-005742,71,49,0
5746,STAD-MOV-005746,59,53,0
5747,STAD-MOV-005747,1913,1242,1
5749,STAD-MOV-005749,269,184,1
5753,STAD-MOV-005753,47,18,0
5754,STAD-MOV-005754,130,88,0
5757,STAD-MOV-005757,4,0,0
5758,STAD-MOV-005758,13,7,0
5763,STAD-MOV-005763,126,67,0
5766,STAD-MOV-005766,17,5,0
5770,STAD-MOV-005770,71,56,0
5776,STAD-MOV-005776,27,16,0
5781,STAD-MOV-005781,64,52,0
5783,STAD-MOV-005783,79,14,0
5784,STAD-MOV-005784,1321,1257,1
5785,STAD-MOV-005785,2953,2666,1
5788,STAD-MOV-005788,306,220,1
5789,STAD-MOV-005789,48,26,0
5792,STAD-MOV-005792,907,472,1
5793,STAD-MOV-005793,19,15,0
5795,STAD-MOV-005795,41,20,0
5796,STAD-MOV-005796,788,742,1
5800,STAD-MOV-005800,151,110,0
5807,STAD-MOV-005807,22,15,0
5809,STAD-MOV-005809,793,734,1
5811,STAD-MOV-005811,8,1,0
5814,STAD-MOV-005814,4,1,0
5815,STAD-MOV-005815,181,148,0
5817,STAD-MOV-005817,219,149,0
5821,STAD-MOV-005821,74,27,0
5822,STAD-MOV-005822,62,31,0
5823,STAD-MOV-005823,20,14,0
5827,STAD-MOV-005827,40,12,0
5829,STAD-MOV-005829,218,73,0
5831,STAD-MOV-005831,11,0,0
5835,STAD-MOV-005835,20,12,0
5837,STAD-MOV-005837,21,7,0
5840,STAD-MOV-005840,347,208,1
5843,STAD-MOV-005843,709,534,1
5844,STAD-MOV-005844,16,11,0
5848,STAD-MOV-005848,50,29,0
5858,STAD-MOV-005858,58,44,0
5860,STAD-MOV-005860,25,17,0
5861,STAD-MOV-005861,22,18,0
5865,STAD-MOV-005865,25,17,0
5868,STAD-MOV-005868,82,39,0
5870,STAD-MOV-005870,25,5,0
5871,STAD-MOV-005871,6,3,0
5873,STAD-MOV-005873,621,530,1
5874,STAD-MOV-005874,392,321,1
5875,STAD-MOV-005875,306,125,0
5883,STAD-MOV-005883,238,146,0
5885,STAD-MOV-005885,72,27,0
5887,STAD-MOV-005887,46,34,0
5888,STAD-MOV-005888,182,96,0
5889,STAD-MOV-005889,39,14,0
5890,STAD-MOV-005890,758,285,1
5893,STAD-MOV-005893,933,721,1
5896,STAD-MOV-005896,188,56,0
5899,STAD-MOV-005899,1004,738,1
5903,STAD-MOV-005903,6751,6419,1
5904,STAD-MOV-005904,7,2,0
5905,STAD-MOV-005905,1,0,0
5906,STAD-MOV-005906,28,11,0
5908,STAD-MOV-005908,39,18,0
5909,STAD-MOV-005909,317,262,1
5911,STAD-MOV-005911,56,29,0
5913,STAD-MOV-005913,50,19,0
5917,STAD-MOV-005917,45,22,0
5920,STAD-MOV-005920,18,13,0
5922,STAD-MOV-005922,26,15,0
5923,STAD-MOV-005923,149,91,0
5924,STAD-MOV-005924,75,43,0
5925,STAD-MOV-005925,49,19,0
5931,STAD-MOV-005931,42,25,0
5932,STAD-MOV-005932,274,116,0
5934,STAD-MOV-005934,6,4,0
5935,STAD-MOV-005935,97,79,0
5936,STAD-MOV-005936,148,80,0
5937,STAD-MOV-005937,148,87,0
5938,STAD-MOV-005938,568,412,1
5939,STAD-MOV-005939,40,7,0
5944,STAD-MOV-005944,3233,3059,1
5946,STAD-MOV-005946,50,18,0
5951,STAD-MOV-005951,236,150,1
5962,STAD-MOV-005962,384,340,1
5963,STAD-MOV-005963,252,205,1
5971,STAD-MOV-005971,5489,5445,1
5972,STAD-MOV-005972,50,28,0
5974,STAD-MOV-005974,287,243,1
5976,STAD-MOV-005976,16,11,0
5977,STAD-MOV-005977,95,61,0
5978,STAD-MOV-005978,45,40,0
5980,STAD-MOV-005980,256,225,1
5981,STAD-MOV-005981,386,249,1
5983,STAD-MOV-005983,182,122,0
5984,STAD-MOV-005984,106,99,0
5985,STAD-MOV-005985,90,39,0
5986,STAD-MOV-005986,112,66,0
5987,STAD-MOV-005987,66,41,0
5989,STAD-MOV-005989,18002,17944,1
5995,STAD-MOV-005995,10515,10436,1
5999,STAD-MOV-005999,447,333,1
6000,STAD-MOV-006000,33,15,0
6001,STAD-MOV-006001,1707,1618,1
6004,STAD-MOV-006004,15,2,0
6008,STAD-MOV-006008,228,120,0
6013,STAD-MOV-006013,687,601,1
6014,STAD-MOV-006014,609,573,1
6017,STAD-MOV-006017,86,2,0
6018,STAD-MOV-006018,14,1,0
6019,STAD-MOV-006019,49,30,0
6022,STAD-MOV-006022,207,168,1
6025,STAD-MOV-006025,260,147,0
6029,STAD-MOV-006029,48,31,0
6030,STAD-MOV-006030,67,39,0
6033,STAD-MOV-006033,69,42,0
6035,STAD-MOV-006035,163,52,0
6040,STAD-MOV-006040,604,479,1
6042,STAD-MOV-006042,136,39,0
6043,STAD-MOV-006043,23,5,0
6053,STAD-MOV-006053,42,25,0
6057,STAD-MOV-006057,194,145,0
6058,STAD-MOV-006058,1765,1736,1
6062,STAD-MOV-006062,1033,616,1
6066,STAD-MOV-006066,135,89,0
6067,STAD-MOV-006067,207,133,0
6069,STAD-MOV-006069,15,4,0
6070,STAD-MOV-006070,66,62,0
6074,STAD-MOV-006074,16,9,0
6076,STAD-MOV-006076,55,24,0
6077,STAD-MOV-006077,203,171,1
6085,STAD-MOV-006085,8,3,0
6087,STAD-MOV-006087,49,17,0
6088,STAD-MOV-006088,37,26,0
6094,STAD-MOV-006094,199,76,0
6096,STAD-MOV-006096,49,16,0
6099,STAD-MOV-006099,70,37,0
6101,STAD-MOV-006101,428,250,1
6106,STAD-MOV-006106,9,6,0
6111,STAD-MOV-006111,44,35,0
6113,STAD-MOV-006113,30,14,0
6114,STAD-MOV-006114,80,40,0
6115,STAD-MOV-006115,142,75,0
6116,STAD-MOV-006116,158,77,0
6118,STAD-MOV-006118,97,56,0
6124,STAD-MOV-006124,140,23,0
6130,STAD-MOV-006130,38,20,0
6131,STAD-MOV-006131,41,21,0
6133,STAD-MOV-006133,33,21,0
6135,STAD-MOV-006135,67,50,0
6146,STAD-MOV-006146,16,2,0
6153,STAD-MOV-006153,280,190,1
6154,STAD-MOV-006154,119,74,0
6155,STAD-MOV-006155,3546,3476,1
6157,STAD-MOV-006157,4896,4750,1
6158,STAD-MOV-006158,252,246,1
6161,STAD-MOV-006161,43,21,0
6162,STAD-MOV-006162,274,137,0
6163,STAD-MOV-006163,467,316,1
6166,STAD-MOV-006166,1153,1082,1
6168,STAD-MOV-006168,93,74,0
6169,STAD-MOV-006169,116,77,0
6173,STAD-MOV-006173,101,57,0
6180,STAD-MOV-006180,105,63,0
6184,STAD-MOV-006184,1204,1046,1
6185,STAD-MOV-006185,431,310,1
6188,STAD-MOV-006188,5488,5301,1
6197,STAD-MOV-006197,1030,782,1
6199,STAD-MOV-006199,10,3,0
6200,STAD-MOV-006200,73,35,0
6202,STAD-MOV-006202,129,25,0
6203,STAD-MOV-006203,181,142,0
6208,STAD-MOV-006208,90,16,0
6210,STAD-MOV-006210,98,50,0
6222,STAD-MOV-006222,252,108,0
6224,STAD-MOV-006224,12,1,0
6226,STAD-MOV-006226,126,86,0
6229,STAD-MOV-006229,160,109,0
6231,STAD-MOV-006231,121,50,0
6233,STAD-MOV-006233,215,121,0
6235,STAD-MOV-006235,909,710,1
6240,STAD-MOV-006240,113,88,0
6242,STAD-MOV-006242,2561,2403,1
6243,STAD-MOV-006243,362,296,1
6249,STAD-MOV-006249,341,283,1
6254,STAD-MOV-006254,590,402,1
6255,STAD-MOV-006255,65,55,0
6257,STAD-MOV-006257,101,30,0
6259,STAD-MOV-006259,91,20,0
6262,STAD-MOV-006262,31,8,0
6263,STAD-MOV-006263,981,801,1
6267,STAD-MOV-006267,89,63,0
6270,STAD-MOV-006270,675,549,1
6273,STAD-MOV-006273,390,322,1
6274,STAD-MOV-006274,21,7,0
6275,STAD-MOV-006275,18,7,0
6276,STAD-MOV-006276,44,23,0
6281,STAD-MOV-006281,5101,4776,1
6284,STAD-MOV-006284,39,12,0
6288,STAD-MOV-006288,493,171,1
6290,STAD-MOV-006290,870,812,1
6296,STAD-MOV-006296,3058,2239,1
6299,STAD-MOV-006299,1291,932,1
6300,STAD-MOV-006300,275,140,0
6301,STAD-MOV-006301,1074,890,1
6305,STAD-MOV-006305,1586,1215,1
6306,STAD-MOV-006306,284,58,0
6308,STAD-MOV-006308,468,368,1
6310,STAD-MOV-006310,28,13,0
6312,STAD-MOV-006312,78,36,0
6313,STAD-MOV-006313,77,39,0
6319,STAD-MOV-006319,281,117,0
6320,STAD-MOV-006320,195,119,0
6322,STAD-MOV-006322,1042,783,1
6323,STAD-MOV-006323,4874,4740,1
6325,STAD-MOV-006325,219,6,0
6326,STAD-MOV-006326,107,69,0
6329,STAD-MOV-006329,177,120,0
6330,STAD-MOV-006330,120,85,0
6334,STAD-MOV-006334,172,70,0
6337,STAD-MOV-006337,529,355,1
6340,STAD-MOV-006340,8,2,0
6341,STAD-MOV-006341,397,275,1
6344,STAD-MOV-006344,452,158,1
6345,STAD-MOV-006345,483,402,1
6346,STAD-MOV-006346,112,59,0
6348,STAD-MOV-006348,181,133,0
6349,STAD-MOV-006349,174,130,0
6350,STAD-MOV-006350,3537,3426,1
6354,STAD-MOV-006354,49,29,0
6356,STAD-MOV-006356,376,335,1
6370,STAD-MOV-006370,1126,751,1
6373,STAD-MOV-006373,9159,9040,1
6374,STAD-MOV-006374,447,359,1
6375,STAD-MOV-006375,216,107,0
6377,STAD-MOV-006377,23569,23530,1
6379,STAD-MOV-006379,762,751,1
6380,STAD-MOV-006380,1768,723,1
6382,STAD-MOV-006382,155,24,0
6384,STAD-MOV-006384,41,29,0
6386,STAD-MOV-006386,90,56,0
6387,STAD-MOV-006387,230,176,1
6388,STAD-MOV-006388,42,15,0
6396,STAD-MOV-006396,96,45,0
6397,STAD-MOV-006397,13,2,0
6398,STAD-MOV-006398,86,58,0
6401,STAD-MOV-006401,163,127,0
6403,STAD-MOV-006403,137,91,0
6404,STAD-MOV-006404,85,52,0
6405,STAD-MOV-006405,375,306,1
6410,STAD-MOV-006410,218,155,1
6411,STAD-MOV-006411,29,25,0
6416,STAD-MOV-006416,166,89,0
6421,STAD-MOV-006421,34,24,0
6423,STAD-MOV-006423,142,97,0
6427,STAD-MOV-006427,128,51,0
6428,STAD-MOV-006428,666,592,1
6429,STAD-MOV-006429,258,183,1
6432,STAD-MOV-006432,75,58,0
6438,STAD-MOV-006438,42,12,0
6440,STAD-MOV-006440,3591,3079,1
6443,STAD-MOV-006443,25,9,0
6445,STAD-MOV-006445,52,28,0
6449,STAD-MOV-006449,50,16,0
6450,STAD-MOV-006450,192,118,0
6452,STAD-MOV-006452,238,209,1
6454,STAD-MOV-006454,203,121,0
6459,STAD-MOV-006459,138,94,0
6461,STAD-MOV-006461,1183,917,1
6462,STAD-MOV-006462,62,47,0
6465,STAD-MOV-006465,33,11,0
6470,STAD-MOV-006470,140,107,0
6472,STAD-MOV-006472,32,12,0
6474,STAD-MOV-006474,43,21,0
6479,STAD-MOV-006479,39,17,0
6482,STAD-MOV-006482,1428,1316,1
6486,STAD-MOV-006486,89,44,0
6492,STAD-MOV-006492,39,20,0
6493,STAD-MOV-006493,587,343,1
6498,STAD-MOV-006498,102,63,0
6502,STAD-MOV-006502,12170,12094,1
6503,STAD-MOV-006503,4112,3943,1
6506,STAD-MOV-006506,222,74,0
6508,STAD-MOV-006508,133,30,0
6515,STAD-MOV-006515,61,44,0
6516,STAD-MOV-006516,256,141,0
6521,STAD-MOV-006521,114,51,0
6522,STAD-MOV-006522,67,47,0
6523,STAD-MOV-006523,336,207,1
6525,STAD-MOV-006525,204,115,0
6526,STAD-MOV-006526,112,79,0
6527,STAD-MOV-006527,109,80,0
6529,STAD-MOV-006529,15,5,0
6532,STAD-MOV-006532,32,15,0
6535,STAD-MOV-006535,2021,1968,1
6542,STAD-MOV-006542,455,406,1
6543,STAD-MOV-006543,21,1,0
6549,STAD-MOV-006549,250,141,0
6558,STAD-MOV-006558,555,447,1
6560,STAD-MOV-006560,89,51,0
6566,STAD-MOV-006566,749,712,1
6569,STAD-MOV-006569,47,23,0
6573,STAD-MOV-006573,112,88,0
6577,STAD-MOV-006577,148,113,0
6579,STAD-MOV-006579,358,266,1
6581,STAD-MOV-006581,248,183,1
6582,STAD-MOV-006582,516,431,1
6583,STAD-MOV-006583,158,110,0
6585,STAD-MOV-006585,47,31,0
6589,STAD-MOV-006589,6,0,0
6590,STAD-MOV-006590,12,3,0
6593,STAD-MOV-006593,2514,2476,1
6596,STAD-MOV-006596,422,337,1
6599,STAD-MOV-006599,95,58,0
6601,STAD-MOV-006601,82,50,0
6603,STAD-MOV-006603,50,24,0
6604,STAD-MOV-006604,34,10,0
6607,STAD-MOV-006607,17,6,0
6608,STAD-MOV-006608,10,6,0
6611,STAD-MOV-006611,375,206,1
6613,STAD-MOV-006613,110,78,0
6614,STAD-MOV-006614,370,279,1
6617,STAD-MOV-006617,1328,1105,1
6619,STAD-MOV-006619,558,527,1
6623,STAD-MOV-006623,42,19,0
6625,STAD-MOV-006625,225,174,1
6627,STAD-MOV-006627,17,1,0
6628,STAD-MOV-006628,139,74,0
6629,STAD-MOV-006629,333,284,1
6631,STAD-MOV-006631,99,59,0
6634,STAD-MOV-006634,11,7,0
6636,STAD-MOV-006636,893,668,1
6643,STAD-MOV-006643,621,553,1
6644,STAD-MOV-006644,79,59,0
6645,STAD-MOV-006645,1152,800,1
6646,STAD-MOV-006646,189,145,0
6647,STAD-MOV-006647,37,4,0
6649,STAD-MOV-006649,69,29,0
6650,STAD-MOV-006650,871,593,1
6652,STAD-MOV-006652,151,117,0
6654,STAD-MOV-006654,15,8,0
6656,STAD-MOV-006656,40,15,0
6660,STAD-MOV-006660,442,377,1
6663,STAD-MOV-006663,1349,1182,1
6666,STAD-MOV-006666,896,741,1
6670,STAD-MOV-006670,92,24,0
6672,STAD-MOV-006672,208,25,0
6673,STAD-MOV-006673,37,14,0
6675,STAD-MOV-006675,8,3,0
6677,STAD-MOV-006677,8,0,0
6679,STAD-MOV-006679,189,14,0
6683,STAD-MOV-006683,120,28,0
6684,STAD-MOV-006684,202,143,0
6695,STAD-MOV-006695,669,622,1
6706,STAD-MOV-006706,30,16,0
6707,STAD-MOV-006707,1082,933,1
6710,STAD-MOV-006710,309,168,1
6712,STAD-MOV-006712,10,3,0
6714,STAD-MOV-006714,123,104,0
6716,STAD-MOV-006716,35,15,0
6722,STAD-MOV-006722,378,304,1
6723,STAD-MOV-006723,175,133,0
6725,STAD-MOV-006725,303,199,1
6727,STAD-MOV-006727,159,97,0
6729,STAD-MOV-006729,49,22,0
6730,STAD-MOV-006730,198,166,1
6731,STAD-MOV-006731,1173,1069,1
6732,STAD-MOV-006732,433,384,1
6734,STAD-MOV-006734,457,391,1
6736,STAD-MOV-006736,59,30,0
6737,STAD-MOV-006737,26,8,0
6740,STAD-MOV-006740,68,40,0
6741,STAD-MOV-006741,66,39,0
6743,STAD-MOV-006743,884,447,1
6744,STAD-MOV-006744,400,319,1
6746,STAD-MOV-006746,69,28,0
6751,STAD-MOV-006751,354,283,1
6756,STAD-MOV-006756,126,65,0
6757,STAD-MOV-006757,105,63,0
6758,STAD-MOV-006758,2,0,0
6761,STAD-MOV-006761,79,0,0
6766,STAD-MOV-006766,4,1,0
6768,STAD-MOV-006768,353,305,1
6771,STAD-MOV-006771,95,67,0
6777,STAD-MOV-006777,853,738,1
6780,STAD-MOV-006780,498,250,1
6781,STAD-MOV-006781,81,28,0
6782,STAD-MOV-006782,264,137,0
6785,STAD-MOV-006785,847,696,1
6786,STAD-MOV-006786,788,612,1
6787,STAD-MOV-006787,4390,4029,1
6789,STAD-MOV-006789,281,233,1
6800,STAD-MOV-006800,675,604,1
6806,STAD-MOV-006806,112,55,0
6807,STAD-MOV-006807,8665,7923,1
6809,STAD-MOV-006809,209,157,1
6813,STAD-MOV-006813,180,140,0
6816,STAD-MOV-006816,313,244,1
6818,STAD-MOV-006818,413,390,1
6820,STAD-MOV-006820,824,742,1
6821,STAD-MOV-006821,55,37,0
6824,STAD-MOV-006824,42,20,0
6825,STAD-MOV-006825,68,19,0
6830,STAD-MOV-006830,30,8,0
6833,STAD-MOV-006833,12,6,0
6834,STAD-MOV-006834,46,25,0
6838,STAD-MOV-006838,3,1,0
6841,STAD-MOV-006841,66,44,0
6846,STAD-MOV-006846,25,15,0
6848,STAD-MOV-006848,81,54,0
6850,STAD-MOV-006850,484,386,1
6852,STAD-MOV-006852,916,702,1
6853,STAD-MOV-006853,31,7,0
6861,STAD-MOV-006861,31,0,0
6862,STAD-MOV-006862,695,617,1
6863,STAD-MOV-006863,9071,8845,1
6866,STAD-MOV-006866,28,12,0
6869,STAD-MOV-006869,333,93,0
6872,STAD-MOV-006872,447,383,1
6874,STAD-MOV-006874,21746,21668,1
6877,STAD-MOV-006877,27,8,0
6879,STAD-MOV-006879,2935,2768,1
6880,STAD-MOV-006880,1324,1254,1
6885,STAD-MOV-006885,467,395,1
6888,STAD-MOV-006888,2521,2482,1
6890,STAD-MOV-006890,1753,1628,1
6892,STAD-MOV-006892,161,118,0
6893,STAD-MOV-006893,2194,1986,1
6896,STAD-MOV-006896,220,110,0
6897,STAD-MOV-006897,45,33,0
6898,STAD-MOV-006898,292,163,1
6909,STAD-MOV-006909,438,306,1
6918,STAD-MOV-006918,338,174,1
6919,STAD-MOV-006919,22,6,0
6920,STAD-MOV-006920,370,319,1
6921,STAD-MOV-006921,60,7,0
6927,STAD-MOV-006927,533,458,1
6930,STAD-MOV-006930,22,4,0
6931,STAD-MOV-006931,27,5,0
6936,STAD-MOV-006936,4495,4294,1
6938,STAD-MOV-006938,38,11,0
6942,STAD-MOV-006942,8716,8515,1
6951,STAD-MOV-006951,881,879,1
6954,STAD-MOV-006954,1201,738,1
6955,STAD-MOV-006955,20,6,0
6956,STAD-MOV-006956,22,9,0
6957,STAD-MOV-006957,3714,3397,1
6958,STAD-MOV-006958,590,554,1
6962,STAD-MOV-006962,15,0,0
6963,STAD-MOV-006963,412,17,0
6970,STAD-MOV-006970,500,243,1
6971,STAD-MOV-006971,383,215,1
6974,STAD-MOV-006974,869,696,1
6977,STAD-MOV-006977,507,424,1
6979,STAD-MOV-006979,4771,4430,1
6981,STAD-MOV-006981,154,117,0
6983,STAD-MOV-006983,239,178,1
6984,STAD-MOV-006984,229,140,0
6985,STAD-MOV-006985,753,601,1
6987,STAD-MOV-006987,1380,1203,1
6988,STAD-MOV-006988,147,84,0
6991,STAD-MOV-006991,485,404,1
6993,STAD-MOV-006993,2191,1919,1
6995,STAD-MOV-006995,202,160,1
7002,STAD-MOV-007002,74,7,0
7003,STAD-MOV-007003,312,183,1
7008,STAD-MOV-007008,818,745,1
7015,STAD-MOV-007015,169,145,0
7017,STAD-MOV-007017,826,753,1
7020,STAD-MOV-007020,354,145,0
7022,STAD-MOV-007022,4733,4418,1
7025,STAD-MOV-007025,406,242,1
7026,STAD-MOV-007026,439,362,1
7028,STAD-MOV-007028,661,569,1
7037,STAD-MOV-007037,197,166,1
7041,STAD-MOV-007041,149,133,0
7042,STAD-MOV-007042,452,389,1
7043,STAD-MOV-007043,306,250,1
7049,STAD-MOV-007049,86,56,0
7052,STAD-MOV-007052,37,14,0
7053,STAD-MOV-007053,46,10,0
7054,STAD-MOV-007054,210,162,1
7059,STAD-MOV-007059,309,191,1
7062,STAD-MOV-007062,596,510,1
7065,STAD-MOV-007065,363,308,1
7067,STAD-MOV-007067,298,189,1
7069,STAD-MOV-007069,287,202,1
7070,STAD-MOV-007070,539,405,1
7071,STAD-MOV-007071,308,273,1
7073,STAD-MOV-007073,1079,983,1
7075,STAD-MOV-007075,702,454,1
7079,STAD-MOV-007079,401,349,1
7080,STAD-MOV-007080,301,203,1
7082,STAD-MOV-007082,284,199,1
7084,STAD-MOV-007084,972,776,1
7091,STAD-MOV-007091,887,549,1
7092,STAD-MOV-007092,145,75,0
7093,STAD-MOV-007093,151,116,0
7099,STAD-MOV-007099,3334,3276,1
7104,STAD-MOV-007104,681,598,1
7105,STAD-MOV-007105,8,8,0
7106,STAD-MOV-007106,36,20,0
7107,STAD-MOV-007107,478,402,1
7113,STAD-MOV-007113,23,12,0
7118,STAD-MOV-007118,261,199,1
7123,STAD-MOV-007123,1401,1149,1
7128,STAD-MOV-007128,165,104,0
7130,STAD-MOV-007130,86,58,0
7131,STAD-MOV-007131,53,29,0
7135,STAD-MOV-007135,468,361,1
7136,STAD-MOV-007136,212,183,1
7138,STAD-MOV-007138,20,8,0
7139,STAD-MOV-007139,2399,1395,1
7140,STAD-MOV-007140,5,1,0
7142,STAD-MOV-007142,392,339,1
7145,STAD-MOV-007145,4,3,0
7146,STAD-MOV-007146,17,1,0
7149,STAD-MOV-007149,2836,2623,1
7150,STAD-MOV-007150,1051,886,1
7151,STAD-MOV-007151,1942,1697,1
7160,STAD-MOV-007160,3550,3380,1
7161,STAD-MOV-007161,1446,1354,1
7163,STAD-MOV-007163,2477,2273,1
7169,STAD-MOV-007169,407,322,1
7172,STAD-MOV-007172,70,35,0
7173,STAD-MOV-007173,2768,2607,1
7174,STAD-MOV-007174,59,40,0
7177,STAD-MOV-007177,308,185,1
7179,STAD-MOV-007179,182,154,1
7180,STAD-MOV-007180,29,15,0
7182,STAD-MOV-007182,37,16,0
7185,STAD-MOV-007185,72,57,0
7186,STAD-MOV-007186,51,35,0
7188,STAD-MOV-007188,46,14,0
7189,STAD-MOV-007189,80,42,0
7191,STAD-MOV-007191,79,43,0
7197,STAD-MOV-007197,49,28,0
7199,STAD-MOV-007199,221,127,0
7201,STAD-MOV-007201,70,52,0
7202,STAD-MOV-007202,147,95,0
7207,STAD-MOV-007207,99,66,0
7210,STAD-MOV-007210,427,343,1
7213,STAD-MOV-007213,43,13,0
7214,STAD-MOV-007214,23,14,0
7215,STAD-MOV-007215,892,687,1
7218,STAD-MOV-007218,460,354,1
7220,STAD-MOV-007220,89,37,0
7221,STAD-MOV-007221,63,31,0
7225,STAD-MOV-007225,312,208,1
7226,STAD-MOV-007226,57,48,0
7228,STAD-MOV-007228,701,625,1
7232,STAD-MOV-007232,46,38,0
7234,STAD-MOV-007234,905,534,1
7239,STAD-MOV-007239,89,46,0
7240,STAD-MOV-007240,41,24,0
7241,STAD-MOV-007241,160,74,0
7243,STAD-MOV-007243,187,145,0
7244,STAD-MOV-007244,60,15,0
7246,STAD-MOV-007246,14,3,0
7247,STAD-MOV-007247,1427,1213,1
7250,STAD-MOV-007250,239,174,1
7252,STAD-MOV-007252,70,25,0
7253,STAD-MOV-007253,62,19,0
7255,STAD-MOV-007255,686,566,1
7256,STAD-MOV-007256,2123,1576,1
7258,STAD-MOV-007258,372,291,1
7263,STAD-MOV-007263,1983,1562,1
7266,STAD-MOV-007266,144,35,0
7267,STAD-MOV-007267,42,30,0
7269,STAD-MOV-007269,28,17,0
7273,STAD-MOV-007273,16,12,0
7275,STAD-MOV-007275,61,19,0
7276,STAD-MOV-007276,43,16,0
7279,STAD-MOV-007279,18,10,0
7283,STAD-MOV-007283,128,45,0
7284,STAD-MOV-007284,124,83,0
7286,STAD-MOV-007286,144,60,0
7290,STAD-MOV-007290,27,16,0
7291,STAD-MOV-007291,21,11,0
7297,STAD-MOV-007297,291,46,0
7298,STAD-MOV-007298,11,3,0
7299,STAD-MOV-007299,346,160,1
7300,STAD-MOV-007300,347,301,1
7301,STAD-MOV-007301,174,109,0
7306,STAD-MOV-007306,97,64,0
7308,STAD-MOV-007308,290,256,1
7309,STAD-MOV-007309,46,26,0
7313,STAD-MOV-007313,121,74,0
7317,STAD-MOV-007317,1899,1802,1
7324,STAD-MOV-007324,1575,1366,1
7329,STAD-MOV-007329,24,17,0
7330,STAD-MOV-007330,20,6,0
7335,STAD-MOV-007335,264,195,1
7336,STAD-MOV-007336,51,41,0
7337,STAD-MOV-007337,23,12,0
7338,STAD-MOV-007338,175,91,0
7339,STAD-MOV-007339,12,7,0
7340,STAD-MOV-007340,298,278,1
7341,STAD-MOV-007341,61,48,0
7348,STAD-MOV-007348,903,704,1
7351,STAD-MOV-007351,40,4,0
7360,STAD-MOV-007360,4129,4039,1
7369,STAD-MOV-007369,723,643,1
7371,STAD-MOV-007371,2800,2552,1
7372,STAD-MOV-007372,234,185,1
7374,STAD-MOV-007374,283,273,1
7377,STAD-MOV-007377,377,286,1
7378,STAD-MOV-007378,86,62,0
7379,STAD-MOV-007379,449,395,1
7380,STAD-MOV-007380,941,887,1
7385,STAD-MOV-007385,56,21,0
7389,STAD-MOV-007389,186,149,0
7390,STAD-MOV-007390,35,16,0
7393,STAD-MOV-007393,35,28,0
7396,STAD-MOV-007396,497,385,1
7397,STAD-MOV-007397,22,7,0
7400,STAD-MOV-007400,14,5,0
7401,STAD-MOV-007401,17,3,0
7405,STAD-MOV-007405,81,33,0
7406,STAD-MOV-007406,65,46,0
7411,STAD-MOV-007411,30,14,0
7419,STAD-MOV-007419,1342,1187,1
7437,STAD-MOV-007437,192,119,0
7439,STAD-MOV-007439,1461,1433,1
7440,STAD-MOV-007440,166,11,0
7442,STAD-MOV-007442,199,161,1
7443,STAD-MOV-007443,17,4,0
7444,STAD-MOV-007444,3330,3255,1
7445,STAD-MOV-007445,4874,4789,1
7447,STAD-MOV-007447,6,0,0
7448,STAD-MOV-007448,519,356,1
7449,STAD-MOV-007449,446,339,1
7450,STAD-MOV-007450,458,356,1
7454,STAD-MOV-007454,3712,3648,1
7456,STAD-MOV-007456,122,48,0
7457,STAD-MOV-007457,60,44,0
7460,STAD-MOV-007460,1340,1079,1
7474,STAD-MOV-007474,86,43,0
7477,STAD-MOV-007477,46,39,0
7483,STAD-MOV-007483,12,6,0
7485,STAD-MOV-007485,149,92,0
7488,STAD-MOV-007488,47,10,0
7489,STAD-MOV-007489,222,54,0
7490,STAD-MOV-007490,50,12,0
7493,STAD-MOV-007493,394,254,1
7505,STAD-MOV-007505,334,146,0
7521,STAD-MOV-007521,32,16,0
7537,STAD-MOV-007537,3,0,0
7541,STAD-MOV-007541,362,316,1
7560,STAD-MOV-007560,873,630,1
7564,STAD-MOV-007564,290,210,1
7566,STAD-MOV-007566,756,355,1
7567,STAD-MOV-007567,5,1,0
7568,STAD-MOV-007568,3,3,0
7571,STAD-MOV-007571,50,29,0
7577,STAD-MOV-007577,177,66,0
7578,STAD-MOV-007578,86,36,0
7579,STAD-MOV-007579,537,362,1
7580,STAD-MOV-007580,122,90,0
7583,STAD-MOV-007583,33,23,0
7585,STAD-MOV-007585,117,48,0
7586,STAD-MOV-007586,146,83,0
7587,STAD-MOV-007587,645,581,1
7613,STAD-MOV-007613,102,82,0
7616,STAD-MOV-007616,322,293,1
7620,STAD-MOV-007620,209,43,0
7621,STAD-MOV-007621,22,11,0
7623,STAD-MOV-007623,11,9,0
7625,STAD-MOV-007625,44,13,0
7636,STAD-MOV-007636,201,149,0
7637,STAD-MOV-007637,128,81,0
7644,STAD-MOV-007644,9,0,0
7647,STAD-MOV-007647,305,216,1
7648,STAD-MOV-007648,18,2,0
7649,STAD-MOV-007649,1043,613,1
7650,STAD-MOV-007650,115,72,0
7657,STAD-MOV-007657,77,38,0
7669,STAD-MOV-007669,1734,842,1
7699,STAD-MOV-007699,15,3,0
7700,STAD-MOV-007700,712,620,1
7701,STAD-MOV-007701,1533,1349,1
7702,STAD-MOV-007702,191,127,0
7703,STAD-MOV-007703,44,15,0
7705,STAD-MOV-007705,264,113,0
7706,STAD-MOV-007706,922,407,1
7707,STAD-MOV-007707,191,136,0
7719,STAD-MOV-007719,37,19,0
7725,STAD-MOV-007725,249,204,1
7726,STAD-MOV-007726,10,0,0
7739,STAD-MOV-007739,43,14,0
7749,STAD-MOV-007749,228,144,0
7751,STAD-MOV-007751,14,4,0
7753,STAD-MOV-007753,101,32,0
7756,STAD-MOV-007756,264,80,0
7763,STAD-MOV-007763,105,34,0
7764,STAD-MOV-007764,57,14,0
7765,STAD-MOV-007765,7,0,0
7766,STAD-MOV-007766,1061,907,1
7767,STAD-MOV-007767,425,261,1
7769,STAD-MOV-007769,40,16,0
7771,STAD-MOV-007771,422,302,1
7773,STAD-MOV-007773,475,246,1
7774,STAD-MOV-007774,45,13,0
7775,STAD-MOV-007775,41,12,0
7778,STAD-MOV-007778,7,5,0
7786,STAD-MOV-007786,190,41,0
7808,STAD-MOV-007808,11,7,0
7810,STAD-MOV-007810,562,343,1
7811,STAD-MOV-007811,420,224,1
7812,STAD-MOV-007812,440,181,1
7816,STAD-MOV-007816,3,0,0
7817,STAD-MOV-007817,432,319,1
7818,STAD-MOV-007818,64,16,0
7820,STAD-MOV-007820,477,357,1
7822,STAD-MOV-007822,57,29,0
7823,STAD-MOV-007823,2,0,0
7824,STAD-MOV-007824,17,4,0
7828,STAD-MOV-007828,16,2,0
7831,STAD-MOV-007831,336,184,1
7833,STAD-MOV-007833,278,157,1
7836,STAD-MOV-007836,1017,671,1
7840,STAD-MOV-007840,407,224,1
7843,STAD-MOV-007843,110,12,0
7844,STAD-MOV-007844,346,257,1
7872,STAD-MOV-007872,18,3,0
7878,STAD-MOV-007878,43,11,0
7880,STAD-MOV-007880,30,11,0
7887,STAD-MOV-007887,23,9,0
7888,STAD-MOV-007888,279,205,1
7889,STAD-MOV-007889,276,227,1
7897,STAD-MOV-007897,143,119,0
7899,STAD-MOV-007899,153,66,0
7900,STAD-MOV-007900,35,23,0
7913,STAD-MOV-007913,28,22,0
7914,STAD-MOV-007914,64,17,0
7915,STAD-MOV-007915,214,42,0
7919,STAD-MOV-007919,145,104,0
7920,STAD-MOV-007920,148,105,0
7922,STAD-MOV-007922,40,23,0
7923,STAD-MOV-007923,98,51,0
7926,STAD-MOV-007926,601,573,1
7932,STAD-MOV-007932,445,34,0
7935,STAD-MOV-007935,50,27,0
7940,STAD-MOV-007940,164,132,0
7944,STAD-MOV-007944,233,162,1
7945,STAD-MOV-007945,17,6,0
7950,STAD-MOV-007950,9,1,0
7951,STAD-MOV-007951,210,173,1
7952,STAD-MOV-007952,19,10,0
7953,STAD-MOV-007953,25,7,0
7959,STAD-MOV-007959,70,41,0
7976,STAD-MOV-007976,269,250,1
7982,STAD-MOV-007982,620,561,1
7985,STAD-MOV-007985,12,5,0
7986,STAD-MOV-007986,99,48,0
7991,STAD-MOV-007991,545,425,1
7993,STAD-MOV-007993,84,47,0
7994,STAD-MOV-007994,24,15,0
8009,STAD-MOV-008009,30,11,0
8010,STAD-MOV-008010,468,391,1
8013,STAD-MOV-008013,72,52,0
8016,STAD-MOV-008016,507,420,1
8025,STAD-MOV-008025,69,19,0
8037,STAD-MOV-008037,12,4,0
8038,STAD-MOV-008038,3,0,0
8055,STAD-MOV-008055,18,3,0
8056,STAD-MOV-008056,96,68,0
8068,STAD-MOV-008068,21,8,0
8093,STAD-MOV-008093,132,82,0
8094,STAD-MOV-008094,539,400,1
8117,STAD-MOV-008117,311,219,1
8118,STAD-MOV-008118,83,67,0
8121,STAD-MOV-008121,227,27,0
8123,STAD-MOV-008123,78,48,0
8127,STAD-MOV-008127,58,40,0
8130,STAD-MOV-008130,133,41,0
8131,STAD-MOV-008131,622,209,1
8132,STAD-MOV-008132,3595,3171,1
8133,STAD-MOV-008133,79,35,0
8136,STAD-MOV-008136,33,11,0
8139,STAD-MOV-008139,24,15,0
8140,STAD-MOV-008140,54,26,0
8141,STAD-MOV-008141,25,17,0
8143,STAD-MOV-008143,82,50,0
8147,STAD-MOV-008147,531,266,1
8153,STAD-MOV-008153,126,83,0
8154,STAD-MOV-008154,1268,1156,1
8167,STAD-MOV-008167,467,365,1
8183,STAD-MOV-008183,660,435,1
8189,STAD-MOV-008189,79,39,0
8190,STAD-MOV-008190,137,88,0
8191,STAD-MOV-008191,293,217,1
8196,STAD-MOV-008196,195,158,1
8197,STAD-MOV-008197,451,410,1
8201,STAD-MOV-008201,100,63,0
8202,STAD-MOV-008202,45,20,0
8207,STAD-MOV-008207,1735,1547,1
8224,STAD-MOV-008224,14,3,0
8225,STAD-MOV-008225,554,483,1
8227,STAD-MOV-008227,87,61,0
8235,STAD-MOV-008235,319,230,1
8241,STAD-MOV-008241,62,24,0
8256,STAD-MOV-008256,113,71,0
8258,STAD-MOV-008258,81,66,0
8262,STAD-MOV-008262,14,3,0
8266,STAD-MOV-008266,523,365,1
8269,STAD-MOV-008269,38,12,0
8290,STAD-MOV-008290,76,15,0
8330,STAD-MOV-008330,153,79,0
8331,STAD-MOV-008331,131,79,0
8332,STAD-MOV-008332,105,52,0
8334,STAD-MOV-008334,214,165,1
8360,STAD-MOV-008360,14564,14464,1
8364,STAD-MOV-008364,313,86,0
8366,STAD-MOV-008366,2338,1529,1
8369,STAD-MOV-008369,618,551,1
8370,STAD-MOV-008370,1692,1392,1
8371,STAD-MOV-008371,3370,3049,1
8372,STAD-MOV-008372,1080,1030,1
8373,STAD-MOV-008373,1821,1623,1
8376,STAD-MOV-008376,6502,5739,1
8377,STAD-MOV-008377,71,42,0
8380,STAD-MOV-008380,54,49,0
8383,STAD-MOV-008383,111,67,0
8384,STAD-MOV-008384,29,15,0
8387,STAD-MOV-008387,927,822,1
8388,STAD-MOV-008388,34,9,0
8391,STAD-MOV-008391,65,40,0
8392,STAD-MOV-008392,36,15,0
8395,STAD-MOV-008395,91,70,0
8399,STAD-MOV-008399,18,13,0
8400,STAD-MOV-008400,83,39,0
8404,STAD-MOV-008404,355,253,1
8407,STAD-MOV-008407,46,35,0
8410,STAD-MOV-008410,97,44,0
8420,STAD-MOV-008420,14,6,0
8423,STAD-MOV-008423,51,10,0
8425,STAD-MOV-008425,60,18,0
8446,STAD-MOV-008446,194,127,0
8452,STAD-MOV-008452,20,3,0
8462,STAD-MOV-008462,45,23,0
8469,STAD-MOV-008469,10,5,0
8478,STAD-MOV-008478,33,16,0
8482,STAD-MOV-008482,355,283,1
8484,STAD-MOV-008484,93,62,0
8496,STAD-MOV-008496,154,134,0
8499,STAD-MOV-008499,154,142,0
8501,STAD-MOV-008501,714,667,1
8502,STAD-MOV-008502,124,51,0
8506,STAD-MOV-008506,48,21,0
8516,STAD-MOV-008516,297,246,1
8518,STAD-MOV-008518,44,9,0
8519,STAD-MOV-008519,13,0,0
8521,STAD-MOV-008521,246,183,1
8522,STAD-MOV-008522,82,16,0
8530,STAD-MOV-008530,862,632,1
8531,STAD-MOV-008531,1177,1172,1
8532,STAD-MOV-008532,439,332,1
8535,STAD-MOV-008535,322,160,1
8536,STAD-MOV-008536,5,2,0
8540,STAD-MOV-008540,58,37,0
8543,STAD-MOV-008543,62,25,0
8544,STAD-MOV-008544,28,20,0
8575,STAD-MOV-008575,190,55,0
8577,STAD-MOV-008577,52,10,0
8578,STAD-MOV-008578,211,109,0
8579,STAD-MOV-008579,46,31,0
8580,STAD-MOV-008580,456,219,1
8582,STAD-MOV-008582,474,141,0
8584,STAD-MOV-008584,123,94,0
8597,STAD-MOV-008597,16,8,0
8601,STAD-MOV-008601,145,26,0
8605,STAD-MOV-008605,289,248,1
8606,STAD-MOV-008606,17,1,0
8608,STAD-MOV-008608,91,70,0
8612,STAD-MOV-008612,114,57,0
8613,STAD-MOV-008613,25,3,0
8614,STAD-MOV-008614,778,686,1
8615,STAD-MOV-008615,45,29,0
8616,STAD-MOV-008616,60,22,0
8621,STAD-MOV-008621,15,9,0
8622,STAD-MOV-008622,8179,6450,1
8625,STAD-MOV-008625,23,0,0
8630,STAD-MOV-008630,14,5,0
8636,STAD-MOV-008636,15712,15338,1
8637,STAD-MOV-008637,13,2,0
8640,STAD-MOV-008640,1971,1879,1
8641,STAD-MOV-008641,5258,4981,1
8642,STAD-MOV-008642,98,84,0
8644,STAD-MOV-008644,9666,9592,1
8646,STAD-MOV-008646,7,6,0
8649,STAD-MOV-008649,48,33,0
8650,STAD-MOV-008650,139,83,0
8653,STAD-MOV-008653,20,13,0
8658,STAD-MOV-008658,57,47,0
8667,STAD-MOV-008667,299,216,1
8669,STAD-MOV-008669,48,37,0
8670,STAD-MOV-008670,243,181,1
8672,STAD-MOV-008672,15,8,0
8675,STAD-MOV-008675,165,129,0
8680,STAD-MOV-008680,59,18,0
8684,STAD-MOV-008684,294,240,1
8688,STAD-MOV-008688,28,20,0
8691,STAD-MOV-008691,11,0,0
8693,STAD-MOV-008693,21,7,0
8695,STAD-MOV-008695,195,128,0
8698,STAD-MOV-008698,61,46,0
8700,STAD-MOV-008700,87,47,0
8703,STAD-MOV-008703,27,5,0
8704,STAD-MOV-008704,14,6,0
8712,STAD-MOV-008712,322,207,1
8721,STAD-MOV-008721,31,18,0
8727,STAD-MOV-008727,87,70,0
8728,STAD-MOV-008728,28,17,0
8730,STAD-MOV-008730,135,110,0
8731,STAD-MOV-008731,282,182,1
8732,STAD-MOV-008732,105,50,0
8734,STAD-MOV-008734,24,17,0
8736,STAD-MOV-008736,26,18,0
8737,STAD-MOV-008737,4,0,0
8741,STAD-MOV-008741,15,8,0
8742,STAD-MOV-008742,20,8,0
8749,STAD-MOV-008749,62,53,0
8750,STAD-MOV-008750,16,6,0
8751,STAD-MOV-008751,210,147,0
8753,STAD-MOV-008753,111,14,0
8759,STAD-MOV-008759,19,8,0
8761,STAD-MOV-008761,77,40,0
8763,STAD-MOV-008763,15,11,0
8765,STAD-MOV-008765,228,165,1
8766,STAD-MOV-008766,34,11,0
8769,STAD-MOV-008769,51,26,0
8771,STAD-MOV-008771,37,12,0
8772,STAD-MOV-008772,467,373,1
8773,STAD-MOV-008773,127,90,0
8778,STAD-MOV-008778,71,41,0
8780,STAD-MOV-008780,51,25,0
8781,STAD-MOV-008781,2539,2207,1
8784,STAD-MOV-008784,9454,7932,1
8785,STAD-MOV-008785,132,29,0
8787,STAD-MOV-008787,69,16,0
8792,STAD-MOV-008792,28,12,0
8794,STAD-MOV-008794,31,10,0
8804,STAD-MOV-008804,34,24,0
8805,STAD-MOV-008805,111,22,0
8806,STAD-MOV-008806,6,1,0
8810,STAD-MOV-008810,3755,3571,1
8820,STAD-MOV-008820,30,12,0
8821,STAD-MOV-008821,39,23,0
8828,STAD-MOV-008828,32,19,0
8831,STAD-MOV-008831,327,248,1
8835,STAD-MOV-008835,189,138,0
8837,STAD-MOV-008837,21,11,0
8838,STAD-MOV-008838,559,473,1
8842,STAD-MOV-008842,12,3,0
8846,STAD-MOV-008846,67,52,0
8849,STAD-MOV-008849,64,41,0
8851,STAD-MOV-008851,68,36,0
8855,STAD-MOV-008855,108,66,0
8856,STAD-MOV-008856,28,9,0
8857,STAD-MOV-008857,19,9,0
8859,STAD-MOV-008859,209,138,0
8860,STAD-MOV-008860,1306,1152,1
8861,STAD-MOV-008861,2520,2468,1
8862,STAD-MOV-008862,233,174,1
8864,STAD-MOV-008864,310,233,1
8865,STAD-MOV-008865,3111,2813,1
8866,STAD-MOV-008866,1212,989,1
8868,STAD-MOV-008868,108,87,0
8871,STAD-MOV-008871,66,54,0
8873,STAD-MOV-008873,3968,3147,1
8874,STAD-MOV-008874,11651,11450,1
8876,STAD-MOV-008876,15,8,0
8878,STAD-MOV-008878,28,6,0
8883,STAD-MOV-008883,16,7,0
8884,STAD-MOV-008884,349,286,1
8885,STAD-MOV-008885,76,55,0
8886,STAD-MOV-008886,75,67,0
8890,STAD-MOV-008890,19,5,0
8891,STAD-MOV-008891,40,23,0
8893,STAD-MOV-008893,69,20,0
8894,STAD-MOV-008894,203,161,1
8901,STAD-MOV-008901,22,9,0
8902,STAD-MOV-008902,40,11,0
8905,STAD-MOV-008905,395,339,1
8909,STAD-MOV-008909,3,1,0
8913,STAD-MOV-008913,58,31,0
8914,STAD-MOV-008914,2643,2048,1
8915,STAD-MOV-008915,284,195,1
8922,STAD-MOV-008922,63,32,0
8924,STAD-MOV-008924,68,46,0
8925,STAD-MOV-008925,13,3,0
8928,STAD-MOV-008928,371,323,1
8930,STAD-MOV-008930,299,145,0
8932,STAD-MOV-008932,87,56,0
8933,STAD-MOV-008933,218,108,0
8935,STAD-MOV-008935,56,44,0
8937,STAD-MOV-008937,1345,1071,1
8939,STAD-MOV-008939,599,483,1
8948,STAD-MOV-008948,1085,807,1
8949,STAD-MOV-008949,7532,6462,1
8951,STAD-MOV-008951,779,592,1
8955,STAD-MOV-008955,197,137,0
8959,STAD-MOV-008959,470,380,1
8963,STAD-MOV-008963,99,65,0
8964,STAD-MOV-008964,44,11,0
8966,STAD-MOV-008966,1843,1418,1
8968,STAD-MOV-008968,797,735,1
8971,STAD-MOV-008971,55,34,0
8972,STAD-MOV-008972,4741,4709,1
8975,STAD-MOV-008975,5,1,0
8976,STAD-MOV-008976,10,4,0
8977,STAD-MOV-008977,1745,1697,1
8978,STAD-MOV-008978,386,359,1
8979,STAD-MOV-008979,61,3,0
8982,STAD-MOV-008982,214,134,0
8983,STAD-MOV-008983,4119,3632,1
8986,STAD-MOV-008986,79,33,0
8988,STAD-MOV-008988,76,43,0
8989,STAD-MOV-008989,194,50,0
8990,STAD-MOV-008990,34,15,0
8997,STAD-MOV-008997,25,12,0
8998,STAD-MOV-008998,359,202,1
9000,STAD-MOV-009000,102,67,0
9001,STAD-MOV-009001,51,34,0
9002,STAD-MOV-009002,62,37,0
9003,STAD-MOV-009003,32,15,0
9004,STAD-MOV-009004,369,275,1
9005,STAD-MOV-009005,310,272,1
9008,STAD-MOV-009008,45,29,0
9009,STAD-MOV-009009,7,2,0
9010,STAD-MOV-009010,676,521,1
9011,STAD-MOV-009011,72,41,0
9013,STAD-MOV-009013,62,12,0
9014,STAD-MOV-009014,45,35,0
9017,STAD-MOV-009017,24,8,0
9018,STAD-MOV-009018,723,53,0
25735,STAD-MOV-025735,8,2,0
25736,STAD-MOV-025736,27,11,0
25737,STAD-MOV-025737,52,32,0
25738,STAD-MOV-025738,66,23,0
25739,STAD-MOV-025739,10,3,0
25741,STAD-MOV-025741,41,29,0
25743,STAD-MOV-025743,7,2,0
25747,STAD-MOV-025747,5,1,0
25748,STAD-MOV-025748,13,10,0
25749,STAD-MOV-025749,5,1,0
25760,STAD-MOV-025760,1,0,0
25762,STAD-MOV-025762,64,20,0
25765,STAD-MOV-025765,24,6,0
25766,STAD-MOV-025766,89,38,0
25771,STAD-MOV-025771,640,440,1
25773,STAD-MOV-025773,200,138,0
25774,STAD-MOV-025774,162,118,0
25783,STAD-MOV-025783,13,6,0
25786,STAD-MOV-025786,39,30,0
25787,STAD-MOV-025787,3,3,0
25792,STAD-MOV-025792,45,8,0
25798,STAD-MOV-025798,44,28,0
25802,STAD-MOV-025802,46,29,0
25805,STAD-MOV-025805,261,141,0
25806,STAD-MOV-025806,8,5,0
25819,STAD-MOV-025819,25,18,0
25822,STAD-MOV-025822,24,15,0
25826,STAD-MOV-025826,172,90,0
25828,STAD-MOV-025828,205,84,0
25829,STAD-MOV-025829,7,3,0
25830,STAD-MOV-025830,38,14,0
25832,STAD-MOV-025832,10,3,0
25834,STAD-MOV-025834,142,92,0
25846,STAD-MOV-025846,11,3,0
25850,STAD-MOV-025850,428,273,1
25856,STAD-MOV-025856,294,241,1
25858,STAD-MOV-025858,13,5,0
25859,STAD-MOV-025859,25,14,0
25860,STAD-MOV-025860,11,3,0
25861,STAD-MOV-025861,15,3,0
25866,STAD-MOV-025866,147,99,0
25872,STAD-MOV-025872,4,2,0
25874,STAD-MOV-025874,22,3,0
25884,STAD-MOV-025884,5,2,0
25887,STAD-MOV-025887,5,1,0
25898,STAD-MOV-025898,154,109,0
25899,STAD-MOV-025899,48,27,0
25900,STAD-MOV-025900,64,27,0
25903,STAD-MOV-025903,22,13,0
25904,STAD-MOV-025904,90,43,0
25907,STAD-MOV-025907,6,4,0
25908,STAD-MOV-025908,40,26,0
25910,STAD-MOV-025910,3,2,0
25916,STAD-MOV-025916,97,54,0
25919,STAD-MOV-025919,7,4,0
25920,STAD-MOV-025920,43,22,0
25922,STAD-MOV-025922,10,3,0
25926,STAD-MOV-025926,23,13,0
25928,STAD-MOV-025928,2,0,0
25935,STAD-MOV-025935,1,1,0
25936,STAD-MOV-025936,5,4,0
25940,STAD-MOV-025940,406,334,1
25944,STAD-MOV-025944,25,17,0
25945,STAD-MOV-025945,92,70,0
25950,STAD-MOV-025950,24,19,0
25956,STAD-MOV-025956,6,2,0
25959,STAD-MOV-025959,48,31,0
25961,STAD-MOV-025961,99,57,0
25966,STAD-MOV-025966,12,5,0
25971,STAD-MOV-025971,184,104,0
25974,STAD-MOV-025974,15,14,0
25975,STAD-MOV-025975,34,8,0
25976,STAD-MOV-025976,15,7,0
25979,STAD-MOV-025979,3,3,0
25986,STAD-MOV-025986,20,7,0
25996,STAD-MOV-025996,169,137,0
25998,STAD-MOV-025998,22,14,0
25999,STAD-MOV-025999,215,169,1
26000,STAD-MOV-026000,6,3,0
26002,STAD-MOV-026002,86,55,0
26003,STAD-MOV-026003,302,258,1
26005,STAD-MOV-026005,92,40,0
26006,STAD-MOV-026006,10,1,0
26009,STAD-MOV-026009,39,12,0
26018,STAD-MOV-026018,0,0,0
26021,STAD-MOV-026021,40,31,0
26022,STAD-MOV-026022,11,6,0
26025,STAD-MOV-026025,56,42,0
26030,STAD-MOV-026030,6,2,0
26042,STAD-MOV-026042,3,2,0
26048,STAD-MOV-026048,57,32,0
26050,STAD-MOV-026050,1,0,0
26058,STAD-MOV-026058,1,1,0
26059,STAD-MOV-026059,28,10,0
26066,STAD-MOV-026066,5,3,0
26067,STAD-MOV-026067,13,3,0
26072,STAD-MOV-026072,14,10,0
26076,STAD-MOV-026076,6,2,0
26080,STAD-MOV-026080,25,10,0
26084,STAD-MOV-026084,737,515,1
26086,STAD-MOV-026086,18,2,0
26088,STAD-MOV-026088,1,0,0
26090,STAD-MOV-026090,31,29,0
26093,STAD-MOV-026093,13,7,0
26098,STAD-MOV-026098,8,2,0
26101,STAD-MOV-026101,190,157,1
26106,STAD-MOV-026106,13,7,0
26107,STAD-MOV-026107,17,13,0
26108,STAD-MOV-026108,3,2,0
26110,STAD-MOV-026110,17,4,0
26112,STAD-MOV-026112,18,13,0
26123,STAD-MOV-026123,49,40,0
26125,STAD-MOV-026125,12,7,0
26128,STAD-MOV-026128,37,27,0
26133,STAD-MOV-026133,985,845,1
26140,STAD-MOV-026140,6,1,0
26144,STAD-MOV-026144,39,23,0
26146,STAD-MOV-026146,7,5,0
26148,STAD-MOV-026148,179,123,0
26153,STAD-MOV-026153,30,23,0
26155,STAD-MOV-026155,70,50,0
26157,STAD-MOV-026157,55,24,0
26160,STAD-MOV-026160,28,21,0
26164,STAD-MOV-026164,31,8,0
26167,STAD-MOV-026167,10,4,0
26169,STAD-MOV-026169,62,22,0
26170,STAD-MOV-026170,77,54,0
26174,STAD-MOV-026174,43,23,0
26176,STAD-MOV-026176,42,14,0
26181,STAD-MOV-026181,105,81,0
26188,STAD-MOV-026188,41,18,0
26189,STAD-MOV-026189,37,21,0
26197,STAD-MOV-026197,13,6,0
26198,STAD-MOV-026198,171,137,0
26199,STAD-MOV-026199,133,89,0
26205,STAD-MOV-026205,26,18,0
26211,STAD-MOV-026211,20,7,0
26214,STAD-MOV-026214,3,2,0
26215,STAD-MOV-026215,7,0,0
26216,STAD-MOV-026216,2,1,0
26221,STAD-MOV-026221,5,0,0
26223,STAD-MOV-026223,1,0,0
26236,STAD-MOV-026236,12,5,0
26237,STAD-MOV-026237,82,61,0
26247,STAD-MOV-026247,12,7,0
26248,STAD-MOV-026248,29,13,0
26249,STAD-MOV-026249,162,143,0
26253,STAD-MOV-026253,29,16,0
26254,STAD-MOV-026254,1,1,0
26257,STAD-MOV-026257,35,21,0
26259,STAD-MOV-026259,25,10,0
26265,STAD-MOV-026265,41,29,0
26268,STAD-MOV-026268,50,36,0
26269,STAD-MOV-026269,126,63,0
26271,STAD-MOV-026271,94,43,0
26280,STAD-MOV-026280,71,43,0
26282,STAD-MOV-026282,18,16,0
26287,STAD-MOV-026287,1,0,0
26288,STAD-MOV-026288,25,13,0
26290,STAD-MOV-026290,5,4,0
26295,STAD-MOV-026295,6,1,0
26297,STAD-MOV-026297,10,2,0
26299,STAD-MOV-026299,51,31,0
26302,STAD-MOV-026302,146,92,0
26304,STAD-MOV-026304,2,2,0
26306,STAD-MOV-026306,95,56,0
26308,STAD-MOV-026308,7,6,0
26309,STAD-MOV-026309,16,11,0
26317,STAD-MOV-026317,69,61,0
26321,STAD-MOV-026321,18,4,0
26322,STAD-MOV-026322,137,95,0
26327,STAD-MOV-026327,15,10,0
26333,STAD-MOV-026333,19,9,0
26336,STAD-MOV-026336,80,51,0
26338,STAD-MOV-026338,15,3,0
26339,STAD-MOV-026339,21,1,0
26342,STAD-MOV-026342,57,43,0
26343,STAD-MOV-026343,11,6,0
26345,STAD-MOV-026345,39,28,0
26346,STAD-MOV-026346,29,17,0
26349,STAD-MOV-026349,209,172,1
26353,STAD-MOV-026353,2,2,0
26357,STAD-MOV-026357,14,3,0
26360,STAD-MOV-026360,67,40,0
26362,STAD-MOV-026362,3,0,0
26364,STAD-MOV-026364,19,15,0
26366,STAD-MOV-026366,161,90,0
26369,STAD-MOV-026369,7,5,0
26371,STAD-MOV-026371,82,56,0
26372,STAD-MOV-026372,9,2,0
26379,STAD-MOV-026379,69,29,0
26386,STAD-MOV-026386,361,264,1
26392,STAD-MOV-026392,11,4,0
26400,STAD-MOV-026400,160,26,0
26402,STAD-MOV-026402,2,1,0
26403,STAD-MOV-026403,266,215,1
26409,STAD-MOV-026409,12,6,0
26410,STAD-MOV-026410,7,1,0
26414,STAD-MOV-026414,72,38,0
26416,STAD-MOV-026416,11,1,0
26424,STAD-MOV-026424,7,4,0
26425,STAD-MOV-026425,329,260,1
26435,STAD-MOV-026435,11,8,0
26436,STAD-MOV-026436,3,1,0
26438,STAD-MOV-026438,6,3,0
26444,STAD-MOV-026444,282,109,0
26459,STAD-MOV-026459,3,2,0
26462,STAD-MOV-026462,330,297,1
26463,STAD-MOV-026463,66,30,0
26464,STAD-MOV-026464,162,152,1
26465,STAD-MOV-026465,64,45,0
26468,STAD-MOV-026468,18,11,0
26481,STAD-MOV-026481,17,11,0
26484,STAD-MOV-026484,5,1,0
26485,STAD-MOV-026485,363,318,1
26489,STAD-MOV-026489,5,3,0
26490,STAD-MOV-026490,22,12,0
26493,STAD-MOV-026493,46,24,0
26494,STAD-MOV-026494,42,11,0
26501,STAD-MOV-026501,39,21,0
26502,STAD-MOV-026502,166,137,0
26505,STAD-MOV-026505,20,8,0
26507,STAD-MOV-026507,4,1,0
26509,STAD-MOV-026509,89,68,0
26520,STAD-MOV-026520,12,9,0
26524,STAD-MOV-026524,250,130,0
26526,STAD-MOV-026526,3,1,0
26528,STAD-MOV-026528,477,425,1
26532,STAD-MOV-026532,4,1,0
26538,STAD-MOV-026538,17,12,0
26542,STAD-MOV-026542,10,9,0
26546,STAD-MOV-026546,7,5,0
26550,STAD-MOV-026550,63,60,0
26553,STAD-MOV-026553,18,10,0
26554,STAD-MOV-026554,372,262,1
26555,STAD-MOV-026555,726,623,1
26560,STAD-MOV-026560,85,27,0
26561,STAD-MOV-026561,97,68,0
26565,STAD-MOV-026565,36,30,0
26567,STAD-MOV-026567,72,50,0
26577,STAD-MOV-026577,47,7,0
26578,STAD-MOV-026578,200,154,1
26581,STAD-MOV-026581,20,3,0
26582,STAD-MOV-026582,18,8,0
26585,STAD-MOV-026585,283,252,1
26587,STAD-MOV-026587,402,195,1
26589,STAD-MOV-026589,6,6,0
26611,STAD-MOV-026611,12,7,0
26615,STAD-MOV-026615,4,2,0
26617,STAD-MOV-026617,18,5,0
26628,STAD-MOV-026628,4,3,0
26629,STAD-MOV-026629,262,233,1
26634,STAD-MOV-026634,5,2,0
26643,STAD-MOV-026643,17,3,0
26644,STAD-MOV-026644,25,24,0
26663,STAD-MOV-026663,139,35,0
26672,STAD-MOV-026672,8,2,0
26674,STAD-MOV-026674,40,19,0
26675,STAD-MOV-026675,13,6,0
26676,STAD-MOV-026676,46,31,0
26681,STAD-MOV-026681,106,95,0
26686,STAD-MOV-026686,234,175,1
26688,STAD-MOV-026688,211,188,1
26689,STAD-MOV-026689,21,10,0
26693,STAD-MOV-026693,432,217,1
26699,STAD-MOV-026699,58,39,0
26700,STAD-MOV-026700,147,93,0
26701,STAD-MOV-026701,94,59,0
26702,STAD-MOV-026702,52,21,0
26703,STAD-MOV-026703,18,6,0
26704,STAD-MOV-026704,269,238,1
26708,STAD-MOV-026708,1,1,0
26713,STAD-MOV-026713,256,225,1
26717,STAD-MOV-026717,49,45,0
26718,STAD-MOV-026718,1,0,0
26724,STAD-MOV-026724,3,2,0
26728,STAD-MOV-026728,36,31,0
26736,STAD-MOV-026736,86,63,0
26738,STAD-MOV-026738,2,2,0
26741,STAD-MOV-026741,52,38,0
26743,STAD-MOV-026743,75,72,0
26750,STAD-MOV-026750,257,209,1
26751,STAD-MOV-026751,10,2,0
26752,STAD-MOV-026752,7,3,0
26757,STAD-MOV-026757,14,4,0
26759,STAD-MOV-026759,1,0,0
26762,STAD-MOV-026762,28,12,0
26769,STAD-MOV-026769,2,1,0
26776,STAD-MOV-026776,1804,1705,1
26777,STAD-MOV-026777,11,4,0
26782,STAD-MOV-026782,126,71,0
26788,STAD-MOV-026788,130,40,0
26797,STAD-MOV-026797,47,3,0
26802,STAD-MOV-026802,8,3,0
26803,STAD-MOV-026803,45,24,0
26804,STAD-MOV-026804,9,6,0
26809,STAD-MOV-026809,12,10,0
26811,STAD-MOV-026811,38,25,0
26812,STAD-MOV-026812,90,60,0
26826,STAD-MOV-026826,5,0,0
26838,STAD-MOV-026838,208,71,0
26842,STAD-MOV-026842,89,54,0
26843,STAD-MOV-026843,13,5,0
26853,STAD-MOV-026853,1,0,0
26856,STAD-MOV-026856,8,7,0
26861,STAD-MOV-026861,31,24,0
26865,STAD-MOV-026865,603,498,1
26871,STAD-MOV-026871,64,56,0
26873,STAD-MOV-026873,16,2,0
26874,STAD-MOV-026874,3,2,0
26887,STAD-MOV-026887,252,112,0
26898,STAD-MOV-026898,15,10,0
26901,STAD-MOV-026901,47,29,0
26911,STAD-MOV-026911,1,0,0
26914,STAD-MOV-026914,55,41,0
26933,STAD-MOV-026933,6,0,0
26937,STAD-MOV-026937,23,15,0
26944,STAD-MOV-026944,3,1,0
26946,STAD-MOV-026946,4,2,0
26949,STAD-MOV-026949,41,3,0
26950,STAD-MOV-026950,19,10,0
26954,STAD-MOV-026954,14,7,0
26958,STAD-MOV-026958,19,12,0
26965,STAD-MOV-026965,197,156,1
26968,STAD-MOV-026968,2,0,0
26969,STAD-MOV-026969,3,0,0
26975,STAD-MOV-026975,9,2,0
26976,STAD-MOV-026976,18,9,0
26980,STAD-MOV-026980,2,0,0
26981,STAD-MOV-026981,7,6,0
26989,STAD-MOV-026989,42,28,0
26991,STAD-MOV-026991,2,0,0
26992,STAD-MOV-026992,5,4,0
26998,STAD-MOV-026998,20,2,0
26999,STAD-MOV-026999,142,142,0
27005,STAD-MOV-027005,188,63,0
27009,STAD-MOV-027009,37,28,0
27016,STAD-MOV-027016,9,7,0
27022,STAD-MOV-027022,134,109,0
27032,STAD-MOV-027032,146,136,0
27033,STAD-MOV-027033,184,61,0
27040,STAD-MOV-027040,30,20,0
27049,STAD-MOV-027049,18,12,0
27050,STAD-MOV-027050,16,8,0
27067,STAD-MOV-027067,47,34,0
27073,STAD-MOV-027073,135,101,0
27078,STAD-MOV-027078,5,0,0
27092,STAD-MOV-027092,7,0,0
27094,STAD-MOV-027094,15,7,0
27095,STAD-MOV-027095,28,10,0
27096,STAD-MOV-027096,11,2,0
27109,STAD-MOV-027109,128,72,0
27112,STAD-MOV-027112,40,8,0
27136,STAD-MOV-027136,7,7,0
27140,STAD-MOV-027140,5,5,0
27152,STAD-MOV-027152,95,1,0
27156,STAD-MOV-027156,394,380,1
27158,STAD-MOV-027158,18,0,0
27164,STAD-MOV-027164,3,3,0
27170,STAD-MOV-027170,42,30,0
27176,STAD-MOV-027176,30,3,0
27178,STAD-MOV-027178,133,49,0
27180,STAD-MOV-027180,90,43,0
27192,STAD-MOV-027192,26,18,0
27193,STAD-MOV-027193,407,355,1
27205,STAD-MOV-027205,4,0,0
27212,STAD-MOV-027212,8,5,0
27213,STAD-MOV-027213,12,8,0
27223,STAD-MOV-027223,14,7,0
27232,STAD-MOV-027232,7,2,0
27235,STAD-MOV-027235,1,1,0
27236,STAD-MOV-027236,8,1,0
27238,STAD-MOV-027238,28,12,0
27253,STAD-MOV-027253,106,97,0
27261,STAD-MOV-027261,17,15,0
27263,STAD-MOV-027263,4,2,0
27276,STAD-MOV-027276,10,9,0
27277,STAD-MOV-027277,6,1,0
27291,STAD-MOV-027291,1,0,0
27297,STAD-MOV-027297,5,2,0
27298,STAD-MOV-027298,10,3,0
27302,STAD-MOV-027302,15,0,0
27304,STAD-MOV-027304,7,3,0
27307,STAD-MOV-027307,2,1,0
27309,STAD-MOV-027309,77,30,0
27311,STAD-MOV-027311,345,310,1
27315,STAD-MOV-027315,8,3,0
27320,STAD-MOV-027320,8,6,0
27322,STAD-MOV-027322,9,4,0
27327,STAD-MOV-027327,40,26,0
27328,STAD-MOV-027328,1,0,0
27329,STAD-MOV-027329,130,26,0
27334,STAD-MOV-027334,18,1,0
27338,STAD-MOV-027338,222,169,1
27340,STAD-MOV-027340,68,53,0
27344,STAD-MOV-027344,14,9,0
27345,STAD-MOV-027345,6,3,0
27350,STAD-MOV-027350,10,5,0
27356,STAD-MOV-027356,9,4,0
27357,STAD-MOV-027357,33,12,0
27365,STAD-MOV-027365,43,1,0
27373,STAD-MOV-027373,188,116,0
27376,STAD-MOV-027376,209,89,0
27396,STAD-MOV-027396,0,0,0
27397,STAD-MOV-027397,445,384,1
27408,STAD-MOV-027408,259,199,1
27420,STAD-MOV-027420,6,2,0
27431,STAD-MOV-027431,11,5,0
27432,STAD-MOV-027432,91,30,0
27434,STAD-MOV-027434,235,127,0
27447,STAD-MOV-027447,17,11,0
27450,STAD-MOV-027450,94,65,0
27451,STAD-MOV-027451,8,1,0
27458,STAD-MOV-027458,13,8,0
27478,STAD-MOV-027478,446,392,1
27491,STAD-MOV-027491,165,148,0
27511,STAD-MOV-027511,1,1,0
27515,STAD-MOV-027515,52,9,0
27518,STAD-MOV-027518,17,10,0
27524,STAD-MOV-027524,31,22,0
27525,STAD-MOV-027525,3,0,0
27528,STAD-MOV-027528,48,14,0
27530,STAD-MOV-027530,10,5,0
27539,STAD-MOV-027539,19,16,0
27544,STAD-MOV-027544,34,17,0
27548,STAD-MOV-027548,25,6,0
27555,STAD-MOV-027555,128,6,0
27563,STAD-MOV-027563,244,76,0
27564,STAD-MOV-027564,60,17,0
27571,STAD-MOV-027571,35,12,0
27584,STAD-MOV-027584,166,123,0
27587,STAD-MOV-027587,27,12,0
27595,STAD-MOV-027595,12,3,0
27598,STAD-MOV-027598,6,3,0
27603,STAD-MOV-027603,11,6,0
27604,STAD-MOV-027604,297,191,1
27606,STAD-MOV-027606,1,0,0
27608,STAD-MOV-027608,236,182,1
27618,STAD-MOV-027618,255,205,1
27620,STAD-MOV-027620,41,5,0
27627,STAD-MOV-027627,47,19,0
27631,STAD-MOV-027631,13,0,0
27643,STAD-MOV-027643,90,53,0
27644,STAD-MOV-027644,41,23,0
27647,STAD-MOV-027647,83,46,0
27656,STAD-MOV-027656,6,1,0
27657,STAD-MOV-027657,4,2,0
27658,STAD-MOV-027658,14,3,0
27660,STAD-MOV-027660,2812,2650,1
27685,STAD-MOV-027685,242,0,0
27703,STAD-MOV-027703,2,1,0
27727,STAD-MOV-027727,674,507,1
27728,STAD-MOV-027728,1176,964,1
27734,STAD-MOV-027734,31,17,0
27740,STAD-MOV-027740,18,5,0
27742,STAD-MOV-027742,4,2,0
27746,STAD-MOV-027746,140,105,0
27752,STAD-MOV-027752,3,1,0
27754,STAD-MOV-027754,7,3,0
27758,STAD-MOV-027758,36,24,0
27765,STAD-MOV-027765,29,12,0
27768,STAD-MOV-027768,126,52,0
27771,STAD-MOV-027771,7,5,0
27777,STAD-MOV-027777,2,0,0
27780,STAD-MOV-027780,3,1,0
27781,STAD-MOV-027781,17,2,0
27792,STAD-MOV-027792,171,63,0
27793,STAD-MOV-027793,296,274,1
27797,STAD-MOV-027797,84,27,0
27798,STAD-MOV-027798,13,10,0
27800,STAD-MOV-027800,280,226,1
27801,STAD-MOV-027801,1346,1212,1
27802,STAD-MOV-027802,104,92,0
27808,STAD-MOV-027808,2161,1814,1
27812,STAD-MOV-027812,93,21,0
27815,STAD-MOV-027815,1078,1033,1
27820,STAD-MOV-027820,272,133,0
27821,STAD-MOV-027821,1756,1704,1
27824,STAD-MOV-027824,6,2,0
27826,STAD-MOV-027826,94,45,0
27827,STAD-MOV-027827,12,9,0
27830,STAD-MOV-027830,63,43,0
27831,STAD-MOV-027831,2883,2512,1
27839,STAD-MOV-027839,1055,987,1
27841,STAD-MOV-027841,32,26,0
27846,STAD-MOV-027846,1552,1040,1
27847,STAD-MOV-027847,29,0,0
27849,STAD-MOV-027849,3,0,0
27851,STAD-MOV-027851,111,44,0
27864,STAD-MOV-027864,68,44,0
27866,STAD-MOV-027866,152,72,0
27874,STAD-MOV-027874,31,17,0
27875,STAD-MOV-027875,53,32,0
27878,STAD-MOV-027878,706,222,1
27881,STAD-MOV-027881,9,6,0
27883,STAD-MOV-027883,2,0,0
27884,STAD-MOV-027884,91,4,0
27887,STAD-MOV-027887,36,31,0
27888,STAD-MOV-027888,77,53,0
27891,STAD-MOV-027891,16,5,0
27899,STAD-MOV-027899,579,417,1
27905,STAD-MOV-027905,243,183,1
27909,STAD-MOV-027909,7,3,0
27912,STAD-MOV-027912,618,213,1
27914,STAD-MOV-027914,1,0,0
27919,STAD-MOV-027919,7,2,0
30707,STAD-MOV-030707,9159,8888,1
30721,STAD-MOV-030721,50,45,0
30723,STAD-MOV-030723,26,11,0
30764,STAD-MOV-030764,3,1,0
30767,STAD-MOV-030767,13,6,0
30783,STAD-MOV-030783,41,27,0
30791,STAD-MOV-030791,61,53,0
30803,STAD-MOV-030803,1037,862,1
30808,STAD-MOV-030808,10,4,0
30812,STAD-MOV-030812,5842,5704,1
30816,STAD-MOV-030816,1587,1508,1
30818,STAD-MOV-030818,261,183,1
30820,STAD-MOV-030820,961,746,1
30822,STAD-MOV-030822,1790,1507,1
30850,STAD-MOV-030850,649,568,1
30854,STAD-MOV-030854,14,4,0
30856,STAD-MOV-030856,9,4,0
30890,STAD-MOV-030890,10,0,0
30894,STAD-MOV-030894,711,601,1
30896,STAD-MOV-030896,24,10,0
30905,STAD-MOV-030905,11,2,0
30958,STAD-MOV-030958,4,2,0
30977,STAD-MOV-030977,26,12,0
31026,STAD-MOV-031026,112,48,0
31032,STAD-MOV-031032,67,17,0
31038,STAD-MOV-031038,43,15,0
31040,STAD-MOV-031040,10,3,0
31042,STAD-MOV-031042,55,28,0
31047,STAD-MOV-031047,28,7,0
31053,STAD-MOV-031053,12,4,0
31060,STAD-MOV-031060,7,4,0
31109,STAD-MOV-031109,14,6,0
31112,STAD-MOV-031112,13,1,0
31116,STAD-MOV-031116,399,326,1
31123,STAD-MOV-031123,76,61,0
31162,STAD-MOV-031162,305,231,1
31165,STAD-MOV-031165,9,7,0
31195,STAD-MOV-031195,11,7,0
31221,STAD-MOV-031221,1257,1150,1
31258,STAD-MOV-031258,2,0,0
31260,STAD-MOV-031260,137,77,0
31263,STAD-MOV-031263,73,47,0
31270,STAD-MOV-031270,193,132,0
31297,STAD-MOV-031297,14,6,0
31340,STAD-MOV-031340,7,4,0
31349,STAD-MOV-031349,35,26,0
31351,STAD-MOV-031351,3,2,0
31353,STAD-MOV-031353,10,3,0
31362,STAD-MOV-031362,43,21,0
31367,STAD-MOV-031367,160,127,0
31374,STAD-MOV-031374,87,49,0
31408,STAD-MOV-031408,80,44,0
31431,STAD-MOV-031431,368,280,1
31433,STAD-MOV-031433,548,460,1
31435,STAD-MOV-031435,247,159,1
31437,STAD-MOV-031437,458,387,1
31445,STAD-MOV-031445,187,147,0
31469,STAD-MOV-031469,3,3,0
31487,STAD-MOV-031487,15,6,0
31490,STAD-MOV-031490,18,13,0
31494,STAD-MOV-031494,23,9,0
31498,STAD-MOV-031498,2,0,0
31535,STAD-MOV-031535,2,1,0
31539,STAD-MOV-031539,72,42,0
31547,STAD-MOV-031547,93,53,0
31577,STAD-MOV-031577,7,2,0
31588,STAD-MOV-031588,59,25,0
31590,STAD-MOV-031590,107,71,0
31606,STAD-MOV-031606,8,2,0
31613,STAD-MOV-031613,35,11,0
31645,STAD-MOV-031645,8,6,0
31647,STAD-MOV-031647,21,10,0
31655,STAD-MOV-031655,2,0,0
31664,STAD-MOV-031664,15,12,0
31682,STAD-MOV-031682,38,5,0
31685,STAD-MOV-031685,4080,3854,1
31687,STAD-MOV-031687,155,127,0
31692,STAD-MOV-031692,8,4,0
31694,STAD-MOV-031694,714,576,1
31700,STAD-MOV-031700,195,122,0
31724,STAD-MOV-031724,134,101,0
31737,STAD-MOV-031737,78,58,0
31750,STAD-MOV-031750,9,4,0
31770,STAD-MOV-031770,159,126,0
31785,STAD-MOV-031785,158,83,0
31807,STAD-MOV-031807,117,79,0
31847,STAD-MOV-031847,17,7,0
31854,STAD-MOV-031854,54,37,0
31881,STAD-MOV-031881,14,4,0
31892,STAD-MOV-031892,31,25,0
31894,STAD-MOV-031894,10,1,0
31925,STAD-MOV-031925,3,1,0
31948,STAD-MOV-031948,19,1,0
31950,STAD-MOV-031950,82,58,0
31963,STAD-MOV-031963,42,39,0
31973,STAD-MOV-031973,84,54,0
31975,STAD-MOV-031975,7,5,0
32015,STAD-MOV-032015,7,0,0
32022,STAD-MOV-032022,137,0,0
32025,STAD-MOV-032025,206,75,0
32029,STAD-MOV-032029,1212,1093,1
32031,STAD-MOV-032031,1777,1734,1
32049,STAD-MOV-032049,27,18,0
32056,STAD-MOV-032056,14,1,0
32076,STAD-MOV-032076,98,67,0
32078,STAD-MOV-032078,106,69,0
32088,STAD-MOV-032088,13,2,0
32090,STAD-MOV-032090,9,4,0
32122,STAD-MOV-032122,8,2,0
32126,STAD-MOV-032126,5,0,0
32141,STAD-MOV-032141,24,12,0
32149,STAD-MOV-032149,48,35,0
32151,STAD-MOV-032151,25,19,0
32156,STAD-MOV-032156,14,2,0
32158,STAD-MOV-032158,7,4,0
32160,STAD-MOV-032160,149,43,0
32162,STAD-MOV-032162,47,19,0
32166,STAD-MOV-032166,10,6,0
32168,STAD-MOV-032168,7,2,0
32170,STAD-MOV-032170,58,11,0
32172,STAD-MOV-032172,15,8,0
32179,STAD-MOV-032179,262,212,1
32181,STAD-MOV-032181,6,3,0
32203,STAD-MOV-032203,70,27,0
32211,STAD-MOV-032211,28,23,0
32230,STAD-MOV-032230,1,1,0
32234,STAD-MOV-032234,116,85,0
32289,STAD-MOV-032289,262,252,1
32291,STAD-MOV-032291,590,463,1
32294,STAD-MOV-032294,9,0,0
32300,STAD-MOV-032300,218,193,1
32302,STAD-MOV-032302,283,31,0
32314,STAD-MOV-032314,67,27,0
32316,STAD-MOV-032316,78,56,0
32325,STAD-MOV-032325,35,28,0
32333,STAD-MOV-032333,14,1,0
32342,STAD-MOV-032342,17,7,0
32345,STAD-MOV-032345,21,6,0
32349,STAD-MOV-032349,85,24,0
32375,STAD-MOV-032375,30,9,0
32381,STAD-MOV-032381,65,24,0
32383,STAD-MOV-032383,94,48,0
32392,STAD-MOV-032392,71,45,0
32395,STAD-MOV-032395,45,24,0
32415,STAD-MOV-032415,15,14,0
32421,STAD-MOV-032421,1,1,0
32433,STAD-MOV-032433,1,1,0
32442,STAD-MOV-032442,53,43,0
32444,STAD-MOV-032444,27,12,0
32483,STAD-MOV-032483,25,10,0
32485,STAD-MOV-032485,8,2,0
32493,STAD-MOV-032493,57,21,0
32509,STAD-MOV-032509,31,8,0
32515,STAD-MOV-032515,11,7,0
32525,STAD-MOV-032525,121,68,0
32562,STAD-MOV-032562,103,22,0
32584,STAD-MOV-032584,148,99,0
32587,STAD-MOV-032587,15481,15126,1
32593,STAD-MOV-032593,34,4,0
32605,STAD-MOV-032605,16,3,0
32617,STAD-MOV-032617,41,29,0
32620,STAD-MOV-032620,22,12,0
32649,STAD-MOV-032649,45,32,0
32653,STAD-MOV-032653,15,9,0
32674,STAD-MOV-032674,31,18,0
32677,STAD-MOV-032677,20,5,0
32689,STAD-MOV-032689,10,0,0
32716,STAD-MOV-032716,2,2,0
32721,STAD-MOV-032721,112,98,0
32724,STAD-MOV-032724,1,1,0
32743,STAD-MOV-032743,108,80,0
32770,STAD-MOV-032770,147,69,0
32773,STAD-MOV-032773,0,0,0
32777,STAD-MOV-032777,9,3,0
32781,STAD-MOV-032781,47,31,0
32792,STAD-MOV-032792,93,67,0
32825,STAD-MOV-032825,145,123,0
32836,STAD-MOV-032836,7,3,0
32860,STAD-MOV-032860,3,2,0
32862,STAD-MOV-032862,61,27,0
32866,STAD-MOV-032866,12,6,0
32875,STAD-MOV-032875,38,13,0
32892,STAD-MOV-032892,300,201,1
32906,STAD-MOV-032906,22,10,0
32917,STAD-MOV-032917,12,5,0
32925,STAD-MOV-032925,6,3,0
32957,STAD-MOV-032957,11,2,0
32959,STAD-MOV-032959,4,0,0
32972,STAD-MOV-032972,5,2,0
32979,STAD-MOV-032979,35,2,0
33001,STAD-MOV-033001,5,3,0
33004,STAD-MOV-033004,5987,5736,1
33008,STAD-MOV-033008,25,4,0
33027,STAD-MOV-033027,3,1,0
33085,STAD-MOV-033085,840,800,1
33126,STAD-MOV-033126,90,60,0
33129,STAD-MOV-033129,5,2,0
33140,STAD-MOV-033140,4,2,0
33142,STAD-MOV-033142,3,1,0
33158,STAD-MOV-033158,773,742,1
33160,STAD-MOV-033160,6,4,0
33162,STAD-MOV-033162,2505,2500,1
33164,STAD-MOV-033164,729,701,1
33168,STAD-MOV-033168,52,31,0
33171,STAD-MOV-033171,929,840,1
33188,STAD-MOV-033188,59,50,0
33193,STAD-MOV-033193,31,20,0
33201,STAD-MOV-033201,8,6,0
33226,STAD-MOV-033226,3,1,0
33237,STAD-MOV-033237,60,25,0
33247,STAD-MOV-033247,13,3,0
33251,STAD-MOV-033251,13,6,0
33255,STAD-MOV-033255,24,18,0
33267,STAD-MOV-033267,3,2,0
33270,STAD-MOV-033270,64,39,0
33292,STAD-MOV-033292,7,2,0
33296,STAD-MOV-033296,27,18,0
33312,STAD-MOV-033312,234,154,1
33316,STAD-MOV-033316,12,7,0
33318,STAD-MOV-033318,8,7,0
33321,STAD-MOV-033321,40,23,0
33328,STAD-MOV-033328,8,3,0
33340,STAD-MOV-033340,32,11,0
33342,STAD-MOV-033342,11,0,0
33358,STAD-MOV-033358,159,56,0
33376,STAD-MOV-033376,8,2,0
33397,STAD-MOV-033397,8,0,0
33401,STAD-MOV-033401,10,3,0
33410,STAD-MOV-033410,65,9,0
33424,STAD-MOV-033424,20,10,0
33435,STAD-MOV-033435,22,15,0
33445,STAD-MOV-033445,8,2,0
33451,STAD-MOV-033451,133,85,0
33454,STAD-MOV-033454,94,26,0
33463,STAD-MOV-033463,94,90,0
33493,STAD-MOV-033493,12303,12122,1
33495,STAD-MOV-033495,388,343,1
33499,STAD-MOV-033499,656,597,1
33567,STAD-MOV-033567,20,5,0
33573,STAD-MOV-033573,0,0,0
33587,STAD-MOV-033587,42,28,0
33592,STAD-MOV-033592,87,32,0
33603,STAD-MOV-033603,88,17,0
33621,STAD-MOV-033621,106,35,0
33639,STAD-MOV-033639,596,105,0
33644,STAD-MOV-033644,124,112,0
33655,STAD-MOV-033655,10,9,0
33681,STAD-MOV-033681,309,291,1
33683,STAD-MOV-033683,517,448,1
33685,STAD-MOV-033685,58,37,0
33722,STAD-MOV-033722,150,110,0
33725,STAD-MOV-033725,243,128,0
33737,STAD-MOV-033737,16,6,0
33755,STAD-MOV-033755,3,2,0
33760,STAD-MOV-033760,44,28,0
33762,STAD-MOV-033762,5,0,0
33767,STAD-MOV-033767,4,4,0
33799,STAD-MOV-033799,3,1,0
33801,STAD-MOV-033801,11,10,0
33808,STAD-MOV-033808,27,3,0
33821,STAD-MOV-033821,21,12,0
33823,STAD-MOV-033823,42,33,0
33832,STAD-MOV-033832,59,36,0
33834,STAD-MOV-033834,1202,1151,1
33838,STAD-MOV-033838,174,35,0
33844,STAD-MOV-033844,9,2,0
33863,STAD-MOV-033863,5,1,0
33893,STAD-MOV-033893,169,95,0
33896,STAD-MOV-033896,429,299,1
33901,STAD-MOV-033901,5,1,0
33912,STAD-MOV-033912,47,32,0
33914,STAD-MOV-033914,9,4,0
33921,STAD-MOV-033921,5,2,0
33930,STAD-MOV-033930,31,12,0
33933,STAD-MOV-033933,24,19,0
33940,STAD-MOV-033940,2,1,0
33956,STAD-MOV-033956,8,5,0
33958,STAD-MOV-033958,1,0,0
33972,STAD-MOV-033972,9,6,0
33994,STAD-MOV-033994,2,0,0
34026,STAD-MOV-034026,8,6,0
34032,STAD-MOV-034032,5,3,0
34048,STAD-MOV-034048,6456,6412,1
34063,STAD-MOV-034063,62,36,0
34065,STAD-MOV-034065,55,31,0
34076,STAD-MOV-034076,5,2,0
34111,STAD-MOV-034111,51,5,0
34129,STAD-MOV-034129,74,67,0
34138,STAD-MOV-034138,4,2,0
34143,STAD-MOV-034143,622,552,1
34148,STAD-MOV-034148,271,184,1
34150,STAD-MOV-034150,3767,3726,1
34177,STAD-MOV-034177,62,40,0
34206,STAD-MOV-034206,3,0,0
34216,STAD-MOV-034216,3,0,0
34226,STAD-MOV-034226,3,2,0
34229,STAD-MOV-034229,16,6,0
34246,STAD-MOV-034246,22,9,0
34271,STAD-MOV-034271,804,646,1
34314,STAD-MOV-034314,37,0,0
34319,STAD-MOV-034319,4247,4116,1
34321,STAD-MOV-034321,430,345,1
34323,STAD-MOV-034323,770,688,1
34332,STAD-MOV-034332,918,870,1
34338,STAD-MOV-034338,1279,981,1
34373,STAD-MOV-034373,9,5,0
34386,STAD-MOV-034386,12,5,0
34397,STAD-MOV-034397,12,9,0
34405,STAD-MOV-034405,7716,7281,1
34411,STAD-MOV-034411,48,3,0
34426,STAD-MOV-034426,3,0,0
34450,STAD-MOV-034450,7,5,0
34466,STAD-MOV-034466,13,9,0
34499,STAD-MOV-034499,49,41,0
34511,STAD-MOV-034511,10,6,0
34517,STAD-MOV-034517,1,0,0
34523,STAD-MOV-034523,364,251,1
34532,STAD-MOV-034532,1107,1056,1
34534,STAD-MOV-034534,956,921,1
34540,STAD-MOV-034540,155,130,0
34579,STAD-MOV-034579,53,17,0
34583,STAD-MOV-034583,60,27,0
34643,STAD-MOV-034643,47,20,0
34648,STAD-MOV-034648,38,4,0
34659,STAD-MOV-034659,8,6,0
34767,STAD-MOV-034767,92,78,0
34811,STAD-MOV-034811,92,72,0
35008,STAD-MOV-035008,1,0,0
35015,STAD-MOV-035015,116,84,0
35050,STAD-MOV-035050,3,2,0
35331,STAD-MOV-035331,1,0,0
35386,STAD-MOV-035386,11,1,0
35629,STAD-MOV-035629,11,1,0
35681,STAD-MOV-035681,6,0,0
35721,STAD-MOV-035721,3,3,0
35738,STAD-MOV-035738,14,5,0
35807,STAD-MOV-035807,7,4,0
35828,STAD-MOV-035828,2,0,0
35906,STAD-MOV-035906,6,2,0
35957,STAD-MOV-035957,1283,1188,1
36046,STAD-MOV-036046,2,0,0
36083,STAD-MOV-036083,22,16,0
36152,STAD-MOV-036152,23,11,0
36247,STAD-MOV-036247,9,5,0
36264,STAD-MOV-036264,6,1,0
36326,STAD-MOV-036326,13,4,0
36373,STAD-MOV-036373,8,5,0
36509,STAD-MOV-036509,357,314,1
36517,STAD-MOV-036517,3572,3126,1
36523,STAD-MOV-036523,53,9,0
36525,STAD-MOV-036525,1169,1107,1
36527,STAD-MOV-036527,882,662,1
36537,STAD-MOV-036537,565,357,1
36545,STAD-MOV-036545,16,6,0
36553,STAD-MOV-036553,29,18,0
36711,STAD-MOV-036711,6,4,0
36752,STAD-MOV-036752,15,11,0
36799,STAD-MOV-036799,15,11,0
36804,STAD-MOV-036804,1,1,0
36816,STAD-MOV-036816,2,0,0
36931,STAD-MOV-036931,63,55,0
37113,STAD-MOV-037113,7,3,0
37211,STAD-MOV-037211,61,41,0
37257,STAD-MOV-037257,5,3,0
37335,STAD-MOV-037335,39,26,0
37380,STAD-MOV-037380,1205,1079,1
37382,STAD-MOV-037382,924,799,1
37444,STAD-MOV-037444,3,0,0
37477,STAD-MOV-037477,203,152,1
37495,STAD-MOV-037495,107,51,0
37653,STAD-MOV-037653,19,1,0
37720,STAD-MOV-037720,1051,1005,1
37731,STAD-MOV-037731,1203,1102,1
37736,STAD-MOV-037736,362,325,1
37741,STAD-MOV-037741,3438,2648,1
37744,STAD-MOV-037744,11,6,0
37846,STAD-MOV-037846,23,6,0
37853,STAD-MOV-037853,430,406,1
37949,STAD-MOV-037949,1,0,0
37957,STAD-MOV-037957,23,2,0
37960,STAD-MOV-037960,1,0,0
37976,STAD-MOV-037976,25,7,0
38038,STAD-MOV-038038,4436,4270,1
38061,STAD-MOV-038061,5026,4697,1
38095,STAD-MOV-038095,203,162,1
38097,STAD-MOV-038097,115,75,0
38164,STAD-MOV-038164,22,13,0
38294,STAD-MOV-038294,185,141,0
38304,STAD-MOV-038304,705,323,1
38384,STAD-MOV-038384,71,33,0
38583,STAD-MOV-038583,53,48,0
38656,STAD-MOV-038656,28,21,0
38688,STAD-MOV-038688,3,2,0
38701,STAD-MOV-038701,109,86,0
38881,STAD-MOV-038881,19,13,0
38994,STAD-MOV-038994,82,48,0
39052,STAD-MOV-039052,472,68,0
39183,STAD-MOV-039183,5556,5484,1
39234,STAD-MOV-039234,622,560,1
39244,STAD-MOV-039244,16,3,0
39292,STAD-MOV-039292,3760,3212,1
39394,STAD-MOV-039394,25,5,0
39398,STAD-MOV-039398,123,21,0
39412,STAD-MOV-039412,2,1,0
39414,STAD-MOV-039414,775,566,1
39421,STAD-MOV-039421,68,54,0
39425,STAD-MOV-039425,8,1,0
39435,STAD-MOV-039435,889,852,1
39439,STAD-MOV-039439,4,0,0
39481,STAD-MOV-039481,30,19,0
39740,STAD-MOV-039740,4,1,0
39768,STAD-MOV-039768,81,41,0
39818,STAD-MOV-039818,19,11,0
39857,STAD-MOV-039857,6,1,0
39869,STAD-MOV-039869,382,322,1
39896,STAD-MOV-039896,29,23,0
39931,STAD-MOV-039931,14,7,0
40010,STAD-MOV-040010,90,8,0
40033,STAD-MOV-040033,38,20,0
40337,STAD-MOV-040337,57,8,0
40342,STAD-MOV-040342,59,42,0
40404,STAD-MOV-040404,1,0,0
40422,STAD-MOV-040422,9,7,0
40457,STAD-MOV-040457,7,3,0
40465,STAD-MOV-040465,1,1,0
40478,STAD-MOV-040478,14,9,0
40491,STAD-MOV-040491,117,90,0
40494,STAD-MOV-040494,23,4,0
40559,STAD-MOV-040559,4,0,0
40581,STAD-MOV-040581,636,594,1
40583,STAD-MOV-040583,2913,2460,1
40591,STAD-MOV-040591,36,27,0
40629,STAD-MOV-040629,3288,3268,1
40723,STAD-MOV-040723,512,450,1
40732,STAD-MOV-040732,1701,1661,1
40752,STAD-MOV-040752,37,17,0
40817,STAD-MOV-040817,62,28,0
40819,STAD-MOV-040819,6493,6082,1
40826,STAD-MOV-040826,813,642,1
40831,STAD-MOV-040831,5,2,0
40851,STAD-MOV-040851,634,604,1
40955,STAD-MOV-040955,309,264,1
40964,STAD-MOV-040964,22,17,0
41014,STAD-MOV-041014,147,113,0
41058,STAD-MOV-041058,10,6,0
41094,STAD-MOV-041094,9,4,0
41104,STAD-MOV-041104,7,5,0
41126,STAD-MOV-041126,4,1,0
41130,STAD-MOV-041130,4,3,0
41212,STAD-MOV-041212,7,3,0
41285,STAD-MOV-041285,3366,3197,1
41336,STAD-MOV-041336,42,15,0
41425,STAD-MOV-041425,55,32,0
41518,STAD-MOV-041518,4,0,0
41564,STAD-MOV-041564,10,5,0
41566,STAD-MOV-041566,7112,7085,1
41571,STAD-MOV-041571,1970,1863,1
41699,STAD-MOV-041699,45,19,0
41712,STAD-MOV-041712,51,22,0
41716,STAD-MOV-041716,1115,857,1
41721,STAD-MOV-041721,91,26,0
41724,STAD-MOV-041724,171,22,0
41753,STAD-MOV-041753,37,27,0
41810,STAD-MOV-041810,13,7,0
41815,STAD-MOV-041815,26,13,0
41820,STAD-MOV-041820,5,3,0
41824,STAD-MOV-041824,10,2,0
41880,STAD-MOV-041880,6,0,0
41941,STAD-MOV-041941,62,38,0
42004,STAD-MOV-042004,1097,770,1
42007,STAD-MOV-042007,651,610,1
42009,STAD-MOV-042009,426,389,1
42021,STAD-MOV-042021,98,61,0
42163,STAD-MOV-042163,175,86,0
42208,STAD-MOV-042208,18,7,0
42217,STAD-MOV-042217,168,122,0
42335,STAD-MOV-042335,1,0,0
42341,STAD-MOV-042341,2,1,0
42393,STAD-MOV-042393,12,7,0
42422,STAD-MOV-042422,142,82,0
42550,STAD-MOV-042550,4,0,0
42553,STAD-MOV-042553,4,2,0
42562,STAD-MOV-042562,2,1,0
42584,STAD-MOV-042584,9,7,0
42602,STAD-MOV-042602,24,1,0
42629,STAD-MOV-042629,8,0,0
42634,STAD-MOV-042634,54,14,0
42636,STAD-MOV-042636,3,1,0
42661,STAD-MOV-042661,3,1,0
42681,STAD-MOV-042681,51,37,0
42723,STAD-MOV-042723,1499,1400,1
42732,STAD-MOV-042732,307,285,1
42736,STAD-MOV-042736,18,5,0
42763,STAD-MOV-042763,4,3,0
42783,STAD-MOV-042783,41,23,0
42886,STAD-MOV-042886,4,2,0
42900,STAD-MOV-042900,148,88,0
42938,STAD-MOV-042938,21,10,0
42943,STAD-MOV-042943,9,4,0
42946,STAD-MOV-042946,91,79,0
42956,STAD-MOV-042956,6,2,0
42987,STAD-MOV-042987,7,2,0
43022,STAD-MOV-043022,50,38,0
43248,STAD-MOV-043248,5,0,0
43260,STAD-MOV-043260,6,5,0
43267,STAD-MOV-043267,13,1,0
43292,STAD-MOV-043292,6,3,0
43333,STAD-MOV-043333,323,131,0
43351,STAD-MOV-043351,17,8,0
43389,STAD-MOV-043389,33,6,0
43391,STAD-MOV-043391,84,27,0
43415,STAD-MOV-043415,52,45,0
43419,STAD-MOV-043419,274,224,1
43460,STAD-MOV-043460,452,339,1
43497,STAD-MOV-043497,67,34,0
43549,STAD-MOV-043549,39,26,0
43558,STAD-MOV-043558,366,344,1
43560,STAD-MOV-043560,793,765,1
43567,STAD-MOV-043567,4,1,0
43571,STAD-MOV-043571,4,1,0
43626,STAD-MOV-043626,4,2,0
43628,STAD-MOV-043628,5,0,0
43652,STAD-MOV-043652,235,61,0
43677,STAD-MOV-043677,130,84,0
43679,STAD-MOV-043679,892,876,1
43684,STAD-MOV-043684,171,149,0
43708,STAD-MOV-043708,335,197,1
43744,STAD-MOV-043744,268,239,1
43801,STAD-MOV-043801,10,2,0
43832,STAD-MOV-043832,140,42,0
43853,STAD-MOV-043853,62,21,0
43892,STAD-MOV-043892,3,3,0
43899,STAD-MOV-043899,66,28,0
43910,STAD-MOV-043910,124,62,0
43917,STAD-MOV-043917,484,461,1
43919,STAD-MOV-043919,769,640,1
43932,STAD-MOV-043932,267,221,1
43936,STAD-MOV-043936,1731,1489,1
43953,STAD-MOV-043953,4,1,0
43983,STAD-MOV-043983,64,49,0
44004,STAD-MOV-044004,988,955,1
44041,STAD-MOV-044041,59,48,0
44073,STAD-MOV-044073,50,25,0
44100,STAD-MOV-044100,92,43,0
44115,STAD-MOV-044115,61,46,0
44124,STAD-MOV-044124,7,5,0
44155,STAD-MOV-044155,19,16,0
44168,STAD-MOV-044168,116,81,0
44199,STAD-MOV-044199,5552,5439,1
44238,STAD-MOV-044238,69,54,0
44245,STAD-MOV-044245,40,34,0
44253,STAD-MOV-044253,2,1,0
44295,STAD-MOV-044295,30,21,0
44317,STAD-MOV-044317,92,20,0
44392,STAD-MOV-044392,21,11,0
44397,STAD-MOV-044397,902,880,1
44421,STAD-MOV-044421,15,8,0
44511,STAD-MOV-044511,37,0,0
44555,STAD-MOV-044555,5720,5523,1
44568,STAD-MOV-044568,30,5,0
44571,STAD-MOV-044571,5,0,0
44585,STAD-MOV-044585,5,1,0
44601,STAD-MOV-044601,12,9,0
44613,STAD-MOV-044613,262,200,1
44633,STAD-MOV-044633,381,174,1
44653,STAD-MOV-044653,52,36,0
44657,STAD-MOV-044657,118,85,0
44663,STAD-MOV-044663,12,5,0
44674,STAD-MOV-044674,15,3,0
44703,STAD-MOV-044703,4,0,0
44719,STAD-MOV-044719,3,0,0
44724,STAD-MOV-044724,4,2,0
44761,STAD-MOV-044761,2078,1601,1
44763,STAD-MOV-044763,7,5,0
44773,STAD-MOV-044773,2,0,0
44779,STAD-MOV-044779,28,20,0
44815,STAD-MOV-044815,98,63,0
44825,STAD-MOV-044825,1,0,0
44828,STAD-MOV-044828,733,684,1
44840,STAD-MOV-044840,473,420,1
44849,STAD-MOV-044849,245,154,1
44871,STAD-MOV-044871,3,1,0
44881,STAD-MOV-044881,28,13,0
44911,STAD-MOV-044911,45,33,0
44929,STAD-MOV-044929,320,243,1
44931,STAD-MOV-044931,3,0,0
44943,STAD-MOV-044943,166,83,0
44949,STAD-MOV-044949,72,58,0
44966,STAD-MOV-044966,58,27,0
44974,STAD-MOV-044974,1632,1410,1
45036,STAD-MOV-045036,4,2,0
45074,STAD-MOV-045074,215,191,1
45100,STAD-MOV-045100,29,15,0
45106,STAD-MOV-045106,447,321,1
45172,STAD-MOV-045172,35,9,0
45175,STAD-MOV-045175,282,241,1
45186,STAD-MOV-045186,3165,3137,1
45192,STAD-MOV-045192,21,9,0
45210,STAD-MOV-045210,1670,1499,1
45224,STAD-MOV-045224,10,6,0
45259,STAD-MOV-045259,16,2,0
45329,STAD-MOV-045329,12,10,0
45335,STAD-MOV-045335,74,44,0
45346,STAD-MOV-045346,5,0,0
45361,STAD-MOV-045361,252,161,1
45382,STAD-MOV-045382,224,182,1
45412,STAD-MOV-045412,48,5,0
45440,STAD-MOV-045440,470,403,1
45442,STAD-MOV-045442,745,695,1
45447,STAD-MOV-045447,5190,5153,1
45506,STAD-MOV-045506,124,79,0
45517,STAD-MOV-045517,4392,4382,1
45521,STAD-MOV-045521,24,8,0
45527,STAD-MOV-045527,6,4,0
45531,STAD-MOV-045531,1,1,0
45533,STAD-MOV-045533,19,10,0
45537,STAD-MOV-045537,9,5,0
45581,STAD-MOV-045581,6,0,0
45635,STAD-MOV-045635,232,174,1
45652,STAD-MOV-045652,6,4,0
45658,STAD-MOV-045658,62,36,0
45664,STAD-MOV-045664,41,13,0
45672,STAD-MOV-045672,2215,2167,1
45689,STAD-MOV-045689,2,1,0
45691,STAD-MOV-045691,9,4,0
45722,STAD-MOV-045722,9657,9637,1
45732,STAD-MOV-045732,996,911,1
45761,STAD-MOV-045761,2,0,0
45852,STAD-MOV-045852,110,94,0
45880,STAD-MOV-045880,1098,1033,1
45891,STAD-MOV-045891,35,22,0
45940,STAD-MOV-045940,10,6,0
45981,STAD-MOV-045981,89,80,0
45991,STAD-MOV-045991,9,7,0
46034,STAD-MOV-046034,24,8,0
46062,STAD-MOV-046062,460,429,1
46065,STAD-MOV-046065,2,1,0
46201,STAD-MOV-046201,14,5,0
46231,STAD-MOV-046231,17,8,0
46311,STAD-MOV-046311,2,1,0
46318,STAD-MOV-046318,5,0,0
46363,STAD-MOV-046363,12,3,0
46372,STAD-MOV-046372,2,2,0
46430,STAD-MOV-046430,61,48,0
46441,STAD-MOV-046441,8,4,0
46525,STAD-MOV-046525,7,2,0
46530,STAD-MOV-046530,3535,3416,1
46561,STAD-MOV-046561,33,15,0
46574,STAD-MOV-046574,105,73,0
46595,STAD-MOV-046595,2,0,0
46627,STAD-MOV-046627,6,2,0
46640,STAD-MOV-046640,11,6,0
46716,STAD-MOV-046716,12,10,0
46723,STAD-MOV-046723,4136,3807,1
46748,STAD-MOV-046748,13,8,0
46753,STAD-MOV-046753,2,1,0
46803,STAD-MOV-046803,166,96,0
46808,STAD-MOV-046808,3,1,0
46850,STAD-MOV-046850,653,112,0
46915,STAD-MOV-046915,14,9,0
46925,STAD-MOV-046925,6,4,0
46959,STAD-MOV-046959,108,52,0
46965,STAD-MOV-046965,1699,1573,1
46970,STAD-MOV-046970,2352,2129,1
46974,STAD-MOV-046974,666,609,1
47028,STAD-MOV-047028,5,2,0
47044,STAD-MOV-047044,1243,1132,1
47049,STAD-MOV-047049,22,6,0
47063,STAD-MOV-047063,7,5,0
47084,STAD-MOV-047084,36,13,0
47122,STAD-MOV-047122,543,489,1
47124,STAD-MOV-047124,308,289,1
47152,STAD-MOV-047152,63,43,0
47165,STAD-MOV-047165,5,0,0
47180,STAD-MOV-047180,14,1,0
47200,STAD-MOV-047200,1925,1831,1
47221,STAD-MOV-047221,35,4,0
47248,STAD-MOV-047248,5,4,0
47250,STAD-MOV-047250,1,0,0
47264,STAD-MOV-047264,215,208,1
47274,STAD-MOV-047274,108,89,0
47287,STAD-MOV-047287,56,33,0
47306,STAD-MOV-047306,83,27,0
47330,STAD-MOV-047330,38,29,0
47356,STAD-MOV-047356,5,3,0
47382,STAD-MOV-047382,550,517,1
47394,STAD-MOV-047394,126,99,0
47397,STAD-MOV-047397,4,1,0
47404,STAD-MOV-047404,141,86,0
47417,STAD-MOV-047417,4,3,0
47446,STAD-MOV-047446,112,43,0
47455,STAD-MOV-047455,4,1,0
47458,STAD-MOV-047458,15,9,0
47460,STAD-MOV-047460,13,8,0
47465,STAD-MOV-047465,406,229,1
47482,STAD-MOV-047482,10,8,0
47501,STAD-MOV-047501,4,0,0
47503,STAD-MOV-047503,37,17,0
47540,STAD-MOV-047540,2,0,0
47559,STAD-MOV-047559,3,2,0
47619,STAD-MOV-047619,28,15,0
47640,STAD-MOV-047640,858,675,1
47642,STAD-MOV-047642,56,36,0
47644,STAD-MOV-047644,737,618,1
47670,STAD-MOV-047670,37,4,0
47707,STAD-MOV-047707,2,1,0
47714,STAD-MOV-047714,24,16,0
47728,STAD-MOV-047728,47,16,0
47793,STAD-MOV-047793,86,15,0
47815,STAD-MOV-047815,18,3,0
47871,STAD-MOV-047871,1,0,0
47886,STAD-MOV-047886,8,1,0
47907,STAD-MOV-047907,29,12,0
47927,STAD-MOV-047927,10,6,0
47937,STAD-MOV-047937,273,202,1
47950,STAD-MOV-047950,422,354,1
47952,STAD-MOV-047952,325,301,1
47978,STAD-MOV-047978,169,95,0
47980,STAD-MOV-047980,9,7,0
48032,STAD-MOV-048032,118,91,0
48035,STAD-MOV-048035,29,20,0
48049,STAD-MOV-048049,23,10,0
48061,STAD-MOV-048061,255,102,0
48093,STAD-MOV-048093,5,4,0
48098,STAD-MOV-048098,9,6,0
48127,STAD-MOV-048127,2,1,0
48142,STAD-MOV-048142,901,821,1
48193,STAD-MOV-048193,25,4,0
48229,STAD-MOV-048229,34,19,0
48242,STAD-MOV-048242,10,3,0
48264,STAD-MOV-048264,4,4,0
48268,STAD-MOV-048268,21,11,0
48304,STAD-MOV-048304,2679,2656,1
48315,STAD-MOV-048315,11,7,0
48319,STAD-MOV-048319,313,224,1
48342,STAD-MOV-048342,148,108,0
48346,STAD-MOV-048346,24,19,0
48374,STAD-MOV-048374,1,0,0
48516,STAD-MOV-048516,14309,14264,1
48518,STAD-MOV-048518,422,394,1
48591,STAD-MOV-048591,380,350,1
48596,STAD-MOV-048596,200,169,1
48638,STAD-MOV-048638,39,27,0
48660,STAD-MOV-048660,64,25,0
48673,STAD-MOV-048673,67,17,0
48678,STAD-MOV-048678,246,198,1
48713,STAD-MOV-048713,4,1,0
48741,STAD-MOV-048741,170,77,0
48744,STAD-MOV-048744,623,574,1
48780,STAD-MOV-048780,11269,11224,1
48783,STAD-MOV-048783,1223,1154,1
48791,STAD-MOV-048791,83,50,0
48820,STAD-MOV-048820,1,1,0
48833,STAD-MOV-048833,24,12,0
48856,STAD-MOV-048856,280,214,1
48863,STAD-MOV-048863,4,4,0
48872,STAD-MOV-048872,273,102,0
48877,STAD-MOV-048877,1490,1443,1
48883,STAD-MOV-048883,157,53,0
48909,STAD-MOV-048909,44,25,0
48970,STAD-MOV-048970,9,2,0
49013,STAD-MOV-049013,233,213,1
49060,STAD-MOV-049060,4,4,0
49079,STAD-MOV-049079,9,2,0
49082,STAD-MOV-049082,4,2,0
49123,STAD-MOV-049123,26,6,0
49130,STAD-MOV-049130,547,487,1
49183,STAD-MOV-049183,7,1,0
49200,STAD-MOV-049200,73,48,0
49205,STAD-MOV-049205,83,51,0
49225,STAD-MOV-049225,119,15,0
49272,STAD-MOV-049272,12311,12218,1
49276,STAD-MOV-049276,189,162,1
49314,STAD-MOV-049314,310,271,1
49338,STAD-MOV-049338,2,1,0
49371,STAD-MOV-049371,6,0,0
49389,STAD-MOV-049389,66,38,0
49402,STAD-MOV-049402,4,3,0
49422,STAD-MOV-049422,134,105,0
49464,STAD-MOV-049464,8,4,0
49615,STAD-MOV-049615,46,34,0
49649,STAD-MOV-049649,1175,1046,1
49651,STAD-MOV-049651,1243,1213,1
49663,STAD-MOV-049663,7,4,0
49666,STAD-MOV-049666,132,97,0
49668,STAD-MOV-049668,20,8,0
49688,STAD-MOV-049688,95,71,0
49691,STAD-MOV-049691,4,1,0
49737,STAD-MOV-049737,20,17,0
49752,STAD-MOV-049752,12,3,0
49754,STAD-MOV-049754,6,2,0
49793,STAD-MOV-049793,480,416,1
49815,STAD-MOV-049815,30,21,0
49817,STAD-MOV-049817,46,32,0
49856,STAD-MOV-049856,80,34,0
49899,STAD-MOV-049899,3,0,0
49902,STAD-MOV-049902,35,25,0
49929,STAD-MOV-049929,10,8,0
49953,STAD-MOV-049953,14,7,0
49961,STAD-MOV-049961,1199,1101,1
49979,STAD-MOV-049979,13,10,0
50059,STAD-MOV-050059,8,6,0
50066,STAD-MOV-050066,179,77,0
50076,STAD-MOV-050076,1,0,0
50149,STAD-MOV-050149,129,120,0
50153,STAD-MOV-050153,99,83,0
50162,STAD-MOV-050162,191,182,1
50165,STAD-MOV-050165,13,8,0
50189,STAD-MOV-050189,643,627,1
50245,STAD-MOV-050245,52,39,0
50253,STAD-MOV-050253,18,10,0
50274,STAD-MOV-050274,273,120,0
50279,STAD-MOV-050279,1,0,0
50354,STAD-MOV-050354,26,11,0
50358,STAD-MOV-050358,4,1,0
50379,STAD-MOV-050379,5,2,0
50382,STAD-MOV-050382,4,3,0
50488,STAD-MOV-050488,4,1,0
50517,STAD-MOV-050517,90,33,0
50533,STAD-MOV-050533,23,5,0
50550,STAD-MOV-050550,10,4,0
50572,STAD-MOV-050572,15,11,0
50583,STAD-MOV-050583,45,30,0
50585,STAD-MOV-050585,6,3,0
50594,STAD-MOV-050594,62,55,0
50610,STAD-MOV-050610,5,5,0
50658,STAD-MOV-050658,384,180,1
50705,STAD-MOV-050705,43,23,0
50792,STAD-MOV-050792,341,278,1
50794,STAD-MOV-050794,1236,1162,1
50796,STAD-MOV-050796,177,117,0
50806,STAD-MOV-050806,443,426,1
50842,STAD-MOV-050842,180,118,0
50851,STAD-MOV-050851,494,210,1
50872,STAD-MOV-050872,8727,8693,1
50909,STAD-MOV-050909,41,4,0
50912,STAD-MOV-050912,1070,957,1
50940,STAD-MOV-050940,9,8,0
50942,STAD-MOV-050942,13,7,0
50970,STAD-MOV-050970,24,10,0
50977,STAD-MOV-050977,3,1,0
50999,STAD-MOV-050999,7,4,0
51004,STAD-MOV-051004,5,3,0
51037,STAD-MOV-051037,239,204,1
51094,STAD-MOV-051094,99,53,0
51103,STAD-MOV-051103,7,0,0
51111,STAD-MOV-051111,7,1,0
51174,STAD-MOV-051174,203,157,1
51209,STAD-MOV-051209,18,3,0
51246,STAD-MOV-051246,8,1,0
51251,STAD-MOV-051251,3,3,0
51265,STAD-MOV-051265,3,2,0
51277,STAD-MOV-051277,272,231,1
51300,STAD-MOV-051300,3,1,0
51304,STAD-MOV-051304,24,10,0
51357,STAD-MOV-051357,165,119,0
51372,STAD-MOV-051372,155,117,0
51380,STAD-MOV-051380,29,19,0
51457,STAD-MOV-051457,13,0,0
51486,STAD-MOV-051486,9,1,0
51520,STAD-MOV-051520,88,65,0
51528,STAD-MOV-051528,6,0,0
51545,STAD-MOV-051545,77,68,0
51562,STAD-MOV-051562,160,96,0
51573,STAD-MOV-051573,47,13,0
51579,STAD-MOV-051579,16,11,0
51605,STAD-MOV-051605,10,3,0
51660,STAD-MOV-051660,181,161,1
51662,STAD-MOV-051662,10807,10565,1
51678,STAD-MOV-051678,140,107,0
51698,STAD-MOV-051698,431,352,1
51705,STAD-MOV-051705,304,247,1
51817,STAD-MOV-051817,8,6,0
51834,STAD-MOV-051834,603,555,1
51886,STAD-MOV-051886,4,1,0
51891,STAD-MOV-051891,2,0,0
51894,STAD-MOV-051894,21,6,0
51917,STAD-MOV-051917,24,7,0
51927,STAD-MOV-051927,231,223,1
51933,STAD-MOV-051933,61,31,0
51939,STAD-MOV-051939,535,483,1
51991,STAD-MOV-051991,73,3,0
52005,STAD-MOV-052005,81,32,0
52037,STAD-MOV-052037,59,13,0
52101,STAD-MOV-052101,7,2,0
52180,STAD-MOV-052180,4,0,0
52199,STAD-MOV-052199,31,17,0
52202,STAD-MOV-052202,12,7,0
52237,STAD-MOV-052237,19,12,0
52273,STAD-MOV-052273,1,0,0
52287,STAD-MOV-052287,817,809,1
52319,STAD-MOV-052319,822,568,1
52321,STAD-MOV-052321,173,150,1
52375,STAD-MOV-052375,293,216,1
52413,STAD-MOV-052413,36,20,0
52424,STAD-MOV-052424,52,25,0
52448,STAD-MOV-052448,131,94,0
52460,STAD-MOV-052460,243,196,1
52462,STAD-MOV-052462,350,255,1
52528,STAD-MOV-052528,75,51,0
52548,STAD-MOV-052548,10,4,0
52572,STAD-MOV-052572,18,10,0
52579,STAD-MOV-052579,590,445,1
52589,STAD-MOV-052589,3,2,0
52604,STAD-MOV-052604,1615,1495,1
52606,STAD-MOV-052606,224,164,1
52617,STAD-MOV-052617,14,2,0
52660,STAD-MOV-052660,3,0,0
52666,STAD-MOV-052666,129,83,0
52694,STAD-MOV-052694,559,539,1
52715,STAD-MOV-052715,82,54,0
52767,STAD-MOV-052767,407,173,1
52784,STAD-MOV-052784,47,9,0
52796,STAD-MOV-052796,2,0,0
52804,STAD-MOV-052804,4,1,0
52806,STAD-MOV-052806,131,118,0
52858,STAD-MOV-052858,8,5,0
52885,STAD-MOV-052885,1302,1216,1
52891,STAD-MOV-052891,13,6,0
52927,STAD-MOV-052927,37,6,0
52950,STAD-MOV-052950,484,382,1
52975,STAD-MOV-052975,1193,1066,1
52980,STAD-MOV-052980,16,8,0
53002,STAD-MOV-053002,198,157,1
53004,STAD-MOV-053004,128,103,0
53038,STAD-MOV-053038,58,16,0
53052,STAD-MOV-053052,11,2,0
53066,STAD-MOV-053066,15,11,0
53084,STAD-MOV-053084,2,0,0
53127,STAD-MOV-053127,225,167,1
53131,STAD-MOV-053131,54,47,0
53138,STAD-MOV-053138,111,95,0
53187,STAD-MOV-053187,1,1,0
53207,STAD-MOV-053207,628,559,1
53226,STAD-MOV-053226,9,6,0
53322,STAD-MOV-053322,3842,3760,1
53342,STAD-MOV-053342,9,2,0
53349,STAD-MOV-053349,66,17,0
53352,STAD-MOV-053352,34,23,0
53375,STAD-MOV-053375,3,3,0
53379,STAD-MOV-053379,22,7,0
53406,STAD-MOV-053406,51,26,0
53416,STAD-MOV-053416,4,2,0
53443,STAD-MOV-053443,22,7,0
53453,STAD-MOV-053453,8,4,0
53460,STAD-MOV-053460,628,600,1
53466,STAD-MOV-053466,139,115,0
53498,STAD-MOV-053498,30,1,0
53519,STAD-MOV-053519,2555,2507,1
53550,STAD-MOV-053550,1065,930,1
53569,STAD-MOV-053569,37,18,0
53578,STAD-MOV-053578,90,68,0
53592,STAD-MOV-053592,38,32,0
53651,STAD-MOV-053651,5,2,0
53752,STAD-MOV-053752,9,4,0
53769,STAD-MOV-053769,144,12,0
53771,STAD-MOV-053771,7,4,0
53788,STAD-MOV-053788,69,51,0
53808,STAD-MOV-053808,12,0,0
53833,STAD-MOV-053833,11,2,0
53837,STAD-MOV-053837,13,2,0
53839,STAD-MOV-053839,7,0,0
53841,STAD-MOV-053841,5,1,0
53845,STAD-MOV-053845,5,2,0
53847,STAD-MOV-053847,6,0,0
53851,STAD-MOV-053851,6,2,0
53855,STAD-MOV-053855,11,5,0
53857,STAD-MOV-053857,3,0,0
53880,STAD-MOV-053880,24,10,0
53885,STAD-MOV-053885,8,0,0
53912,STAD-MOV-053912,14,7,0
53921,STAD-MOV-053921,244,193,1
53956,STAD-MOV-053956,1300,1200,1
53963,STAD-MOV-053963,5,0,0
53974,STAD-MOV-053974,337,282,1
53996,STAD-MOV-053996,5664,5067,1
53999,STAD-MOV-053999,140,104,0
54010,STAD-MOV-054010,1,0,0
54049,STAD-MOV-054049,17,14,0
54056,STAD-MOV-054056,2,0,0
54067,STAD-MOV-054067,3,3,0
54116,STAD-MOV-054116,96,70,0
54144,STAD-MOV-054144,11,5,0
54171,STAD-MOV-054171,16,4,0
54185,STAD-MOV-054185,57,2,0
54198,STAD-MOV-054198,12,1,0
54220,STAD-MOV-054220,11,1,0
54229,STAD-MOV-054229,48,42,0
54239,STAD-MOV-054239,7,2,0
54248,STAD-MOV-054248,25,17,0
54251,STAD-MOV-054251,7,1,0
54262,STAD-MOV-054262,8,4,0
54268,STAD-MOV-054268,36,26,0
54274,STAD-MOV-054274,176,141,0
54278,STAD-MOV-054278,138,124,0
54281,STAD-MOV-054281,719,530,1
54284,STAD-MOV-054284,22,13,0
54328,STAD-MOV-054328,84,53,0
54331,STAD-MOV-054331,259,200,1
54341,STAD-MOV-054341,7,4,0
54349,STAD-MOV-054349,2,0,0
54378,STAD-MOV-054378,52,4,0
54419,STAD-MOV-054419,27,5,0
54493,STAD-MOV-054493,6,5,0
54510,STAD-MOV-054510,62,30,0
54513,STAD-MOV-054513,165,84,0
54519,STAD-MOV-054519,18,3,0
54561,STAD-MOV-054561,3,1,0
54612,STAD-MOV-054612,113,84,0
54617,STAD-MOV-054617,3,2,0
54621,STAD-MOV-054621,53,23,0
54652,STAD-MOV-054652,2,1,0
54686,STAD-MOV-054686,167,150,1
54689,STAD-MOV-054689,1,0,0
54732,STAD-MOV-054732,502,395,1
54736,STAD-MOV-054736,1315,1225,1
54738,STAD-MOV-054738,31,26,0
54758,STAD-MOV-054758,2,0,0
54778,STAD-MOV-054778,9,2,0
54780,STAD-MOV-054780,373,332,1
54785,STAD-MOV-054785,485,454,1
54787,STAD-MOV-054787,316,285,1
54833,STAD-MOV-054833,34,13,0
54872,STAD-MOV-054872,16,11,0
54910,STAD-MOV-054910,149,100,0
54934,STAD-MOV-054934,114,55,0
54958,STAD-MOV-054958,24,13,0
54972,STAD-MOV-054972,3,1,0
54986,STAD-MOV-054986,6,5,0
54988,STAD-MOV-054988,2,1,0
54995,STAD-MOV-054995,2413,2296,1
54997,STAD-MOV-054997,4725,4535,1
55020,STAD-MOV-055020,172,122,0
55040,STAD-MOV-055040,10,5,0
55050,STAD-MOV-055050,21,13,0
55052,STAD-MOV-055052,2330,2250,1
55061,STAD-MOV-055061,13,2,0
55063,STAD-MOV-055063,129,22,0
55067,STAD-MOV-055067,124,70,0
55069,STAD-MOV-055069,802,652,1
55071,STAD-MOV-055071,301,91,0
55078,STAD-MOV-055078,32,17,0
55100,STAD-MOV-055100,89,75,0
55112,STAD-MOV-055112,14,5,0
55156,STAD-MOV-055156,89,2,0
55190,STAD-MOV-055190,62,50,0
55205,STAD-MOV-055205,165,84,0
55207,STAD-MOV-055207,44,20,0
55245,STAD-MOV-055245,560,533,1
55253,STAD-MOV-055253,574,559,1
55257,STAD-MOV-055257,118,81,0
55259,STAD-MOV-055259,153,124,0
55269,STAD-MOV-055269,2956,2438,1
55272,STAD-MOV-055272,476,438,1
55274,STAD-MOV-055274,607,557,1
55278,STAD-MOV-055278,157,98,0
55286,STAD-MOV-055286,268,213,1
55290,STAD-MOV-055290,2817,2660,1
55294,STAD-MOV-055294,12,1,0
55324,STAD-MOV-055324,14,10,0
55360,STAD-MOV-055360,27,15,0
55373,STAD-MOV-055373,4,4,0
55389,STAD-MOV-055389,10,5,0
55391,STAD-MOV-055391,88,71,0
55406,STAD-MOV-055406,10,2,0
55408,STAD-MOV-055408,5,2,0
55419,STAD-MOV-055419,56,37,0
55440,STAD-MOV-055440,29,14,0
55462,STAD-MOV-055462,10,0,0
55485,STAD-MOV-055485,4,4,0
55489,STAD-MOV-055489,10,1,0
55492,STAD-MOV-055492,43,26,0
55498,STAD-MOV-055498,78,52,0
55512,STAD-MOV-055512,2,1,0
55517,STAD-MOV-055517,47,27,0
55549,STAD-MOV-055549,13,4,0
55553,STAD-MOV-055553,384,299,1
55555,STAD-MOV-055555,342,191,1
55566,STAD-MOV-055566,74,66,0
55626,STAD-MOV-055626,2,1,0
55668,STAD-MOV-055668,14,8,0
55681,STAD-MOV-055681,4,1,0
55684,STAD-MOV-055684,12,6,0
55691,STAD-MOV-055691,6,0,0
55713,STAD-MOV-055713,15,9,0
55729,STAD-MOV-055729,225,141,0
55737,STAD-MOV-055737,6,4,0
55765,STAD-MOV-055765,5055,4978,1
55782,STAD-MOV-055782,6,1,0
55826,STAD-MOV-055826,6,4,0
55856,STAD-MOV-055856,20,11,0
55926,STAD-MOV-055926,34,22,0
55955,STAD-MOV-055955,234,211,1
55995,STAD-MOV-055995,1532,1461,1
56006,STAD-MOV-056006,10,1,0
56012,STAD-MOV-056012,181,43,0
56069,STAD-MOV-056069,21,11,0
56095,STAD-MOV-056095,53,40,0
56145,STAD-MOV-056145,1665,1644,1
56169,STAD-MOV-056169,332,301,1
56171,STAD-MOV-056171,1784,1721,1
56176,STAD-MOV-056176,612,605,1
56251,STAD-MOV-056251,1328,1108,1
56274,STAD-MOV-056274,270,204,1
56313,STAD-MOV-056313,3,2,0
56331,STAD-MOV-056331,8,6,0
56339,STAD-MOV-056339,1669,1557,1
56350,STAD-MOV-056350,39,27,0
56367,STAD-MOV-056367,10668,10028,1
56370,STAD-MOV-056370,48,30,0
56372,STAD-MOV-056372,15,10,0
56379,STAD-MOV-056379,108,30,0
56474,STAD-MOV-056474,21,18,0
56479,STAD-MOV-056479,59,4,0
56511,STAD-MOV-056511,38,29,0
56548,STAD-MOV-056548,3,0,0
56561,STAD-MOV-056561,25,2,0
56563,STAD-MOV-056563,281,34,0
56599,STAD-MOV-056599,4,0,0
56607,STAD-MOV-056607,899,799,1
56612,STAD-MOV-056612,14,9,0
56616,STAD-MOV-056616,4,1,0
56620,STAD-MOV-056620,54,37,0
56624,STAD-MOV-056624,2,0,0
56626,STAD-MOV-056626,28,11,0
56631,STAD-MOV-056631,11,3,0
56651,STAD-MOV-056651,6,2,0
56691,STAD-MOV-056691,10,2,0
56702,STAD-MOV-056702,2,0,0
56715,STAD-MOV-056715,1001,772,1
56719,STAD-MOV-056719,73,43,0
56744,STAD-MOV-056744,69,12,0
56757,STAD-MOV-056757,3546,3419,1
56775,STAD-MOV-056775,1909,1876,1
56779,STAD-MOV-056779,10,2,0
56805,STAD-MOV-056805,736,610,1
56869,STAD-MOV-056869,4,2,0
56885,STAD-MOV-056885,500,443,1
56888,STAD-MOV-056888,3,1,0
56915,STAD-MOV-056915,236,214,1
56921,STAD-MOV-056921,951,723,1
56941,STAD-MOV-056941,1125,1085,1
56956,STAD-MOV-056956,2,0,0
56995,STAD-MOV-056995,11,4,0
57023,STAD-MOV-057023,2,1,0
57183,STAD-MOV-057183,34,33,0
57209,STAD-MOV-057209,6,3,0
57236,STAD-MOV-057236,8,1,0
57274,STAD-MOV-057274,1051,997,1
57276,STAD-MOV-057276,16,13,0
57291,STAD-MOV-057291,1,0,0
57368,STAD-MOV-057368,3403,3229,1
57418,STAD-MOV-057418,20,4,0
57421,STAD-MOV-057421,68,55,0
57464,STAD-MOV-057464,263,195,1
57468,STAD-MOV-057468,2,0,0
57478,STAD-MOV-057478,9,0,0
57484,STAD-MOV-057484,13,4,0
57504,STAD-MOV-057504,784,728,1
57532,STAD-MOV-057532,615,560,1
57534,STAD-MOV-057534,286,256,1
57538,STAD-MOV-057538,135,119,0
57637,STAD-MOV-057637,117,63,0
57655,STAD-MOV-057655,47,20,0
57669,STAD-MOV-057669,4916,4677,1
57709,STAD-MOV-057709,1,0,0
57754,STAD-MOV-057754,14,2,0
57774,STAD-MOV-057774,3,1,0
57848,STAD-MOV-057848,12,4,0
57938,STAD-MOV-057938,2,1,0
57949,STAD-MOV-057949,60,54,0
57964,STAD-MOV-057964,21,6,0
57980,STAD-MOV-057980,121,37,0
57996,STAD-MOV-057996,5,0,0
58025,STAD-MOV-058025,1998,1913,1
58078,STAD-MOV-058078,248,210,1
58094,STAD-MOV-058094,10,0,0
58120,STAD-MOV-058120,2,1,0
58130,STAD-MOV-058130,4,0,0
58136,STAD-MOV-058136,2,1,0
58146,STAD-MOV-058146,74,29,0
58180,STAD-MOV-058180,3,0,0
58207,STAD-MOV-058207,4,4,0
58228,STAD-MOV-058228,2,2,0
58246,STAD-MOV-058246,129,68,0
58250,STAD-MOV-058250,7,4,0
58274,STAD-MOV-058274,6,2,0
58282,STAD-MOV-058282,1,0,0
58295,STAD-MOV-058295,1923,1885,1
58306,STAD-MOV-058306,516,401,1
58334,STAD-MOV-058334,131,108,0
58351,STAD-MOV-058351,292,173,1
58437,STAD-MOV-058437,6,3,0
58439,STAD-MOV-058439,40,26,0
58452,STAD-MOV-058452,3,2,0
58485,STAD-MOV-058485,71,61,0
58494,STAD-MOV-058494,86,60,0
58534,STAD-MOV-058534,1,0,0
58559,STAD-MOV-058559,20438,20436,1
58598,STAD-MOV-058598,3,2,0
58610,STAD-MOV-058610,14,0,0
58622,STAD-MOV-058622,134,21,0
58632,STAD-MOV-058632,18,1,0
58641,STAD-MOV-058641,3,0,0
58706,STAD-MOV-058706,105,76,0
58709,STAD-MOV-058709,35,13,0
58718,STAD-MOV-058718,7,4,0
58743,STAD-MOV-058743,42,25,0
58810,STAD-MOV-058810,2,2,0
58842,STAD-MOV-058842,2,0,0
58847,STAD-MOV-058847,7,0,0
58874,STAD-MOV-058874,14,11,0
58879,STAD-MOV-058879,155,104,0
58889,STAD-MOV-058889,35,10,0
58898,STAD-MOV-058898,27,4,0
58904,STAD-MOV-058904,12,0,0
58920,STAD-MOV-058920,5,0,0
58933,STAD-MOV-058933,18,6,0
58937,STAD-MOV-058937,64,19,0
58941,STAD-MOV-058941,5,0,0
58945,STAD-MOV-058945,11,3,0
59000,STAD-MOV-059000,64,62,0
59014,STAD-MOV-059014,393,377,1
59016,STAD-MOV-059016,454,430,1
59022,STAD-MOV-059022,982,878,1
59044,STAD-MOV-059044,7,4,0
59053,STAD-MOV-059053,19,12,0
59105,STAD-MOV-059105,93,29,0
59118,STAD-MOV-059118,538,439,1
59129,STAD-MOV-059129,67,46,0
59131,STAD-MOV-059131,18,3,0
59154,STAD-MOV-059154,11,4,0
59159,STAD-MOV-059159,20,12,0
59182,STAD-MOV-059182,9,3,0
59188,STAD-MOV-059188,72,49,0
59260,STAD-MOV-059260,40,29,0
59290,STAD-MOV-059290,28,24,0
59313,STAD-MOV-059313,16,9,0
59315,STAD-MOV-059315,11944,11932,1
59336,STAD-MOV-059336,315,199,1
59339,STAD-MOV-059339,70,31,0
59362,STAD-MOV-059362,72,45,0
59376,STAD-MOV-059376,23,21,0
59382,STAD-MOV-059382,63,28,0
59387,STAD-MOV-059387,1731,1681,1
59404,STAD-MOV-059404,128,107,0
59418,STAD-MOV-059418,193,155,1
59426,STAD-MOV-059426,1,0,0
59435,STAD-MOV-059435,19,13,0
59440,STAD-MOV-059440,131,30,0
59465,STAD-MOV-059465,2,2,0
59485,STAD-MOV-059485,42,6,0
59527,STAD-MOV-059527,17,3,0
59561,STAD-MOV-059561,1,1,0
59594,STAD-MOV-059594,229,152,1
59604,STAD-MOV-059604,178,164,1
59607,STAD-MOV-059607,91,26,0
59615,STAD-MOV-059615,4306,4229,1
59621,STAD-MOV-059621,26,18,0
59641,STAD-MOV-059641,9,0,0
59669,STAD-MOV-059669,8,1,0
59709,STAD-MOV-059709,170,118,0
59731,STAD-MOV-059731,367,183,1
59738,STAD-MOV-059738,123,108,0
59775,STAD-MOV-059775,1,1,0
59784,STAD-MOV-059784,4468,4442,1
59801,STAD-MOV-059801,6,1,0
59810,STAD-MOV-059810,295,158,1
59836,STAD-MOV-059836,4,3,0
59850,STAD-MOV-059850,6,2,0
59865,STAD-MOV-059865,2,0,0
59867,STAD-MOV-059867,3,0,0
59888,STAD-MOV-059888,1,0,0
59912,STAD-MOV-059912,41,23,0
59915,STAD-MOV-059915,100,51,0
59922,STAD-MOV-059922,2,0,0
59938,STAD-MOV-059938,19,11,0
59947,STAD-MOV-059947,7,7,0
59974,STAD-MOV-059974,2,1,0
59976,STAD-MOV-059976,46,18,0
59985,STAD-MOV-059985,293,217,1
59995,STAD-MOV-059995,513,380,1
60032,STAD-MOV-060032,25,14,0
60037,STAD-MOV-060037,1212,1180,1
60072,STAD-MOV-060072,2482,2432,1
60074,STAD-MOV-060074,3178,3101,1
60106,STAD-MOV-060106,11,0,0
60110,STAD-MOV-060110,16,10,0
60124,STAD-MOV-060124,10,4,0
60126,STAD-MOV-060126,1635,1604,1
60133,STAD-MOV-060133,50,12,0
60137,STAD-MOV-060137,60,11,0
60145,STAD-MOV-060145,3,0,0
60150,STAD-MOV-060150,8,6,0
60161,STAD-MOV-060161,1011,797,1
60193,STAD-MOV-060193,10,1,0
60198,STAD-MOV-060198,6,4,0
60201,STAD-MOV-060201,48,38,0
60237,STAD-MOV-060237,4,0,0
60243,STAD-MOV-060243,10,5,0
60259,STAD-MOV-060259,19,19,0
60286,STAD-MOV-060286,23,14,0
60291,STAD-MOV-060291,333,181,1
60293,STAD-MOV-060293,432,231,1
60295,STAD-MOV-060295,104,8,0
60309,STAD-MOV-060309,8,3,0
60311,STAD-MOV-060311,34,27,0
60322,STAD-MOV-060322,30,18,0
60336,STAD-MOV-060336,24,13,0
60341,STAD-MOV-060341,93,28,0
60343,STAD-MOV-060343,13,5,0
60363,STAD-MOV-060363,174,150,1
60376,STAD-MOV-060376,6,0,0
60391,STAD-MOV-060391,13,2,0
60450,STAD-MOV-060450,13,1,0
60469,STAD-MOV-060469,12,0,0
60475,STAD-MOV-060475,10,4,0
60479,STAD-MOV-060479,24,15,0
60482,STAD-MOV-060482,104,78,0
60487,STAD-MOV-060487,712,635,1
60508,STAD-MOV-060508,5,1,0
60522,STAD-MOV-060522,103,43,0
60526,STAD-MOV-060526,46,34,0
60530,STAD-MOV-060530,73,45,0
60585,STAD-MOV-060585,11,3,0
60590,STAD-MOV-060590,16,1,0
60641,STAD-MOV-060641,14,4,0
60647,STAD-MOV-060647,410,291,1
60674,STAD-MOV-060674,396,332,1
60728,STAD-MOV-060728,10,0,0
60737,STAD-MOV-060737,22,13,0
60753,STAD-MOV-060753,572,492,1
60756,STAD-MOV-060756,1467,1436,1
60758,STAD-MOV-060758,150,116,0
60766,STAD-MOV-060766,1257,559,1
60803,STAD-MOV-060803,39,14,0
60806,STAD-MOV-060806,36,13,0
60857,STAD-MOV-060857,59,12,0
60887,STAD-MOV-060887,7,2,0
60904,STAD-MOV-060904,122,57,0
60937,STAD-MOV-060937,730,719,1
60950,STAD-MOV-060950,1850,1647,1
60990,STAD-MOV-060990,37,21,0
61011,STAD-MOV-061011,25,12,0
61018,STAD-MOV-061018,18,12,0
61041,STAD-MOV-061041,3,0,0
61048,STAD-MOV-061048,10,0,0
61083,STAD-MOV-061083,3,2,0
61108,STAD-MOV-061108,15,13,0
61160,STAD-MOV-061160,843,790,1
61206,STAD-MOV-061206,20,9,0
61240,STAD-MOV-061240,3040,2714,1
61246,STAD-MOV-061246,255,129,0
61248,STAD-MOV-061248,872,859,1
61255,STAD-MOV-061255,240,203,1
61262,STAD-MOV-061262,365,332,1
61267,STAD-MOV-061267,50,42,0
61269,STAD-MOV-061269,16,7,0
61285,STAD-MOV-061285,7,3,0
61289,STAD-MOV-061289,177,135,0
61312,STAD-MOV-061312,38,15,0
61319,STAD-MOV-061319,47,14,0
61323,STAD-MOV-061323,4158,3932,1
61350,STAD-MOV-061350,690,611,1
61352,STAD-MOV-061352,554,468,1
61361,STAD-MOV-061361,130,94,0
61373,STAD-MOV-061373,16,8,0
61396,STAD-MOV-061396,9,5,0
61414,STAD-MOV-061414,10,3,0
61434,STAD-MOV-061434,9,6,0
61467,STAD-MOV-061467,12,8,0
61470,STAD-MOV-061470,22,11,0
61473,STAD-MOV-061473,26,4,0
61553,STAD-MOV-061553,4,3,0
61567,STAD-MOV-061567,35,7,0
61628,STAD-MOV-061628,8,0,0
61646,STAD-MOV-061646,92,29,0
61695,STAD-MOV-061695,4,2,0
61697,STAD-MOV-061697,431,400,1
61729,STAD-MOV-061729,893,772,1
61862,STAD-MOV-061862,27,14,0
61931,STAD-MOV-061931,28,16,0
61948,STAD-MOV-061948,80,60,0
61950,STAD-MOV-061950,32,22,0
61970,STAD-MOV-061970,3,1,0
61991,STAD-MOV-061991,94,78,0
61994,STAD-MOV-061994,10,2,0
62014,STAD-MOV-062014,6,1,0
62113,STAD-MOV-062113,491,420,1
62208,STAD-MOV-062208,12,1,0
62213,STAD-MOV-062213,4,1,0
62237,STAD-MOV-062237,2,0,0
62250,STAD-MOV-062250,363,262,1
62265,STAD-MOV-062265,225,192,1
62277,STAD-MOV-062277,11,2,0
62293,STAD-MOV-062293,518,480,1
62304,STAD-MOV-062304,10,4,0
62334,STAD-MOV-062334,6,1,0
62374,STAD-MOV-062374,1222,1152,1
62378,STAD-MOV-062378,36,6,0
62420,STAD-MOV-062420,8,2,0
62434,STAD-MOV-062434,1880,1765,1
62514,STAD-MOV-062514,4,1,0
62721,STAD-MOV-062721,11,1,0
62788,STAD-MOV-062788,77,59,0
62801,STAD-MOV-062801,101,27,0
62803,STAD-MOV-062803,86,34,0
62834,STAD-MOV-062834,117,72,0
62847,STAD-MOV-062847,5,0,0
62849,STAD-MOV-062849,1394,1244,1
62956,STAD-MOV-062956,958,805,1
62970,STAD-MOV-062970,172,97,0
63001,STAD-MOV-063001,6,1,0
63007,STAD-MOV-063007,1,1,0
63062,STAD-MOV-063062,1838,1722,1
63072,STAD-MOV-063072,1438,1380,1
63119,STAD-MOV-063119,22,11,0
63131,STAD-MOV-063131,1930,1798,1
63181,STAD-MOV-063181,64,42,0
63187,STAD-MOV-063187,2,0,0
63222,STAD-MOV-063222,299,170,1
63229,STAD-MOV-063229,2,0,0
63237,STAD-MOV-063237,29,17,0
63239,STAD-MOV-063239,106,80,0
63273,STAD-MOV-063273,29,4,0
63310,STAD-MOV-063310,20,13,0
63332,STAD-MOV-063332,7,3,0
63339,STAD-MOV-063339,4,1,0
63446,STAD-MOV-063446,82,56,0
63468,STAD-MOV-063468,4,1,0
63540,STAD-MOV-063540,178,149,0
63692,STAD-MOV-063692,2,1,0
63698,STAD-MOV-063698,66,26,0
63758,STAD-MOV-063758,4,2,0
63760,STAD-MOV-063760,7,3,0
63772,STAD-MOV-063772,5,3,0
63788,STAD-MOV-063788,25,14,0
63808,STAD-MOV-063808,336,221,1
63810,STAD-MOV-063810,3,1,0
63840,STAD-MOV-063840,2,0,0
63853,STAD-MOV-063853,917,779,1
63859,STAD-MOV-063859,1658,1610,1
63989,STAD-MOV-063989,29,11,0
64010,STAD-MOV-064010,58,35,0
64032,STAD-MOV-064032,315,294,1
64034,STAD-MOV-064034,1008,989,1
64099,STAD-MOV-064099,2,0,0
64153,STAD-MOV-064153,10,6,0
64197,STAD-MOV-064197,460,336,1
64234,STAD-MOV-064234,47,33,0
64245,STAD-MOV-064245,9,0,0
64275,STAD-MOV-064275,7,3,0
64283,STAD-MOV-064283,12,2,0
64285,STAD-MOV-064285,495,398,1
64327,STAD-MOV-064327,1,1,0
64338,STAD-MOV-064338,20,9,0
64368,STAD-MOV-064368,9,6,0
64418,STAD-MOV-064418,17,0,0
64424,STAD-MOV-064424,3,1,0
64427,STAD-MOV-064427,6,0,0
64501,STAD-MOV-064501,216,186,1
64508,STAD-MOV-064508,174,159,1
64517,STAD-MOV-064517,4,1,0
64524,STAD-MOV-064524,21,12,0
64575,STAD-MOV-064575,1554,1294,1
64622,STAD-MOV-064622,1550,1479,1
64658,STAD-MOV-064658,6,3,0
64660,STAD-MOV-064660,10,5,0
64695,STAD-MOV-064695,35,28,0
64704,STAD-MOV-064704,1,0,0
64754,STAD-MOV-064754,2,0,0
64784,STAD-MOV-064784,2,2,0
64793,STAD-MOV-064793,3,0,0
64897,STAD-MOV-064897,4,1,0
64903,STAD-MOV-064903,7,2,0
64906,STAD-MOV-064906,10,1,0
64921,STAD-MOV-064921,7,4,0
64923,STAD-MOV-064923,4,1,0
64926,STAD-MOV-064926,6,2,0
64942,STAD-MOV-064942,19,3,0
64944,STAD-MOV-064944,1,0,0
64959,STAD-MOV-064959,3,1,0
64976,STAD-MOV-064976,8,3,0
64979,STAD-MOV-064979,2,0,0
64990,STAD-MOV-064990,10,1,0
65025,STAD-MOV-065025,2,2,0
65033,STAD-MOV-065033,6,0,0
65037,STAD-MOV-065037,141,30,0
65088,STAD-MOV-065088,641,619,1
65130,STAD-MOV-065130,1030,992,1
65133,STAD-MOV-065133,278,86,0
65142,STAD-MOV-065142,81,57,0
65155,STAD-MOV-065155,40,26,0
65181,STAD-MOV-065181,35,22,0
65216,STAD-MOV-065216,779,695,1
65227,STAD-MOV-065227,6,0,0
65230,STAD-MOV-065230,845,797,1
65256,STAD-MOV-065256,35,27,0
65259,STAD-MOV-065259,34,11,0
65288,STAD-MOV-065288,8,1,0
65290,STAD-MOV-065290,10,0,0
65300,STAD-MOV-065300,30,19,0
65304,STAD-MOV-065304,6,2,0
65352,STAD-MOV-065352,7,2,0
65357,STAD-MOV-065357,18,4,0
65381,STAD-MOV-065381,4,1,0
65400,STAD-MOV-065400,27,20,0
65435,STAD-MOV-065435,102,102,0
65465,STAD-MOV-065465,264,235,1
65518,STAD-MOV-065518,9,4,0
65538,STAD-MOV-065538,7,4,0
65562,STAD-MOV-065562,5,2,0
65564,STAD-MOV-065564,5,0,0
65577,STAD-MOV-065577,236,217,1
65588,STAD-MOV-065588,86,4,0
65596,STAD-MOV-065596,190,159,1
65603,STAD-MOV-065603,11,6,0
65621,STAD-MOV-065621,1,0,0
65629,STAD-MOV-065629,1,1,0
65638,STAD-MOV-065638,2,0,0
65640,STAD-MOV-065640,4,0,0
65651,STAD-MOV-065651,10,8,0
65667,STAD-MOV-065667,11,6,0
65669,STAD-MOV-065669,7,0,0
65682,STAD-MOV-065682,902,857,1
65685,STAD-MOV-065685,341,322,1
65709,STAD-MOV-065709,43,13,0
65731,STAD-MOV-065731,55,34,0
65740,STAD-MOV-065740,53,37,0
65762,STAD-MOV-065762,2,1,0
65770,STAD-MOV-065770,10,1,0
65772,STAD-MOV-065772,45,39,0
65845,STAD-MOV-065845,17,8,0
65866,STAD-MOV-065866,7,4,0
65878,STAD-MOV-065878,3,2,0
65894,STAD-MOV-065894,48,20,0
65899,STAD-MOV-065899,76,41,0
65927,STAD-MOV-065927,27,14,0
65974,STAD-MOV-065974,14,1,0
65986,STAD-MOV-065986,5,1,0
65994,STAD-MOV-065994,4,0,0
66006,STAD-MOV-066006,3,0,0
66019,STAD-MOV-066019,20,1,0
66025,STAD-MOV-066025,8,2,0
66036,STAD-MOV-066036,1,0,0
66057,STAD-MOV-066057,1,0,0
66059,STAD-MOV-066059,31,2,0
66068,STAD-MOV-066068,15,9,0
66097,STAD-MOV-066097,3258,3254,1
66105,STAD-MOV-066105,7,2,0
66130,STAD-MOV-066130,225,142,0
66140,STAD-MOV-066140,14,1,0
66198,STAD-MOV-066198,492,465,1
66200,STAD-MOV-066200,206,172,1
66246,STAD-MOV-066246,32,7,0
66250,STAD-MOV-066250,1,0,0
66282,STAD-MOV-066282,5,2,0
66284,STAD-MOV-066284,7,0,0
66289,STAD-MOV-066289,15,2,0
66295,STAD-MOV-066295,10,4,0
66297,STAD-MOV-066297,701,543,1
66304,STAD-MOV-066304,111,106,0
66317,STAD-MOV-066317,82,50,0
66320,STAD-MOV-066320,63,30,0
66339,STAD-MOV-066339,13,6,0
66365,STAD-MOV-066365,40,25,0
66369,STAD-MOV-066369,10,1,0
66385,STAD-MOV-066385,155,129,0
66389,STAD-MOV-066389,1,0,0
66437,STAD-MOV-066437,2,2,0
66472,STAD-MOV-066472,7,5,0
66503,STAD-MOV-066503,13,0,0
66506,STAD-MOV-066506,28,7,0
66509,STAD-MOV-066509,938,844,1
66513,STAD-MOV-066513,2,0,0
66537,STAD-MOV-066537,3,2,0
66549,STAD-MOV-066549,9,6,0
66551,STAD-MOV-066551,10,4,0
66579,STAD-MOV-066579,6,1,0
66590,STAD-MOV-066590,3,2,0
66596,STAD-MOV-066596,76,51,0
66639,STAD-MOV-066639,133,121,0
66652,STAD-MOV-066652,14,9,0
66655,STAD-MOV-066655,9,2,0
66665,STAD-MOV-066665,874,644,1
66686,STAD-MOV-066686,12,7,0
66718,STAD-MOV-066718,14,2,0
66744,STAD-MOV-066744,106,70,0
66758,STAD-MOV-066758,7,0,0
66789,STAD-MOV-066789,45,33,0
66801,STAD-MOV-066801,33,12,0
66808,STAD-MOV-066808,53,37,0
66811,STAD-MOV-066811,3,0,0
66813,STAD-MOV-066813,11,1,0
66854,STAD-MOV-066854,9,1,0
66857,STAD-MOV-066857,6,1,0
66859,STAD-MOV-066859,6,4,0
66861,STAD-MOV-066861,4,2,0
66868,STAD-MOV-066868,5,2,0
66870,STAD-MOV-066870,66,28,0
66897,STAD-MOV-066897,4,3,0
66900,STAD-MOV-066900,10,6,0
66904,STAD-MOV-066904,1,0,0
66915,STAD-MOV-066915,89,71,0
66932,STAD-MOV-066932,6,2,0
66943,STAD-MOV-066943,50,29,0
66947,STAD-MOV-066947,8,2,0
66983,STAD-MOV-066983,3,0,0
67070,STAD-MOV-067070,12,11,0
67073,STAD-MOV-067073,149,129,0
67087,STAD-MOV-067087,2051,1926,1
67168,STAD-MOV-067168,83,60,0
67186,STAD-MOV-067186,226,178,1
67233,STAD-MOV-067233,5,0,0
67356,STAD-MOV-067356,10,6,0
67359,STAD-MOV-067359,7,2,0
67363,STAD-MOV-067363,10,0,0
67420,STAD-MOV-067420,20,13,0
67422,STAD-MOV-067422,51,9,0
67457,STAD-MOV-067457,11,9,0
67459,STAD-MOV-067459,16,1,0
67603,STAD-MOV-067603,9,3,0
67607,STAD-MOV-067607,29,3,0
67667,STAD-MOV-067667,10,7,0
67706,STAD-MOV-067706,13,6,0
67734,STAD-MOV-067734,1512,1327,1
67744,STAD-MOV-067744,8,4,0
67748,STAD-MOV-067748,22,18,0
67799,STAD-MOV-067799,191,159,1
67812,STAD-MOV-067812,11,8,0
67839,STAD-MOV-067839,63,41,0
67845,STAD-MOV-067845,7,7,0
67850,STAD-MOV-067850,7,1,0
67852,STAD-MOV-067852,1,1,0
67865,STAD-MOV-067865,7,1,0
67867,STAD-MOV-067867,323,272,1
67871,STAD-MOV-067871,28,15,0
67873,STAD-MOV-067873,3,0,0
67888,STAD-MOV-067888,11,2,0
67892,STAD-MOV-067892,7,2,0
67900,STAD-MOV-067900,7,3,0
67907,STAD-MOV-067907,26,7,0
67927,STAD-MOV-067927,18,3,0
67931,STAD-MOV-067931,6,2,0
68073,STAD-MOV-068073,1060,931,1
68135,STAD-MOV-068135,1323,1267,1
68153,STAD-MOV-068153,12,9,0
68159,STAD-MOV-068159,943,910,1
68161,STAD-MOV-068161,1,0,0
68163,STAD-MOV-068163,4,2,0
68173,STAD-MOV-068173,29,9,0
68180,STAD-MOV-068180,8,1,0
68205,STAD-MOV-068205,797,770,1
68222,STAD-MOV-068222,1,1,0
68226,STAD-MOV-068226,12,3,0
68242,STAD-MOV-068242,3,1,0
68246,STAD-MOV-068246,2,0,0
68259,STAD-MOV-068259,12,1,0
68263,STAD-MOV-068263,73,35,0
68269,STAD-MOV-068269,445,378,1
68271,STAD-MOV-068271,8,2,0
68314,STAD-MOV-068314,1,0,0
68329,STAD-MOV-068329,2,1,0
68392,STAD-MOV-068392,19,10,0
68411,STAD-MOV-068411,6,2,0
68442,STAD-MOV-068442,73,55,0
68462,STAD-MOV-068462,4,0,0
68472,STAD-MOV-068472,66,21,0
68480,STAD-MOV-068480,6,3,0
68489,STAD-MOV-068489,7,3,0
68498,STAD-MOV-068498,8,5,0
68513,STAD-MOV-068513,21,16,0
68515,STAD-MOV-068515,4,0,0
68519,STAD-MOV-068519,165,115,0
68533,STAD-MOV-068533,4,4,0
68541,STAD-MOV-068541,4,0,0
68554,STAD-MOV-068554,1826,1810,1
68597,STAD-MOV-068597,23,16,0
68645,STAD-MOV-068645,4,1,0
68653,STAD-MOV-068653,13,10,0
68659,STAD-MOV-068659,407,360,1
68664,STAD-MOV-068664,2,0,0
68685,STAD-MOV-068685,50,33,0
68793,STAD-MOV-068793,727,696,1
68833,STAD-MOV-068833,3,0,0
68835,STAD-MOV-068835,57,16,0
68843,STAD-MOV-068843,125,91,0
68872,STAD-MOV-068872,45,10,0
68886,STAD-MOV-068886,40,25,0
68892,STAD-MOV-068892,13,4,0
68897,STAD-MOV-068897,6,1,0
68901,STAD-MOV-068901,54,7,0
68915,STAD-MOV-068915,6,2,0
68923,STAD-MOV-068923,21,16,0
68932,STAD-MOV-068932,313,251,1
68941,STAD-MOV-068941,250,229,1
68967,STAD-MOV-068967,74,38,0
68974,STAD-MOV-068974,6,1,0
69005,STAD-MOV-069005,10,3,0
69007,STAD-MOV-069007,6,3,0
69027,STAD-MOV-069027,71,57,0
69042,STAD-MOV-069042,4,2,0
69072,STAD-MOV-069072,10,2,0
69088,STAD-MOV-069088,59,18,0
69103,STAD-MOV-069103,8,1,0
69118,STAD-MOV-069118,70,62,0
69134,STAD-MOV-069134,784,703,1
69136,STAD-MOV-069136,19,5,0
69155,STAD-MOV-069155,5,1,0
69159,STAD-MOV-069159,4,3,0
69195,STAD-MOV-069195,2,1,0
69199,STAD-MOV-069199,6,1,0
69213,STAD-MOV-069213,12,6,0
69222,STAD-MOV-069222,4,2,0
69243,STAD-MOV-069243,17,3,0
69253,STAD-MOV-069253,191,148,0
69306,STAD-MOV-069306,659,639,1
69310,STAD-MOV-069310,7,1,0
69324,STAD-MOV-069324,138,100,0
69339,STAD-MOV-069339,38,13,0
69354,STAD-MOV-069354,10,5,0
69356,STAD-MOV-069356,21,14,0
69372,STAD-MOV-069372,37,14,0
69379,STAD-MOV-069379,1,0,0
69432,STAD-MOV-069432,15,4,0
69438,STAD-MOV-069438,45,8,0
69446,STAD-MOV-069446,5,2,0
69460,STAD-MOV-069460,5,0,0
69469,STAD-MOV-069469,26,19,0
69481,STAD-MOV-069481,3965,3839,1
69483,STAD-MOV-069483,9,1,0
69495,STAD-MOV-069495,25,9,0
69503,STAD-MOV-069503,10,6,0
69506,STAD-MOV-069506,7,0,0
69524,STAD-MOV-069524,233,117,0
69529,STAD-MOV-069529,189,129,0
69559,STAD-MOV-069559,7,3,0
69565,STAD-MOV-069565,0,0,0
69574,STAD-MOV-069574,113,76,0
69606,STAD-MOV-069606,345,315,1
69609,STAD-MOV-069609,2,1,0
69640,STAD-MOV-069640,1269,1231,1
69652,STAD-MOV-069652,2,0,0
69654,STAD-MOV-069654,113,101,0
69670,STAD-MOV-069670,2,0,0
69677,STAD-MOV-069677,14,7,0
69685,STAD-MOV-069685,167,58,0
69706,STAD-MOV-069706,2,0,0
69714,STAD-MOV-069714,12,9,0
69722,STAD-MOV-069722,6,2,0
69732,STAD-MOV-069732,3,2,0
69746,STAD-MOV-069746,252,159,1
69753,STAD-MOV-069753,6,1,0
69768,STAD-MOV-069768,7,2,0
69773,STAD-MOV-069773,10,4,0
69805,STAD-MOV-069805,86,72,0
69809,STAD-MOV-069809,15,9,0
69821,STAD-MOV-069821,8,7,0
69830,STAD-MOV-069830,33,10,0
69849,STAD-MOV-069849,421,221,1
69856,STAD-MOV-069856,5,2,0
69858,STAD-MOV-069858,8,5,0
69908,STAD-MOV-069908,16,10,0
69919,STAD-MOV-069919,10,5,0
69926,STAD-MOV-069926,17,7,0
69928,STAD-MOV-069928,11,3,0
69931,STAD-MOV-069931,4,1,0
69971,STAD-MOV-069971,14,9,0
69974,STAD-MOV-069974,23,12,0
69981,STAD-MOV-069981,6,3,0
69986,STAD-MOV-069986,7,2,0
69988,STAD-MOV-069988,101,12,0
69992,STAD-MOV-069992,41,27,0
70046,STAD-MOV-070046,21,17,0
70048,STAD-MOV-070048,10,4,0
70050,STAD-MOV-070050,2,1,0
70121,STAD-MOV-070121,22,7,0
70126,STAD-MOV-070126,4,0,0
70128,STAD-MOV-070128,3,1,0
70133,STAD-MOV-070133,53,26,0
70157,STAD-MOV-070157,8,4,0
70159,STAD-MOV-070159,477,456,1
70183,STAD-MOV-070183,711,675,1
70188,STAD-MOV-070188,26,16,0
70197,STAD-MOV-070197,3,1,0
70206,STAD-MOV-070206,98,91,0
70208,STAD-MOV-070208,242,213,1
70227,STAD-MOV-070227,6,1,0
70229,STAD-MOV-070229,16,9,0
70235,STAD-MOV-070235,15,2,0
70237,STAD-MOV-070237,5,0,0
70286,STAD-MOV-070286,8038,7916,1
70293,STAD-MOV-070293,1330,1237,1
70295,STAD-MOV-070295,29,18,0
70336,STAD-MOV-070336,982,951,1
70344,STAD-MOV-070344,122,61,0
70374,STAD-MOV-070374,4,0,0
70377,STAD-MOV-070377,11,6,0
70418,STAD-MOV-070418,11,5,0
70421,STAD-MOV-070421,3,1,0
70432,STAD-MOV-070432,60,38,0
70451,STAD-MOV-070451,169,125,0
70465,STAD-MOV-070465,30,3,0
70488,STAD-MOV-070488,3,2,0
70490,STAD-MOV-070490,3,1,0
70495,STAD-MOV-070495,12,1,0
70500,STAD-MOV-070500,4,1,0
70511,STAD-MOV-070511,3,2,0
70517,STAD-MOV-070517,6,0,0
70521,STAD-MOV-070521,125,65,0
70529,STAD-MOV-070529,2,0,0
70531,STAD-MOV-070531,2,0,0
70541,STAD-MOV-070541,13,5,0
70543,STAD-MOV-070543,8,2,0
70545,STAD-MOV-070545,11,5,0
70559,STAD-MOV-070559,9,6,0
70571,STAD-MOV-070571,11,0,0
70591,STAD-MOV-070591,3,1,0
70593,STAD-MOV-070593,3,0,0
70597,STAD-MOV-070597,91,37,0
70609,STAD-MOV-070609,3,0,0
70637,STAD-MOV-070637,35,21,0
70643,STAD-MOV-070643,75,45,0
70659,STAD-MOV-070659,20,0,0
70661,STAD-MOV-070661,12,11,0
70670,STAD-MOV-070670,22,5,0
70689,STAD-MOV-070689,8,4,0
70724,STAD-MOV-070724,11,4,0
70730,STAD-MOV-070730,4,2,0
70769,STAD-MOV-070769,74,56,0
70800,STAD-MOV-070800,3,1,0
70817,STAD-MOV-070817,3,2,0
70819,STAD-MOV-070819,2,1,0
70821,STAD-MOV-070821,6,0,0
70826,STAD-MOV-070826,2,0,0
70828,STAD-MOV-070828,22,13,0
70867,STAD-MOV-070867,5,0,0
70871,STAD-MOV-070871,38,14,0
70889,STAD-MOV-070889,3,2,0
70898,STAD-MOV-070898,74,69,0
70920,STAD-MOV-070920,1,0,0
70948,STAD-MOV-070948,8,0,0
70964,STAD-MOV-070964,9,3,0
70970,STAD-MOV-070970,23,11,0
70990,STAD-MOV-070990,35,27,0
70992,STAD-MOV-070992,33,19,0
70994,STAD-MOV-070994,163,150,1
71007,STAD-MOV-071007,6,3,0
71017,STAD-MOV-071017,5,4,0
71029,STAD-MOV-071029,16,4,0
71033,STAD-MOV-071033,1191,1098,1
71047,STAD-MOV-071047,3,1,0
71065,STAD-MOV-071065,1,0,0
71067,STAD-MOV-071067,6,3,0
71106,STAD-MOV-071106,457,316,1
71143,STAD-MOV-071143,11,0,0
71154,STAD-MOV-071154,15,12,0
71158,STAD-MOV-071158,2,1,0
71160,STAD-MOV-071160,39,20,0
71170,STAD-MOV-071170,19,5,0
71184,STAD-MOV-071184,41,30,0
71199,STAD-MOV-071199,20,1,0
71243,STAD-MOV-071243,8,2,0
71268,STAD-MOV-071268,14,10,0
71280,STAD-MOV-071280,5,3,0
71304,STAD-MOV-071304,267,201,1
71322,STAD-MOV-071322,29,1,0
71343,STAD-MOV-071343,6,1,0
71372,STAD-MOV-071372,33,24,0
71376,STAD-MOV-071376,10,4,0
71409,STAD-MOV-071409,5,0,0
71413,STAD-MOV-071413,11,4,0
71416,STAD-MOV-071416,12,8,0
71418,STAD-MOV-071418,36,11,0
71433,STAD-MOV-071433,8,4,0
71442,STAD-MOV-071442,13,5,0
71444,STAD-MOV-071444,9,3,0
71462,STAD-MOV-071462,629,453,1
71472,STAD-MOV-071472,14,0,0
71490,STAD-MOV-071490,33,10,0
71503,STAD-MOV-071503,18,15,0
71518,STAD-MOV-071518,687,560,1
71530,STAD-MOV-071530,1272,1193,1
71537,STAD-MOV-071537,96,70,0
71558,STAD-MOV-071558,14,8,0
71571,STAD-MOV-071571,82,71,0
71582,STAD-MOV-071582,4,4,0
71634,STAD-MOV-071634,12,8,0
71640,STAD-MOV-071640,25,6,0
71653,STAD-MOV-071653,5,2,0
71675,STAD-MOV-071675,4,0,0
71688,STAD-MOV-071688,57,27,0
71691,STAD-MOV-071691,95,61,0
71693,STAD-MOV-071693,16,7,0
71695,STAD-MOV-071695,35,10,0
71697,STAD-MOV-071697,3,2,0
71700,STAD-MOV-071700,90,62,0
71705,STAD-MOV-071705,2,0,0
71707,STAD-MOV-071707,11,7,0
71717,STAD-MOV-071717,11,5,0
71719,STAD-MOV-071719,7,3,0
71736,STAD-MOV-071736,5,3,0
71738,STAD-MOV-071738,14,5,0
71745,STAD-MOV-071745,1174,1042,1
71748,STAD-MOV-071748,6,3,0
71755,STAD-MOV-071755,5,2,0
71758,STAD-MOV-071758,6,0,0
71760,STAD-MOV-071760,5,2,0
71765,STAD-MOV-071765,8,0,0
71779,STAD-MOV-071779,11,5,0
71804,STAD-MOV-071804,4,0,0
71806,STAD-MOV-071806,3,2,0
71808,STAD-MOV-071808,5,5,0
71821,STAD-MOV-071821,25,16,0
71840,STAD-MOV-071840,18,12,0
71851,STAD-MOV-071851,6,2,0
71865,STAD-MOV-071865,4,1,0
71873,STAD-MOV-071873,3,2,0
71899,STAD-MOV-071899,1334,1264,1
71902,STAD-MOV-071902,106,93,0
71933,STAD-MOV-071933,3,3,0
71966,STAD-MOV-071966,10,9,0
71970,STAD-MOV-071970,14,11,0
71973,STAD-MOV-071973,10,1,0
71978,STAD-MOV-071978,13,0,0
71991,STAD-MOV-071991,31,8,0
71999,STAD-MOV-071999,19,5,0
72016,STAD-MOV-072016,1,0,0
72027,STAD-MOV-072027,4,2,0
72035,STAD-MOV-072035,16,1,0
72037,STAD-MOV-072037,13,0,0
72039,STAD-MOV-072039,52,24,0
72043,STAD-MOV-072043,141,109,0
72094,STAD-MOV-072094,5,5,0
72096,STAD-MOV-072096,10,0,0
72100,STAD-MOV-072100,4,0,0
72109,STAD-MOV-072109,13,1,0
72113,STAD-MOV-072113,60,17,0
72124,STAD-MOV-072124,6,5,0
72153,STAD-MOV-072153,6,3,0
72156,STAD-MOV-072156,14,4,0
72161,STAD-MOV-072161,8,1,0
72163,STAD-MOV-072163,9,6,0
72167,STAD-MOV-072167,403,354,1
72171,STAD-MOV-072171,332,270,1
72176,STAD-MOV-072176,165,79,0
72178,STAD-MOV-072178,13,3,0
72228,STAD-MOV-072228,97,60,0
72265,STAD-MOV-072265,7,7,0
72273,STAD-MOV-072273,6,0,0
72281,STAD-MOV-072281,4,2,0
72294,STAD-MOV-072294,327,319,1
72298,STAD-MOV-072298,10,6,0
72300,STAD-MOV-072300,2,0,0
72302,STAD-MOV-072302,5,0,0
72308,STAD-MOV-072308,327,276,1
72315,STAD-MOV-072315,3,1,0
72332,STAD-MOV-072332,5,1,0
72356,STAD-MOV-072356,315,240,1
72363,STAD-MOV-072363,2,0,0
72393,STAD-MOV-072393,314,283,1
72395,STAD-MOV-072395,725,681,1
72405,STAD-MOV-072405,466,437,1
72424,STAD-MOV-072424,42,31,0
72491,STAD-MOV-072491,40,3,0
72505,STAD-MOV-072505,6,5,0
72507,STAD-MOV-072507,2,2,0
72516,STAD-MOV-072516,2,1,0
72552,STAD-MOV-072552,19,9,0
72554,STAD-MOV-072554,440,312,1
72557,STAD-MOV-072557,31,13,0
72583,STAD-MOV-072583,9,4,0
72585,STAD-MOV-072585,4,1,0
72587,STAD-MOV-072587,2,1,0
72605,STAD-MOV-072605,459,435,1
72609,STAD-MOV-072609,3,1,0
72618,STAD-MOV-072618,7,3,0
72624,STAD-MOV-072624,9,0,0
72626,STAD-MOV-072626,6,0,0
72634,STAD-MOV-072634,2,0,0
72637,STAD-MOV-072637,2,0,0
72643,STAD-MOV-072643,9,0,0
72647,STAD-MOV-072647,8,2,0
72653,STAD-MOV-072653,1,0,0
72672,STAD-MOV-072672,14,13,0
72678,STAD-MOV-072678,2,0,0
72696,STAD-MOV-072696,135,115,0
72698,STAD-MOV-072698,5,0,0
72703,STAD-MOV-072703,121,96,0
72712,STAD-MOV-072712,50,9,0
72722,STAD-MOV-072722,8,5,0
72733,STAD-MOV-072733,847,798,1
72735,STAD-MOV-072735,18,5,0
72737,STAD-MOV-072737,833,820,1
72741,STAD-MOV-072741,259,242,1
72762,STAD-MOV-072762,151,126,0
72781,STAD-MOV-072781,4,1,0
72787,STAD-MOV-072787,43,26,0
72815,STAD-MOV-072815,5,1,0
72822,STAD-MOV-072822,8,3,0
72833,STAD-MOV-072833,6,3,0
72840,STAD-MOV-072840,2,2,0
72848,STAD-MOV-072848,4,2,0
72850,STAD-MOV-072850,8,0,0
72870,STAD-MOV-072870,3,0,0
72874,STAD-MOV-072874,38,15,0
72883,STAD-MOV-072883,7,0,0
72885,STAD-MOV-072885,3,0,0
72899,STAD-MOV-072899,9,3,0
72904,STAD-MOV-072904,9,1,0
72906,STAD-MOV-072906,1,0,0
72908,STAD-MOV-072908,0,0,0
72936,STAD-MOV-072936,4,0,0
72949,STAD-MOV-072949,17,3,0
72956,STAD-MOV-072956,1,1,0
72958,STAD-MOV-072958,18,6,0
72982,STAD-MOV-072982,115,60,0
73002,STAD-MOV-073002,5,3,0
73008,STAD-MOV-073008,7,3,0
73017,STAD-MOV-073017,5736,5644,1
73023,STAD-MOV-073023,856,707,1
73025,STAD-MOV-073025,7,6,0
73031,STAD-MOV-073031,2,1,0
73042,STAD-MOV-073042,232,223,1
73049,STAD-MOV-073049,34,16,0
73051,STAD-MOV-073051,18,7,0
73056,STAD-MOV-073056,2,1,0
73099,STAD-MOV-073099,2,0,0
73111,STAD-MOV-073111,7,4,0
73114,STAD-MOV-073114,12,8,0
73117,STAD-MOV-073117,29,18,0
73121,STAD-MOV-073121,1,0,0
73125,STAD-MOV-073125,3,2,0
73133,STAD-MOV-073133,7,0,0
73139,STAD-MOV-073139,2,0,0
73154,STAD-MOV-073154,6,4,0
73160,STAD-MOV-073160,11,4,0
73162,STAD-MOV-073162,2,1,0
73202,STAD-MOV-073202,3,0,0
73204,STAD-MOV-073204,2,0,0
73236,STAD-MOV-073236,2,2,0
73245,STAD-MOV-073245,7,5,0
73256,STAD-MOV-073256,3,1,0
73266,STAD-MOV-073266,652,536,1
73270,STAD-MOV-073270,36,14,0
73276,STAD-MOV-073276,47,16,0
73284,STAD-MOV-073284,6,4,0
73290,STAD-MOV-073290,367,363,1
73306,STAD-MOV-073306,2,1,0
73314,STAD-MOV-073314,1,0,0
73319,STAD-MOV-073319,322,289,1
73323,STAD-MOV-073323,833,711,1
73328,STAD-MOV-073328,11,2,0
73339,STAD-MOV-073339,6,5,0
73359,STAD-MOV-073359,11,8,0
73390,STAD-MOV-073390,8,0,0
73392,STAD-MOV-073392,89,18,0
73457,STAD-MOV-073457,7,4,0
73466,STAD-MOV-073466,4,3,0
73472,STAD-MOV-073472,2,1,0
73475,STAD-MOV-073475,1,1,0
73492,STAD-MOV-073492,8,1,0
73494,STAD-MOV-073494,22,8,0
73504,STAD-MOV-073504,10,4,0
73513,STAD-MOV-073513,28,11,0
73529,STAD-MOV-073529,2,0,0
73569,STAD-MOV-073569,26,24,0
73572,STAD-MOV-073572,62,45,0
73587,STAD-MOV-073587,254,141,0
73608,STAD-MOV-073608,94,45,0
73614,STAD-MOV-073614,23,14,0
73630,STAD-MOV-073630,11,3,0
73639,STAD-MOV-073639,3,0,0
73641,STAD-MOV-073641,13,8,0
73664,STAD-MOV-073664,52,39,0
73676,STAD-MOV-073676,8,7,0
73710,STAD-MOV-073710,9,0,0
73744,STAD-MOV-073744,13,0,0
73754,STAD-MOV-073754,1,0,0
73772,STAD-MOV-073772,12,5,0
73774,STAD-MOV-073774,9,3,0
73782,STAD-MOV-073782,1,0,0
73808,STAD-MOV-073808,220,205,1
73813,STAD-MOV-073813,14,0,0
73820,STAD-MOV-073820,19,11,0
73829,STAD-MOV-073829,95,61,0
73854,STAD-MOV-073854,413,322,1
73860,STAD-MOV-073860,143,113,0
73912,STAD-MOV-073912,7,2,0
73914,STAD-MOV-073914,17,7,0
73922,STAD-MOV-073922,3,1,0
73929,STAD-MOV-073929,389,361,1
73967,STAD-MOV-073967,5,0,0
73978,STAD-MOV-073978,7,4,0
73983,STAD-MOV-073983,32,8,0
73987,STAD-MOV-073987,2,0,0
74014,STAD-MOV-074014,8,6,0
74017,STAD-MOV-074017,4,2,0
74086,STAD-MOV-074086,2,0,0
74089,STAD-MOV-074089,143,33,0
74097,STAD-MOV-074097,9,2,0
74099,STAD-MOV-074099,10,5,0
74107,STAD-MOV-074107,3,0,0
74113,STAD-MOV-074113,2,1,0
74115,STAD-MOV-074115,41,11,0
74127,STAD-MOV-074127,5,0,0
74129,STAD-MOV-074129,12,1,0
74131,STAD-MOV-074131,88,72,0
74137,STAD-MOV-074137,4,0,0
74144,STAD-MOV-074144,7,2,0
74148,STAD-MOV-074148,22,7,0
74152,STAD-MOV-074152,243,53,0
74154,STAD-MOV-074154,268,230,1
74156,STAD-MOV-074156,376,351,1
74159,STAD-MOV-074159,3,0,0
74164,STAD-MOV-074164,8,4,0
74204,STAD-MOV-074204,55,31,0
74282,STAD-MOV-074282,179,119,0
74287,STAD-MOV-074287,8,0,0
74300,STAD-MOV-074300,7,1,0
74306,STAD-MOV-074306,13,3,0
74319,STAD-MOV-074319,1,0,0
74324,STAD-MOV-074324,575,443,1
74355,STAD-MOV-074355,26,21,0
74404,STAD-MOV-074404,3,0,0
74406,STAD-MOV-074406,4,1,0
74438,STAD-MOV-074438,25,20,0
74448,STAD-MOV-074448,2,0,0
74473,STAD-MOV-074473,5,2,0
74478,STAD-MOV-074478,1,0,0
74486,STAD-MOV-074486,55,19,0
74508,STAD-MOV-074508,214,124,0
74545,STAD-MOV-074545,1189,1109,1
74553,STAD-MOV-074553,311,273,1
74575,STAD-MOV-074575,12,4,0
74580,STAD-MOV-074580,113,111,0
74588,STAD-MOV-074588,8,3,0
74595,STAD-MOV-074595,4,2,0
74649,STAD-MOV-074649,16,5,0
74653,STAD-MOV-074653,20,16,0
74657,STAD-MOV-074657,21,8,0
74677,STAD-MOV-074677,194,33,0
74679,STAD-MOV-074679,2,0,0
74683,STAD-MOV-074683,11,6,0
74688,STAD-MOV-074688,299,266,1
74696,STAD-MOV-074696,49,3,0
74701,STAD-MOV-074701,15,2,0
74706,STAD-MOV-074706,7,0,0
74731,STAD-MOV-074731,53,7,0
74733,STAD-MOV-074733,14,0,0
74740,STAD-MOV-074740,78,56,0
74752,STAD-MOV-074752,37,30,0
74787,STAD-MOV-074787,84,79,0
74789,STAD-MOV-074789,2946,2933,1
74799,STAD-MOV-074799,11,7,0
74827,STAD-MOV-074827,48,5,0
74857,STAD-MOV-074857,9,5,0
74859,STAD-MOV-074859,9,6,0
74864,STAD-MOV-074864,57,42,0
74870,STAD-MOV-074870,8,2,0
74886,STAD-MOV-074886,16,9,0
74916,STAD-MOV-074916,311,226,1
74944,STAD-MOV-074944,211,179,1
74965,STAD-MOV-074965,5,0,0
74967,STAD-MOV-074967,12,4,0
75349,STAD-MOV-075349,16,4,0
75362,STAD-MOV-075362,5,1,0
75370,STAD-MOV-075370,17,6,0
75386,STAD-MOV-075386,10,7,0
75389,STAD-MOV-075389,39,22,0
75395,STAD-MOV-075395,166,148,0
75397,STAD-MOV-075397,5,1,0
75402,STAD-MOV-075402,7,4,0
75406,STAD-MOV-075406,5,3,0
75414,STAD-MOV-075414,7,3,0
75416,STAD-MOV-075416,6,4,0
75428,STAD-MOV-075428,7,0,0
75434,STAD-MOV-075434,8,7,0
75440,STAD-MOV-075440,71,29,0
75803,STAD-MOV-075803,15,9,0
75805,STAD-MOV-075805,423,400,1
75813,STAD-MOV-075813,265,221,1
75816,STAD-MOV-075816,29,15,0
75820,STAD-MOV-075820,8,6,0
75831,STAD-MOV-075831,8,3,0
75927,STAD-MOV-075927,2,1,0
75929,STAD-MOV-075929,26,18,0
75979,STAD-MOV-075979,1,0,0
75983,STAD-MOV-075983,80,47,0
75990,STAD-MOV-075990,28,11,0
75992,STAD-MOV-075992,6,4,0
76032,STAD-MOV-076032,1,0,0
76034,STAD-MOV-076034,1,1,0
76051,STAD-MOV-076051,14,7,0
76056,STAD-MOV-076056,10,4,0
76077,STAD-MOV-076077,1201,1120,1
76079,STAD-MOV-076079,280,240,1
76085,STAD-MOV-076085,12,6,0
76087,STAD-MOV-076087,10,0,0
76093,STAD-MOV-076093,4761,4734,1
76108,STAD-MOV-076108,52,49,0
76111,STAD-MOV-076111,64,38,0
76117,STAD-MOV-076117,10,6,0
76119,STAD-MOV-076119,36,31,0
76130,STAD-MOV-076130,97,83,0
76137,STAD-MOV-076137,14,6,0
76145,STAD-MOV-076145,5,3,0
76147,STAD-MOV-076147,45,36,0
76149,STAD-MOV-076149,4,2,0
76153,STAD-MOV-076153,6,1,0
76158,STAD-MOV-076158,37,23,0
76169,STAD-MOV-076169,10,3,0
76185,STAD-MOV-076185,1,0,0
76208,STAD-MOV-076208,13,6,0
76258,STAD-MOV-076258,8,1,0
76272,STAD-MOV-076272,70,49,0
76317,STAD-MOV-076317,128,119,0
76692,STAD-MOV-076692,6,3,0
76695,STAD-MOV-076695,10,8,0
76701,STAD-MOV-076701,8,6,0
76711,STAD-MOV-076711,4,0,0
76714,STAD-MOV-076714,8,2,0
76716,STAD-MOV-076716,11,3,0
76738,STAD-MOV-076738,150,23,0
76751,STAD-MOV-076751,8,1,0
76753,STAD-MOV-076753,31,23,0
76758,STAD-MOV-076758,13,5,0
76763,STAD-MOV-076763,225,151,1
76776,STAD-MOV-076776,10,4,0
76814,STAD-MOV-076814,6,3,0
76816,STAD-MOV-076816,8,4,0
76818,STAD-MOV-076818,9,0,0
76823,STAD-MOV-076823,10,1,0
76827,STAD-MOV-076827,17,5,0
76829,STAD-MOV-076829,5,2,0
76862,STAD-MOV-076862,19,6,0
76864,STAD-MOV-076864,3,0,0
76873,STAD-MOV-076873,11,1,0
77141,STAD-MOV-077141,8,6,0
77146,STAD-MOV-077146,17,7,0
77156,STAD-MOV-077156,8,2,0
77162,STAD-MOV-077162,10,4,0
77177,STAD-MOV-077177,33,14,0
77179,STAD-MOV-077179,7,0,0
77204,STAD-MOV-077204,39,34,0
77208,STAD-MOV-077208,25,15,0
77212,STAD-MOV-077212,5,4,0
77217,STAD-MOV-077217,5,2,0
77259,STAD-MOV-077259,9,1,0
77266,STAD-MOV-077266,38,18,0
77293,STAD-MOV-077293,55,36,0
77303,STAD-MOV-077303,23,18,0
77326,STAD-MOV-077326,10,7,0
77328,STAD-MOV-077328,159,67,0
77332,STAD-MOV-077332,4,3,0
77336,STAD-MOV-077336,1,0,0
77339,STAD-MOV-077339,6,0,0
77342,STAD-MOV-077342,1,1,0
77344,STAD-MOV-077344,2,1,0
77355,STAD-MOV-077355,3,1,0
77359,STAD-MOV-077359,112,55,0
77362,STAD-MOV-077362,1,0,0
77364,STAD-MOV-077364,346,332,1
77412,STAD-MOV-077412,12,7,0
77427,STAD-MOV-077427,279,275,1
77435,STAD-MOV-077435,1,1,0
77451,STAD-MOV-077451,0,0,0
77455,STAD-MOV-077455,1591,1128,1
77468,STAD-MOV-077468,2,0,0
77493,STAD-MOV-077493,7,3,0
77509,STAD-MOV-077509,5,1,0
77540,STAD-MOV-077540,193,184,1
77550,STAD-MOV-077550,7,4,0
77561,STAD-MOV-077561,4192,4190,1
77615,STAD-MOV-077615,1,0,0
77658,STAD-MOV-077658,936,453,1
77665,STAD-MOV-077665,36,31,0
77667,STAD-MOV-077667,247,177,1
77682,STAD-MOV-077682,20,7,0
77709,STAD-MOV-077709,32,21,0
77711,STAD-MOV-077711,10,4,0
77715,STAD-MOV-077715,7,1,0
77729,STAD-MOV-077729,9,2,0
77734,STAD-MOV-077734,1,0,0
77738,STAD-MOV-077738,2,1,0
77752,STAD-MOV-077752,11,4,0
77800,STAD-MOV-077800,596,465,1
77802,STAD-MOV-077802,2,0,0
77808,STAD-MOV-077808,13,7,0
77816,STAD-MOV-077816,4,0,0
77818,STAD-MOV-077818,19,13,0
77831,STAD-MOV-077831,2,0,0
77837,STAD-MOV-077837,243,197,1
77881,STAD-MOV-077881,20,3,0
77883,STAD-MOV-077883,7,0,0
77899,STAD-MOV-077899,3,2,0
77941,STAD-MOV-077941,4,3,0
77944,STAD-MOV-077944,17,2,0
77966,STAD-MOV-077966,13,0,0
77979,STAD-MOV-077979,10,1,0
77981,STAD-MOV-077981,9,3,0
77983,STAD-MOV-077983,13,10,0
78000,STAD-MOV-078000,5,1,0
78011,STAD-MOV-078011,28,15,0
78019,STAD-MOV-078019,10,9,0
78032,STAD-MOV-078032,31,17,0
78034,STAD-MOV-078034,148,106,0
78043,STAD-MOV-078043,1,0,0
78045,STAD-MOV-078045,1,1,0
78054,STAD-MOV-078054,12,0,0
78057,STAD-MOV-078057,6,0,0
78059,STAD-MOV-078059,2,0,0
78066,STAD-MOV-078066,2,0,0
78081,STAD-MOV-078081,13,11,0
78086,STAD-MOV-078086,2,0,0
78088,STAD-MOV-078088,517,463,1
78095,STAD-MOV-078095,9,5,0
78099,STAD-MOV-078099,6,2,0
78101,STAD-MOV-078101,4,1,0
78103,STAD-MOV-078103,15,5,0
78111,STAD-MOV-078111,16,7,0
78116,STAD-MOV-078116,132,73,0
78130,STAD-MOV-078130,8,0,0
78140,STAD-MOV-078140,4,0,0
78157,STAD-MOV-078157,15,6,0
78160,STAD-MOV-078160,232,96,0
78162,STAD-MOV-078162,156,40,0
78168,STAD-MOV-078168,16,1,0
78174,STAD-MOV-078174,387,359,1
78184,STAD-MOV-078184,3,2,0
78186,STAD-MOV-078186,10,7,0
78207,STAD-MOV-078207,39,24,0
78218,STAD-MOV-078218,415,379,1
78247,STAD-MOV-078247,34,25,0
78264,STAD-MOV-078264,179,172,1
78270,STAD-MOV-078270,4,1,0
78276,STAD-MOV-078276,14,9,0
78295,STAD-MOV-078295,16,8,0
78313,STAD-MOV-078313,37,15,0
78321,STAD-MOV-078321,97,70,0
78329,STAD-MOV-078329,2,0,0
78332,STAD-MOV-078332,18,13,0
78335,STAD-MOV-078335,19,1,0
78337,STAD-MOV-078337,5,1,0
78358,STAD-MOV-078358,8,1,0
78360,STAD-MOV-078360,2,0,0
78370,STAD-MOV-078370,15,3,0
78376,STAD-MOV-078376,7,0,0
78379,STAD-MOV-078379,2,0,0
78381,STAD-MOV-078381,11,3,0
78405,STAD-MOV-078405,5,3,0
78418,STAD-MOV-078418,6,4,0
78420,STAD-MOV-078420,12,6,0
78438,STAD-MOV-078438,9,4,0
78442,STAD-MOV-078442,2,1,0
78463,STAD-MOV-078463,4,1,0
78467,STAD-MOV-078467,196,182,1
78483,STAD-MOV-078483,5,0,0
78488,STAD-MOV-078488,1,1,0
78499,STAD-MOV-078499,5781,5767,1
78519,STAD-MOV-078519,17,15,0
78534,STAD-MOV-078534,7,0,0
78574,STAD-MOV-078574,1170,1105,1
78579,STAD-MOV-078579,13,4,0
78606,STAD-MOV-078606,12,6,0
78614,STAD-MOV-078614,10,4,0
78620,STAD-MOV-078620,7,6,0
78626,STAD-MOV-078626,16,6,0
78631,STAD-MOV-078631,6,2,0
78637,STAD-MOV-078637,676,672,1
78646,STAD-MOV-078646,5,0,0
78651,STAD-MOV-078651,1,0,0
78653,STAD-MOV-078653,30,8,0
78673,STAD-MOV-078673,2,0,0
78679,STAD-MOV-078679,171,144,0
78684,STAD-MOV-078684,1,0,0
78696,STAD-MOV-078696,1,0,0
78698,STAD-MOV-078698,2,0,0
78715,STAD-MOV-078715,3,2,0
78721,STAD-MOV-078721,8,4,0
78723,STAD-MOV-078723,8,2,0
78729,STAD-MOV-078729,199,94,0
78737,STAD-MOV-078737,5,1,0
78836,STAD-MOV-078836,347,305,1
78873,STAD-MOV-078873,1,0,0
78893,STAD-MOV-078893,525,510,1
78895,STAD-MOV-078895,14,11,0
78898,STAD-MOV-078898,32,25,0
78913,STAD-MOV-078913,14,8,0
78919,STAD-MOV-078919,6,1,0
78941,STAD-MOV-078941,6,3,0
78946,STAD-MOV-078946,5,0,0
78957,STAD-MOV-078957,1,0,0
78961,STAD-MOV-078961,13,6,0
78967,STAD-MOV-078967,51,39,0
78978,STAD-MOV-078978,10,3,0
78980,STAD-MOV-078980,4,2,0
78984,STAD-MOV-078984,1,0,0
78986,STAD-MOV-078986,7,3,0
78993,STAD-MOV-078993,9,3,0
79003,STAD-MOV-079003,3,0,0
79008,STAD-MOV-079008,855,211,1
79031,STAD-MOV-079031,1,0,0
79043,STAD-MOV-079043,1,0,0
79057,STAD-MOV-079057,785,765,1
79063,STAD-MOV-079063,3,1,0
79073,STAD-MOV-079073,145,99,0
79081,STAD-MOV-079081,5,2,0
79083,STAD-MOV-079083,2,0,0
79091,STAD-MOV-079091,2653,2653,1
79111,STAD-MOV-079111,6,0,0
79132,STAD-MOV-079132,14023,14013,1
79197,STAD-MOV-079197,9,7,0
79203,STAD-MOV-079203,14,6,0
79207,STAD-MOV-079207,12,8,0
79220,STAD-MOV-079220,7,2,0
79236,STAD-MOV-079236,2,1,0
79238,STAD-MOV-079238,5,1,0
79274,STAD-MOV-079274,380,345,1
79278,STAD-MOV-079278,2,0,0
79293,STAD-MOV-079293,1496,1431,1
79303,STAD-MOV-079303,5,2,0
79318,STAD-MOV-079318,156,32,0
79321,STAD-MOV-079321,8,4,0
79335,STAD-MOV-079335,2,0,0
79357,STAD-MOV-079357,1126,1049,1
79363,STAD-MOV-079363,0,0,0
79410,STAD-MOV-079410,6,0,0
79424,STAD-MOV-079424,1,0,0
79467,STAD-MOV-079467,32,15,0
79469,STAD-MOV-079469,10,6,0
79471,STAD-MOV-079471,3,0,0
79475,STAD-MOV-079475,7,1,0
79496,STAD-MOV-079496,6,0,0
79498,STAD-MOV-079498,7,6,0
79501,STAD-MOV-079501,6,2,0
79505,STAD-MOV-079505,18,6,0
79521,STAD-MOV-079521,7,1,0
79523,STAD-MOV-079523,13,11,0
79539,STAD-MOV-079539,8,2,0
79547,STAD-MOV-079547,10,2,0
79551,STAD-MOV-079551,5,0,0
79553,STAD-MOV-079553,401,31,0
79561,STAD-MOV-079561,1,0,0
79572,STAD-MOV-079572,56,48,0
79580,STAD-MOV-079580,4,2,0
79592,STAD-MOV-079592,909,895,1
79594,STAD-MOV-079594,18,9,0
79599,STAD-MOV-079599,52,31,0
79640,STAD-MOV-079640,5,1,0
79656,STAD-MOV-079656,3,1,0
79667,STAD-MOV-079667,6,1,0
79677,STAD-MOV-079677,41,2,0
79684,STAD-MOV-079684,105,74,0
79686,STAD-MOV-079686,4,1,0
79692,STAD-MOV-079692,4,0,0
79711,STAD-MOV-079711,8,0,0
79718,STAD-MOV-079718,8,2,0
79723,STAD-MOV-079723,18,0,0
79767,STAD-MOV-079767,4,2,0
79771,STAD-MOV-079771,13,10,0
79775,STAD-MOV-079775,4,3,0
79794,STAD-MOV-079794,11,6,0
79809,STAD-MOV-079809,14,8,0
79824,STAD-MOV-079824,122,43,0
79832,STAD-MOV-079832,25,15,0
79835,STAD-MOV-079835,4,0,0
79842,STAD-MOV-079842,5,0,0
79863,STAD-MOV-079863,51,39,0
79872,STAD-MOV-079872,9,0,0
79882,STAD-MOV-079882,6,1,0
79895,STAD-MOV-079895,46,40,0
79920,STAD-MOV-079920,5,3,0
79927,STAD-MOV-079927,34,7,0
79946,STAD-MOV-079946,154,125,0
79953,STAD-MOV-079953,4,1,0
79955,STAD-MOV-079955,14,4,0
79972,STAD-MOV-079972,13,5,0
79974,STAD-MOV-079974,3,0,0
79977,STAD-MOV-079977,4,1,0
79980,STAD-MOV-079980,4,0,0
79987,STAD-MOV-079987,61,33,0
79994,STAD-MOV-079994,23,10,0
80014,STAD-MOV-080014,2,0,0
80020,STAD-MOV-080020,4,2,0
80033,STAD-MOV-080033,3,3,0
80044,STAD-MOV-080044,9,5,0
80054,STAD-MOV-080054,4,3,0
80076,STAD-MOV-080076,6,4,0
80100,STAD-MOV-080100,6,2,0
80107,STAD-MOV-080107,7,4,0
80111,STAD-MOV-080111,17,6,0
80129,STAD-MOV-080129,5,1,0
80132,STAD-MOV-080132,4,2,0
80135,STAD-MOV-080135,1,0,0
80137,STAD-MOV-080137,10,4,0
80139,STAD-MOV-080139,163,114,0
80144,STAD-MOV-080144,3,1,0
80166,STAD-MOV-080166,340,313,1
80179,STAD-MOV-080179,1,0,0
80193,STAD-MOV-080193,1,0,0
80195,STAD-MOV-080195,6,1,0
80204,STAD-MOV-080204,13,1,0
80235,STAD-MOV-080235,6,0,0
80258,STAD-MOV-080258,9,6,0
80260,STAD-MOV-080260,3,0,0
80264,STAD-MOV-080264,7,3,0
80269,STAD-MOV-080269,3,0,0
80281,STAD-MOV-080281,45,2,0
80290,STAD-MOV-080290,2,2,0
80295,STAD-MOV-080295,7,3,0
80313,STAD-MOV-080313,3,1,0
80315,STAD-MOV-080315,14,2,0
80328,STAD-MOV-080328,13,0,0
80330,STAD-MOV-080330,5,0,0
80348,STAD-MOV-080348,4,1,0
80361,STAD-MOV-080361,39,10,0
80363,STAD-MOV-080363,603,59,0
80398,STAD-MOV-080398,113,98,0
80402,STAD-MOV-080402,3,0,0
80405,STAD-MOV-080405,3,1,0
80408,STAD-MOV-080408,2,2,0
80417,STAD-MOV-080417,3,0,0
80421,STAD-MOV-080421,9,2,0
80424,STAD-MOV-080424,10,6,0
80428,STAD-MOV-080428,5,2,0
80432,STAD-MOV-080432,13,2,0
80447,STAD-MOV-080447,6,6,0
80454,STAD-MOV-080454,32,3,0
80456,STAD-MOV-080456,7,2,0
80463,STAD-MOV-080463,5264,5202,1
80467,STAD-MOV-080467,4,2,0
80469,STAD-MOV-080469,100,77,0
80480,STAD-MOV-080480,2,0,0
80489,STAD-MOV-080489,2221,2181,1
80500,STAD-MOV-080500,8,1,0
80549,STAD-MOV-080549,1682,1599,1
80551,STAD-MOV-080551,400,392,1
80553,STAD-MOV-080553,103,69,0
80568,STAD-MOV-080568,2,1,0
80584,STAD-MOV-080584,35,5,0
80586,STAD-MOV-080586,156,141,0
80588,STAD-MOV-080588,24,13,0
80590,STAD-MOV-080590,447,407,1
80611,STAD-MOV-080611,2,0,0
80615,STAD-MOV-080615,327,309,1
80619,STAD-MOV-080619,3,0,0
80639,STAD-MOV-080639,4,2,0
80648,STAD-MOV-080648,31,4,0
80653,STAD-MOV-080653,5,0,0
80655,STAD-MOV-080655,4,3,0
80683,STAD-MOV-080683,1,0,0
80693,STAD-MOV-080693,539,481,1
80733,STAD-MOV-080733,12,3,0
80738,STAD-MOV-080738,2,0,0
80740,STAD-MOV-080740,2,2,0
80746,STAD-MOV-080746,1,0,0
80748,STAD-MOV-080748,98,35,0
80759,STAD-MOV-080759,6,1,0
80779,STAD-MOV-080779,14,6,0
80792,STAD-MOV-080792,2,0,0
80797,STAD-MOV-080797,8,3,0
80816,STAD-MOV-080816,11,6,0
80825,STAD-MOV-080825,5,0,0
80836,STAD-MOV-080836,13,3,0
80839,STAD-MOV-080839,313,281,1
80858,STAD-MOV-080858,122,109,0
80860,STAD-MOV-080860,343,306,1
80862,STAD-MOV-080862,317,126,0
80870,STAD-MOV-080870,4,1,0
80880,STAD-MOV-080880,153,125,0
80899,STAD-MOV-080899,4,3,0
80908,STAD-MOV-080908,13,10,0
80917,STAD-MOV-080917,406,332,1
80926,STAD-MOV-080926,12,7,0
80941,STAD-MOV-080941,30,25,0
80950,STAD-MOV-080950,2,1,0
80952,STAD-MOV-080952,2,0,0
80967,STAD-MOV-080967,7,4,0
80969,STAD-MOV-080969,739,684,1
80972,STAD-MOV-080972,2,0,0
81020,STAD-MOV-081020,28,16,0
81027,STAD-MOV-081027,8,1,0
81029,STAD-MOV-081029,4,1,0
81041,STAD-MOV-081041,4,0,0
81049,STAD-MOV-081049,1,1,0
81051,STAD-MOV-081051,6,3,0
81064,STAD-MOV-081064,1,0,0
81069,STAD-MOV-081069,4,0,0
81075,STAD-MOV-081075,9,2,0
81080,STAD-MOV-081080,15,7,0
81085,STAD-MOV-081085,2,1,0
81087,STAD-MOV-081087,6,3,0
81092,STAD-MOV-081092,4,1,0
81102,STAD-MOV-081102,6,2,0
81104,STAD-MOV-081104,4,1,0
81107,STAD-MOV-081107,4,0,0
81109,STAD-MOV-081109,2,0,0
81111,STAD-MOV-081111,10,4,0
81130,STAD-MOV-081130,8,5,0
81132,STAD-MOV-081132,154,115,0
81150,STAD-MOV-081150,1,0,0
81162,STAD-MOV-081162,6,3,0
81164,STAD-MOV-081164,61,50,0
81180,STAD-MOV-081180,107,90,0
81182,STAD-MOV-081182,6,5,0
81191,STAD-MOV-081191,226,17,0
81198,STAD-MOV-081198,2,1,0
81214,STAD-MOV-081214,4,2,0
81216,STAD-MOV-081216,4,2,0
81229,STAD-MOV-081229,1568,1516,1
81250,STAD-MOV-081250,5,3,0
81274,STAD-MOV-081274,1,1,0
81276,STAD-MOV-081276,22,13,0
81281,STAD-MOV-081281,4,1,0
81328,STAD-MOV-081328,1,0,0
81333,STAD-MOV-081333,3,1,0
81347,STAD-MOV-081347,4,1,0
81362,STAD-MOV-081362,6,6,0
81364,STAD-MOV-081364,47,12,0
81366,STAD-MOV-081366,12,2,0
81383,STAD-MOV-081383,110,84,0
81391,STAD-MOV-081391,4,1,0
81393,STAD-MOV-081393,1,0,0
81398,STAD-MOV-081398,2,0,0
81413,STAD-MOV-081413,11,2,0
81427,STAD-MOV-081427,7,7,0
81432,STAD-MOV-081432,2,1,0
81441,STAD-MOV-081441,5,0,0
81456,STAD-MOV-081456,86,44,0
81497,STAD-MOV-081497,7,5,0
81512,STAD-MOV-081512,358,318,1
81524,STAD-MOV-081524,5,1,0
81537,STAD-MOV-081537,776,720,1
81546,STAD-MOV-081546,7,3,0
81548,STAD-MOV-081548,1,1,0
81562,STAD-MOV-081562,2496,2444,1
81564,STAD-MOV-081564,1601,1584,1
81566,STAD-MOV-081566,2,1,0
81568,STAD-MOV-081568,35,10,0
81574,STAD-MOV-081574,1,1,0
81613,STAD-MOV-081613,1,0,0
81615,STAD-MOV-081615,1,1,0
81639,STAD-MOV-081639,67,23,0
81643,STAD-MOV-081643,2,1,0
81656,STAD-MOV-081656,7,4,0
81667,STAD-MOV-081667,8,2,0
81671,STAD-MOV-081671,8,2,0
81673,STAD-MOV-081673,6,1,0
81679,STAD-MOV-081679,6,2,0
81688,STAD-MOV-081688,7,0,0
81690,STAD-MOV-081690,8,1,0
81698,STAD-MOV-081698,19,9,0
81704,STAD-MOV-081704,19,9,0
81708,STAD-MOV-081708,6,3,0
81713,STAD-MOV-081713,2,1,0
81725,STAD-MOV-081725,36,9,0
81727,STAD-MOV-081727,4,0,0
81733,STAD-MOV-081733,8,1,0
81736,STAD-MOV-081736,14,8,0
81753,STAD-MOV-081753,10,0,0
81758,STAD-MOV-081758,1,0,0
81765,STAD-MOV-081765,2,0,0
81768,STAD-MOV-081768,7,3,0
81782,STAD-MOV-081782,645,617,1
81806,STAD-MOV-081806,2,1,0
81819,STAD-MOV-081819,352,285,1
81825,STAD-MOV-081825,8,3,0
81831,STAD-MOV-081831,6,5,0
81903,STAD-MOV-081903,4,1,0
81910,STAD-MOV-081910,83,3,0
81930,STAD-MOV-081930,5,2,0
81932,STAD-MOV-081932,2166,2100,1
81954,STAD-MOV-081954,1,0,0
81957,STAD-MOV-081957,10,6,0
81981,STAD-MOV-081981,16,10,0
81991,STAD-MOV-081991,1,0,0
81993,STAD-MOV-081993,11,4,0
82005,STAD-MOV-082005,31,12,0
82011,STAD-MOV-082011,3,0,0
82013,STAD-MOV-082013,1,0,0
82017,STAD-MOV-082017,1,0,0
82030,STAD-MOV-082030,4,2,0
82032,STAD-MOV-082032,6,3,0
82037,STAD-MOV-082037,142,51,0
82049,STAD-MOV-082049,4,3,0
82053,STAD-MOV-082053,128,76,0
82068,STAD-MOV-082068,5,1,0
82095,STAD-MOV-082095,311,267,1
82097,STAD-MOV-082097,6,0,0
82106,STAD-MOV-082106,3,2,0
82108,STAD-MOV-082108,6,1,0
82110,STAD-MOV-082110,3,1,0
82115,STAD-MOV-082115,2,0,0
82123,STAD-MOV-082123,1,0,0
82131,STAD-MOV-082131,7,2,0
82139,STAD-MOV-082139,4,2,0
82141,STAD-MOV-082141,4,2,0
82143,STAD-MOV-082143,189,47,0
82150,STAD-MOV-082150,60,18,0
82157,STAD-MOV-082157,6,3,0
82167,STAD-MOV-082167,566,554,1
82169,STAD-MOV-082169,526,510,1
82179,STAD-MOV-082179,2,1,0
82186,STAD-MOV-082186,8,3,0
82235,STAD-MOV-082235,1,1,0
82269,STAD-MOV-082269,7,5,0
82280,STAD-MOV-082280,7,0,0
82283,STAD-MOV-082283,2,2,0
82304,STAD-MOV-082304,5,0,0
82311,STAD-MOV-082311,5,3,0
82313,STAD-MOV-082313,10,3,0
82320,STAD-MOV-082320,4,0,0
82322,STAD-MOV-082322,20,8,0
82324,STAD-MOV-082324,11,2,0
82328,STAD-MOV-082328,3,2,0
82335,STAD-MOV-082335,7,3,0
82353,STAD-MOV-082353,3,1,0
82360,STAD-MOV-082360,25,5,0
82362,STAD-MOV-082362,4,0,0
82364,STAD-MOV-082364,5,3,0
82368,STAD-MOV-082368,1,0,0
82382,STAD-MOV-082382,9,1,0
82393,STAD-MOV-082393,2,0,0
82452,STAD-MOV-082452,11,1,0
82454,STAD-MOV-082454,5,1,0
82459,STAD-MOV-082459,3487,3319,1
82476,STAD-MOV-082476,2,1,0
82491,STAD-MOV-082491,2,1,0
82534,STAD-MOV-082534,199,163,1
82536,STAD-MOV-082536,8,6,0
82564,STAD-MOV-082564,40,20,0
82567,STAD-MOV-082567,3,1,0
82593,STAD-MOV-082593,1,0,0
82602,STAD-MOV-082602,7,4,0
82635,STAD-MOV-082635,5,2,0
82667,STAD-MOV-082667,298,284,1
82671,STAD-MOV-082671,6,2,0
82673,STAD-MOV-082673,11,0,0
82680,STAD-MOV-082680,4,3,0
82684,STAD-MOV-082684,26,6,0
82713,STAD-MOV-082713,2,2,0
82747,STAD-MOV-082747,6,2,0
82749,STAD-MOV-082749,11,2,0
82753,STAD-MOV-082753,2,0,0
82759,STAD-MOV-082759,6,3,0
82765,STAD-MOV-082765,34,28,0
82836,STAD-MOV-082836,7,1,0
82840,STAD-MOV-082840,3,0,0
82848,STAD-MOV-082848,23,7,0
82852,STAD-MOV-082852,370,350,1
82854,STAD-MOV-082854,210,192,1
82857,STAD-MOV-082857,16,5,0
82877,STAD-MOV-082877,3,1,0
82902,STAD-MOV-082902,2,0,0
82906,STAD-MOV-082906,8,4,0
82911,STAD-MOV-082911,5,3,0
82978,STAD-MOV-082978,17,5,0
82991,STAD-MOV-082991,5,3,0
83004,STAD-MOV-083004,9,1,0
83049,STAD-MOV-083049,7,4,0
83051,STAD-MOV-083051,4,1,0
83056,STAD-MOV-083056,4,2,0
83067,STAD-MOV-083067,17,14,0
83086,STAD-MOV-083086,219,199,1
83115,STAD-MOV-083115,6,2,0
83138,STAD-MOV-083138,7,0,0
83158,STAD-MOV-083158,17,5,0
83163,STAD-MOV-083163,1,0,0
83177,STAD-MOV-083177,80,73,0
83180,STAD-MOV-083180,27,10,0
83182,STAD-MOV-083182,13,5,0
83193,STAD-MOV-083193,18,7,0
83225,STAD-MOV-083225,2,0,0
83232,STAD-MOV-083232,4,3,0
83241,STAD-MOV-083241,2,0,0
83250,STAD-MOV-083250,9,1,0
83256,STAD-MOV-083256,1,0,0
83258,STAD-MOV-083258,4,1,0
83277,STAD-MOV-083277,3,1,0
83281,STAD-MOV-083281,1,0,0
83295,STAD-MOV-083295,5,2,0
83302,STAD-MOV-083302,114,97,0
83308,STAD-MOV-083308,2,1,0
83318,STAD-MOV-083318,17,2,0
83320,STAD-MOV-083320,11,4,0
83332,STAD-MOV-083332,34,14,0
83337,STAD-MOV-083337,3,0,0
83345,STAD-MOV-083345,1,0,0
83349,STAD-MOV-083349,743,715,1
83351,STAD-MOV-083351,3,2,0
83357,STAD-MOV-083357,1,0,0
83359,STAD-MOV-083359,25,8,0
83369,STAD-MOV-083369,268,251,1
83376,STAD-MOV-083376,6,2,0
83381,STAD-MOV-083381,3,1,0
83415,STAD-MOV-083415,2,0,0
83437,STAD-MOV-083437,7,2,0
83446,STAD-MOV-083446,3,1,0
83450,STAD-MOV-083450,12,11,0
83464,STAD-MOV-083464,1,0,0
83480,STAD-MOV-083480,250,238,1
83531,STAD-MOV-083531,9,4,0
83533,STAD-MOV-083533,2,1,0
83538,STAD-MOV-083538,13,8,0
83540,STAD-MOV-083540,6,3,0
83556,STAD-MOV-083556,9,3,0
83575,STAD-MOV-083575,5,5,0
83577,STAD-MOV-083577,8,6,0
83581,STAD-MOV-083581,6,0,0
83585,STAD-MOV-083585,8,3,0
83588,STAD-MOV-083588,12,6,0
83603,STAD-MOV-083603,2,0,0
83605,STAD-MOV-083605,9,4,0
83607,STAD-MOV-083607,1,1,0
83611,STAD-MOV-083611,3,0,0
83656,STAD-MOV-083656,3,2,0
83658,STAD-MOV-083658,5,0,0
83660,STAD-MOV-083660,6,1,0
83668,STAD-MOV-083668,2,1,0
83763,STAD-MOV-083763,9,2,0
83765,STAD-MOV-083765,12,2,0
83767,STAD-MOV-083767,2,1,0
83791,STAD-MOV-083791,3,1,0
83796,STAD-MOV-083796,22,17,0
83801,STAD-MOV-083801,9,0,0
83803,STAD-MOV-083803,147,122,0
83809,STAD-MOV-083809,6,1,0
83821,STAD-MOV-083821,1,0,0
83831,STAD-MOV-083831,1,0,0
83842,STAD-MOV-083842,8,1,0
83897,STAD-MOV-083897,6,3,0
83910,STAD-MOV-083910,151,129,0
83912,STAD-MOV-083912,8,6,0
83916,STAD-MOV-083916,6,2,0
83923,STAD-MOV-083923,9,6,0
83969,STAD-MOV-083969,5,0,0
83972,STAD-MOV-083972,1,0,0
83986,STAD-MOV-083986,3,1,0
84015,STAD-MOV-084015,6,0,0
84019,STAD-MOV-084019,8,0,0
84096,STAD-MOV-084096,10,1,0
84100,STAD-MOV-084100,2,1,0
84128,STAD-MOV-084128,22,7,0
84150,STAD-MOV-084150,8,7,0
84152,STAD-MOV-084152,2444,2387,1
84162,STAD-MOV-084162,1,1,0
84173,STAD-MOV-084173,11,5,0
84178,STAD-MOV-084178,1,0,0
84192,STAD-MOV-084192,4,0,0
84226,STAD-MOV-084226,3,1,0
84230,STAD-MOV-084230,17,2,0
84242,STAD-MOV-084242,72,59,0
84258,STAD-MOV-084258,2,0,0
84260,STAD-MOV-084260,10,5,0
84262,STAD-MOV-084262,7,6,0
84276,STAD-MOV-084276,6,0,0
84279,STAD-MOV-084279,5,3,0
84281,STAD-MOV-084281,2,0,0
84293,STAD-MOV-084293,1,0,0
84334,STAD-MOV-084334,1,0,0
84374,STAD-MOV-084374,649,649,1
84392,STAD-MOV-084392,1001,928,1
84442,STAD-MOV-084442,1,1,0
84446,STAD-MOV-084446,7,5,0
84450,STAD-MOV-084450,4,3,0
84469,STAD-MOV-084469,9,1,0
84475,STAD-MOV-084475,3,2,0
84479,STAD-MOV-084479,6,4,0
84483,STAD-MOV-084483,4,0,0
84506,STAD-MOV-084506,15,0,0
84508,STAD-MOV-084508,4,3,0
84512,STAD-MOV-084512,4,0,0
84523,STAD-MOV-084523,12,3,0
84551,STAD-MOV-084551,4,0,0
84555,STAD-MOV-084555,2,1,0
84559,STAD-MOV-084559,3,0,0
84563,STAD-MOV-084563,2,1,0
84570,STAD-MOV-084570,79,44,0
84613,STAD-MOV-084613,129,113,0
84615,STAD-MOV-084615,280,218,1
84621,STAD-MOV-084621,18,15,0
84637,STAD-MOV-084637,218,206,1
84641,STAD-MOV-084641,3,0,0
84643,STAD-MOV-084643,5,3,0
84646,STAD-MOV-084646,3,3,0
84648,STAD-MOV-084648,4,0,0
84660,STAD-MOV-084660,1,0,0
84665,STAD-MOV-084665,3,1,0
84669,STAD-MOV-084669,3,2,0
84671,STAD-MOV-084671,4,0,0
84691,STAD-MOV-084691,1,0,0
84714,STAD-MOV-084714,4,1,0
84716,STAD-MOV-084716,121,96,0
84730,STAD-MOV-084730,9,5,0
84736,STAD-MOV-084736,1,1,0
84764,STAD-MOV-084764,3,0,0
84766,STAD-MOV-084766,5,0,0
84768,STAD-MOV-084768,2,0,0
84775,STAD-MOV-084775,95,37,0
84777,STAD-MOV-084777,7,5,0
84796,STAD-MOV-084796,10,4,0
84799,STAD-MOV-084799,14,5,0
84829,STAD-MOV-084829,3,0,0
84836,STAD-MOV-084836,2,1,0
84855,STAD-MOV-084855,34,31,0
84863,STAD-MOV-084863,6,1,0
84880,STAD-MOV-084880,35,19,0
84884,STAD-MOV-084884,11,0,0
84890,STAD-MOV-084890,3,0,0
84950,STAD-MOV-084950,128,103,0
84952,STAD-MOV-084952,103,79,0
84954,STAD-MOV-084954,1711,1638,1
84957,STAD-MOV-084957,26,13,0
84963,STAD-MOV-084963,5,0,0
84972,STAD-MOV-084972,7,3,0
84974,STAD-MOV-084974,1,0,0
85010,STAD-MOV-085010,2,0,0
85014,STAD-MOV-085014,7,3,0
85016,STAD-MOV-085016,36,2,0
85025,STAD-MOV-085025,171,162,1
85070,STAD-MOV-085070,4,1,0
85175,STAD-MOV-085175,4,2,0
85190,STAD-MOV-085190,13,3,0
85205,STAD-MOV-085205,4,2,0
85213,STAD-MOV-085213,132,103,0
85270,STAD-MOV-085270,4,2,0
85275,STAD-MOV-085275,3,0,0
85284,STAD-MOV-085284,2,1,0
85298,STAD-MOV-085298,10,5,0
85316,STAD-MOV-085316,68,24,0
85342,STAD-MOV-085342,590,532,1
85344,STAD-MOV-085344,6,6,0
85354,STAD-MOV-085354,205,162,1
85365,STAD-MOV-085365,3,0,0
85367,STAD-MOV-085367,409,404,1
85369,STAD-MOV-085369,3,1,0
85378,STAD-MOV-085378,1,0,0
85392,STAD-MOV-085392,10,1,0
85399,STAD-MOV-085399,29,28,0
85401,STAD-MOV-085401,322,260,1
85403,STAD-MOV-085403,1,0,0
85410,STAD-MOV-085410,7,2,0
85438,STAD-MOV-085438,396,355,1
85440,STAD-MOV-085440,5,0,0
85445,STAD-MOV-085445,1,0,0
85513,STAD-MOV-085513,5,3,0
85527,STAD-MOV-085527,12,2,0
85549,STAD-MOV-085549,7,1,0
85552,STAD-MOV-085552,4,0,0
85555,STAD-MOV-085555,6,4,0
85574,STAD-MOV-085574,7,4,0
85585,STAD-MOV-085585,21,10,0
85616,STAD-MOV-085616,4,1,0
85624,STAD-MOV-085624,6,4,0
85744,STAD-MOV-085744,1,0,0
85763,STAD-MOV-085763,20,12,0
85770,STAD-MOV-085770,4,1,0
85772,STAD-MOV-085772,1,0,0
85777,STAD-MOV-085777,52,42,0
85788,STAD-MOV-085788,470,467,1
85792,STAD-MOV-085792,4,1,0
85861,STAD-MOV-085861,2,0,0
85863,STAD-MOV-085863,3,3,0
85883,STAD-MOV-085883,5,3,0
85885,STAD-MOV-085885,45,45,0
85892,STAD-MOV-085892,3,0,0
85894,STAD-MOV-085894,1,1,0
85910,STAD-MOV-085910,12,6,0
85994,STAD-MOV-085994,3,1,0
86014,STAD-MOV-086014,53,49,0
86023,STAD-MOV-086023,1,0,0
86061,STAD-MOV-086061,2,1,0
86087,STAD-MOV-086087,7,2,0
86089,STAD-MOV-086089,2,1,0
86096,STAD-MOV-086096,17,3,0
86145,STAD-MOV-086145,9,6,0
86162,STAD-MOV-086162,1,0,0
86181,STAD-MOV-086181,8,1,0
86229,STAD-MOV-086229,2,0,0
86233,STAD-MOV-086233,28,23,0
86242,STAD-MOV-086242,4,2,0
86244,STAD-MOV-086244,36,27,0
86246,STAD-MOV-086246,6,1,0
86263,STAD-MOV-086263,1,0,0
86279,STAD-MOV-086279,28,2,0
86288,STAD-MOV-086288,3,2,0
86295,STAD-MOV-086295,296,289,1
86300,STAD-MOV-086300,19,8,0
86310,STAD-MOV-086310,1,0,0
86314,STAD-MOV-086314,0,0,0
86330,STAD-MOV-086330,8,6,0
86347,STAD-MOV-086347,696,144,0
86355,STAD-MOV-086355,86,65,0
86377,STAD-MOV-086377,891,199,1
86405,STAD-MOV-086405,12,10,0
86410,STAD-MOV-086410,42,33,0
86412,STAD-MOV-086412,22,17,0
86418,STAD-MOV-086418,6,0,0
86420,STAD-MOV-086420,4,1,0
86438,STAD-MOV-086438,3,1,0
86440,STAD-MOV-086440,2,0,0
86442,STAD-MOV-086442,2,0,0
86451,STAD-MOV-086451,2,0,0
86453,STAD-MOV-086453,5,2,0
86455,STAD-MOV-086455,1,0,0
86471,STAD-MOV-086471,3,0,0
86474,STAD-MOV-086474,4,2,0
86493,STAD-MOV-086493,1,0,0
86500,STAD-MOV-086500,3,0,0
86515,STAD-MOV-086515,2,1,0
86518,STAD-MOV-086518,4,1,0
86536,STAD-MOV-086536,17,3,0
86539,STAD-MOV-086539,7,0,0
86541,STAD-MOV-086541,19,13,0
86546,STAD-MOV-086546,17,11,0
86550,STAD-MOV-086550,1,0,0
86553,STAD-MOV-086553,4,1,0
86559,STAD-MOV-086559,9,5,0
86578,STAD-MOV-086578,35,17,0
86583,STAD-MOV-086583,5,4,0
86590,STAD-MOV-086590,8,0,0
86604,STAD-MOV-086604,17,6,0
86606,STAD-MOV-086606,10,2,0
86620,STAD-MOV-086620,1,0,0
86626,STAD-MOV-086626,12,6,0
86635,STAD-MOV-086635,2,1,0
86644,STAD-MOV-086644,562,251,1
86646,STAD-MOV-086646,10,2,0
86648,STAD-MOV-086648,7,1,0
86653,STAD-MOV-086653,2,1,0
86668,STAD-MOV-086668,38,0,0
86717,STAD-MOV-086717,4,1,0
86721,STAD-MOV-086721,12,1,0
86745,STAD-MOV-086745,4,2,0
86750,STAD-MOV-086750,21,5,0
86756,STAD-MOV-086756,2,1,0
86758,STAD-MOV-086758,5,0,0
86760,STAD-MOV-086760,3,1,0
86762,STAD-MOV-086762,23,11,0
86770,STAD-MOV-086770,4,2,0
86775,STAD-MOV-086775,7,3,0
86778,STAD-MOV-086778,4,2,0
86785,STAD-MOV-086785,4,3,0
86791,STAD-MOV-086791,2,2,0
86797,STAD-MOV-086797,2,0,0
86807,STAD-MOV-086807,3,1,0
86811,STAD-MOV-086811,7,3,0
86813,STAD-MOV-086813,1,1,0
86817,STAD-MOV-086817,195,172,1
86826,STAD-MOV-086826,3,2,0
86835,STAD-MOV-086835,340,324,1
86844,STAD-MOV-086844,4,2,0
86848,STAD-MOV-086848,3,2,0
86856,STAD-MOV-086856,4,3,0
86860,STAD-MOV-086860,4,1,0
86866,STAD-MOV-086866,13,5,0
86900,STAD-MOV-086900,9,2,0
86904,STAD-MOV-086904,3,2,0
86922,STAD-MOV-086922,20,16,0
86927,STAD-MOV-086927,3,3,0
86929,STAD-MOV-086929,2,1,0
86988,STAD-MOV-086988,1,0,0
87012,STAD-MOV-087012,5,0,0
87016,STAD-MOV-087016,5,3,0
87028,STAD-MOV-087028,72,62,0
87036,STAD-MOV-087036,6,2,0
87047,STAD-MOV-087047,6,1,0
87051,STAD-MOV-087051,2,2,0
87055,STAD-MOV-087055,4,1,0
87061,STAD-MOV-087061,1,0,0
87063,STAD-MOV-087063,4,0,0
87069,STAD-MOV-087069,3,1,0
87071,STAD-MOV-087071,5,1,0
87079,STAD-MOV-087079,127,109,0
87115,STAD-MOV-087115,10,4,0
87164,STAD-MOV-087164,12,7,0
87168,STAD-MOV-087168,7,3,0
87194,STAD-MOV-087194,137,102,0
87197,STAD-MOV-087197,27,24,0
87205,STAD-MOV-087205,37,20,0
87222,STAD-MOV-087222,898,890,1
87227,STAD-MOV-087227,7,2,0
87234,STAD-MOV-087234,449,360,1
87258,STAD-MOV-087258,3,0,0
87266,STAD-MOV-087266,0,0,0
87268,STAD-MOV-087268,1,0,0
87298,STAD-MOV-087298,256,175,1
87300,STAD-MOV-087300,3,1,0
87302,STAD-MOV-087302,14,8,0
87320,STAD-MOV-087320,3,0,0
87325,STAD-MOV-087325,2,1,0
87327,STAD-MOV-087327,4,1,0
87330,STAD-MOV-087330,4,1,0
87336,STAD-MOV-087336,3,0,0
87358,STAD-MOV-087358,2,1,0
87360,STAD-MOV-087360,12,1,0
87378,STAD-MOV-087378,1,0,0
87385,STAD-MOV-087385,2,0,0
87387,STAD-MOV-087387,3,0,0
87390,STAD-MOV-087390,7,1,0
87392,STAD-MOV-087392,4,3,0
87403,STAD-MOV-087403,5,0,0
87408,STAD-MOV-087408,13,2,0
87420,STAD-MOV-087420,1,0,0
87430,STAD-MOV-087430,830,824,1
87435,STAD-MOV-087435,14,4,0
87442,STAD-MOV-087442,1,0,0
87444,STAD-MOV-087444,28,17,0
87449,STAD-MOV-087449,4,1,0
87469,STAD-MOV-087469,22,11,0
87505,STAD-MOV-087505,2,1,0
87514,STAD-MOV-087514,2,1,0
87522,STAD-MOV-087522,196,181,1
87547,STAD-MOV-087547,3,2,0
87558,STAD-MOV-087558,5,0,0
87566,STAD-MOV-087566,3,2,0
87572,STAD-MOV-087572,3,1,0
87589,STAD-MOV-087589,6,1,0
87595,STAD-MOV-087595,1,1,0
87598,STAD-MOV-087598,2,0,0
87618,STAD-MOV-087618,3,3,0
87683,STAD-MOV-087683,3,1,0
87693,STAD-MOV-087693,3,0,0
87700,STAD-MOV-087700,4,0,0
87702,STAD-MOV-087702,4,1,0
87719,STAD-MOV-087719,6,0,0
87766,STAD-MOV-087766,3,0,0
87769,STAD-MOV-087769,3,2,0
87773,STAD-MOV-087773,3,1,0
87792,STAD-MOV-087792,7,2,0
87794,STAD-MOV-087794,5,0,0
87802,STAD-MOV-087802,14,2,0
87804,STAD-MOV-087804,11,1,0
87806,STAD-MOV-087806,3,2,0
87831,STAD-MOV-087831,2,0,0
87834,STAD-MOV-087834,6,0,0
87858,STAD-MOV-087858,3,1,0
87869,STAD-MOV-087869,1260,1235,1
87882,STAD-MOV-087882,3,1,0
87909,STAD-MOV-087909,12,10,0
87911,STAD-MOV-087911,15,7,0
87921,STAD-MOV-087921,79,56,0
87928,STAD-MOV-087928,5,0,0
87952,STAD-MOV-087952,3,3,0
87954,STAD-MOV-087954,5,0,0
87960,STAD-MOV-087960,27,0,0
87966,STAD-MOV-087966,2,1,0
87971,STAD-MOV-087971,7,3,0
87977,STAD-MOV-087977,2,0,0
87988,STAD-MOV-087988,7,0,0
87990,STAD-MOV-087990,11,1,0
87992,STAD-MOV-087992,12,4,0
87996,STAD-MOV-087996,1,0,0
87999,STAD-MOV-087999,7,1,0
88017,STAD-MOV-088017,1,1,0
88028,STAD-MOV-088028,1,0,0
88031,STAD-MOV-088031,3,0,0
88038,STAD-MOV-088038,1,0,0
88040,STAD-MOV-088040,1,0,0
88042,STAD-MOV-088042,5,1,0
88044,STAD-MOV-088044,4,0,0
88047,STAD-MOV-088047,4,0,0
88053,STAD-MOV-088053,1,0,0
88055,STAD-MOV-088055,2,0,0
88061,STAD-MOV-088061,4,0,0
88063,STAD-MOV-088063,6,2,0
88065,STAD-MOV-088065,2,1,0
88071,STAD-MOV-088071,2,0,0
88073,STAD-MOV-088073,3,0,0
88075,STAD-MOV-088075,7,3,0
88078,STAD-MOV-088078,2,0,0
88094,STAD-MOV-088094,11,1,0
88125,STAD-MOV-088125,3983,3973,1
88127,STAD-MOV-088127,106,55,0
88133,STAD-MOV-088133,4,0,0
88135,STAD-MOV-088135,3,1,0
88138,STAD-MOV-088138,12,6,0
88140,STAD-MOV-088140,2313,2283,1
88179,STAD-MOV-088179,240,227,1
88192,STAD-MOV-088192,13,3,0
88194,STAD-MOV-088194,12,9,0
88210,STAD-MOV-088210,2,0,0
88224,STAD-MOV-088224,6,0,0
88228,STAD-MOV-088228,2,0,0
88248,STAD-MOV-088248,41,24,0
88252,STAD-MOV-088252,3,0,0
88270,STAD-MOV-088270,15,6,0
88278,STAD-MOV-088278,5,2,0
88299,STAD-MOV-088299,19,1,0
88317,STAD-MOV-088317,2,0,0
88321,STAD-MOV-088321,2,0,0
88329,STAD-MOV-088329,3,0,0
88331,STAD-MOV-088331,1,0,0
88341,STAD-MOV-088341,5,2,0
88343,STAD-MOV-088343,7,4,0
88347,STAD-MOV-088347,5,3,0
88349,STAD-MOV-088349,19,7,0
88356,STAD-MOV-088356,174,172,1
88378,STAD-MOV-088378,2,1,0
88380,STAD-MOV-088380,38,29,0
88398,STAD-MOV-088398,3,1,0
88400,STAD-MOV-088400,2,0,0
88414,STAD-MOV-088414,2,2,0
88417,STAD-MOV-088417,5,1,0
88423,STAD-MOV-088423,3,0,0
88448,STAD-MOV-088448,2,1,0
88456,STAD-MOV-088456,8,0,0
88466,STAD-MOV-088466,2,2,0
88468,STAD-MOV-088468,42,35,0
88473,STAD-MOV-088473,3,1,0
88480,STAD-MOV-088480,2,0,0
88483,STAD-MOV-088483,5,4,0
88485,STAD-MOV-088485,9,5,0
88488,STAD-MOV-088488,1,0,0
88513,STAD-MOV-088513,2,0,0
88562,STAD-MOV-088562,7,0,0
88564,STAD-MOV-088564,9,1,0
88568,STAD-MOV-088568,6,1,0
88570,STAD-MOV-088570,6,2,0
88572,STAD-MOV-088572,12,8,0
88576,STAD-MOV-088576,2,0,0
88580,STAD-MOV-088580,3,1,0
88591,STAD-MOV-088591,3,1,0
88595,STAD-MOV-088595,3,1,0
88605,STAD-MOV-088605,5,3,0
88640,STAD-MOV-088640,14,4,0
88642,STAD-MOV-088642,1,0,0
88670,STAD-MOV-088670,4,2,0
88672,STAD-MOV-088672,339,276,1
88674,STAD-MOV-088674,7,0,0
88676,STAD-MOV-088676,1,0,0
88678,STAD-MOV-088678,22,12,0
88690,STAD-MOV-088690,17,14,0
88694,STAD-MOV-088694,7,0,0
88699,STAD-MOV-088699,55,52,0
88734,STAD-MOV-088734,4,2,0
88740,STAD-MOV-088740,2,0,0
88750,STAD-MOV-088750,2,0,0
88752,STAD-MOV-088752,1,0,0
88759,STAD-MOV-088759,4,0,0
88764,STAD-MOV-088764,24,1,0
88788,STAD-MOV-088788,2,0,0
88810,STAD-MOV-088810,1674,1650,1
88814,STAD-MOV-088814,2,0,0
88823,STAD-MOV-088823,1,0,0
88835,STAD-MOV-088835,39,30,0
88837,STAD-MOV-088837,33,18,0
88839,STAD-MOV-088839,17,16,0
88857,STAD-MOV-088857,2,1,0
88877,STAD-MOV-088877,6,4,0
88889,STAD-MOV-088889,12,9,0
88954,STAD-MOV-088954,163,136,0
88961,STAD-MOV-088961,1,1,0
88977,STAD-MOV-088977,30,19,0
89002,STAD-MOV-089002,75,74,0
89010,STAD-MOV-089010,2,0,0
89016,STAD-MOV-089016,2,0,0
89018,STAD-MOV-089018,3,0,0
89025,STAD-MOV-089025,4,0,0
89041,STAD-MOV-089041,1,0,0
89043,STAD-MOV-089043,12,1,0
89072,STAD-MOV-089072,90,54,0
89085,STAD-MOV-089085,315,266,1
89090,STAD-MOV-089090,97,22,0
89100,STAD-MOV-089100,0,0,0
89112,STAD-MOV-089112,5,5,0
89116,STAD-MOV-089116,4,1,0
89126,STAD-MOV-089126,2,2,0
89133,STAD-MOV-089133,1,0,0
89135,STAD-MOV-089135,0,0,0
89137,STAD-MOV-089137,5,0,0
89139,STAD-MOV-089139,12,6,0
89145,STAD-MOV-089145,2,1,0
89162,STAD-MOV-089162,4,3,0
89190,STAD-MOV-089190,228,212,1
89192,STAD-MOV-089192,2,2,0
89203,STAD-MOV-089203,18,0,0
89208,STAD-MOV-089208,10,9,0
89211,STAD-MOV-089211,2,0,0
89213,STAD-MOV-089213,1,0,0
89230,STAD-MOV-089230,6,3,0
89246,STAD-MOV-089246,2,0,0
89273,STAD-MOV-089273,17,13,0
89275,STAD-MOV-089275,9,6,0
89285,STAD-MOV-089285,2,0,0
89287,STAD-MOV-089287,2,0,0
89289,STAD-MOV-089289,7,2,0
89308,STAD-MOV-089308,2,1,0
89325,STAD-MOV-089325,3,1,0
89327,STAD-MOV-089327,5,3,0
89329,STAD-MOV-089329,1,0,0
89341,STAD-MOV-089341,0,0,0
89343,STAD-MOV-089343,216,183,1
89351,STAD-MOV-089351,5,3,0
89354,STAD-MOV-089354,3,1,0
89367,STAD-MOV-089367,9,7,0
89373,STAD-MOV-089373,7,5,0
89375,STAD-MOV-089375,5,3,0
89393,STAD-MOV-089393,1,0,0
89406,STAD-MOV-089406,1,1,0
89449,STAD-MOV-089449,13,3,0
89470,STAD-MOV-089470,967,916,1
89472,STAD-MOV-089472,43,27,0
89480,STAD-MOV-089480,99,89,0
89482,STAD-MOV-089482,0,0,0
89485,STAD-MOV-089485,1,0,0
89516,STAD-MOV-089516,3,1,0
89521,STAD-MOV-089521,4,2,0
89523,STAD-MOV-089523,31,1,0
89532,STAD-MOV-089532,3,3,0
89535,STAD-MOV-089535,127,93,0
89554,STAD-MOV-089554,21,18,0
89584,STAD-MOV-089584,11,2,0
89586,STAD-MOV-089586,22,19,0
89588,STAD-MOV-089588,3,1,0
89590,STAD-MOV-089590,11,3,0
89596,STAD-MOV-089596,5,2,0
89616,STAD-MOV-089616,2,0,0
89620,STAD-MOV-089620,3,2,0
89623,STAD-MOV-089623,4,0,0
89632,STAD-MOV-089632,4,0,0
89658,STAD-MOV-089658,3,1,0
89664,STAD-MOV-089664,2,0,0
89668,STAD-MOV-089668,1,0,0
89707,STAD-MOV-089707,2,2,0
89718,STAD-MOV-089718,1,0,0
89722,STAD-MOV-089722,6,4,0
89730,STAD-MOV-089730,4,1,0
89732,STAD-MOV-089732,3,0,0
89747,STAD-MOV-089747,7,1,0
89753,STAD-MOV-089753,831,771,1
89765,STAD-MOV-089765,6,3,0
89774,STAD-MOV-089774,949,899,1
89778,STAD-MOV-089778,4,0,0
89797,STAD-MOV-089797,4,0,0
89800,STAD-MOV-089800,3,0,0
89802,STAD-MOV-089802,2,1,0
89829,STAD-MOV-089829,1,0,0
89844,STAD-MOV-089844,6,2,0
89850,STAD-MOV-089850,1,0,0
89870,STAD-MOV-089870,5,1,0
89872,STAD-MOV-089872,6,3,0
89877,STAD-MOV-089877,7,4,0
89896,STAD-MOV-089896,49,35,0
89910,STAD-MOV-089910,2,1,0
89926,STAD-MOV-089926,1,0,0
89932,STAD-MOV-089932,2,1,0
89936,STAD-MOV-089936,4,1,0
89939,STAD-MOV-089939,16,3,0
89945,STAD-MOV-089945,24,0,0
89967,STAD-MOV-089967,1,0,0
89969,STAD-MOV-089969,3,2,0
89971,STAD-MOV-089971,2,0,0
89977,STAD-MOV-089977,2,0,0
89983,STAD-MOV-089983,10,7,0
89994,STAD-MOV-089994,4,0,0
90019,STAD-MOV-090019,1,0,0
90035,STAD-MOV-090035,0,0,0
90049,STAD-MOV-090049,5,0,0
90059,STAD-MOV-090059,3,0,0
90064,STAD-MOV-090064,2,2,0
90068,STAD-MOV-090068,1,0,0
90106,STAD-MOV-090106,2,1,0
90108,STAD-MOV-090108,3,0,0
90112,STAD-MOV-090112,4,1,0
90154,STAD-MOV-090154,31,23,0
90172,STAD-MOV-090172,1,1,0
90199,STAD-MOV-090199,1,0,0
90206,STAD-MOV-090206,3,1,0
90237,STAD-MOV-090237,5,0,0
90252,STAD-MOV-090252,1,0,0
90256,STAD-MOV-090256,4,1,0
90258,STAD-MOV-090258,1,0,0
90260,STAD-MOV-090260,1,0,0
90268,STAD-MOV-090268,28,16,0
90273,STAD-MOV-090273,4,3,0
90279,STAD-MOV-090279,1,0,0
90284,STAD-MOV-090284,1,0,0
90288,STAD-MOV-090288,1,0,0
90303,STAD-MOV-090303,1,1,0
90308,STAD-MOV-090308,1,0,0
90310,STAD-MOV-090310,21,16,0
90319,STAD-MOV-090319,3,0,0
90327,STAD-MOV-090327,4,0,0
90343,STAD-MOV-090343,90,81,0
90345,STAD-MOV-090345,268,257,1
90353,STAD-MOV-090353,22,17,0
90374,STAD-MOV-090374,287,225,1
90376,STAD-MOV-090376,490,453,1
90397,STAD-MOV-090397,2,1,0
90419,STAD-MOV-090419,2,1,0
90424,STAD-MOV-090424,22,15,0
90428,STAD-MOV-090428,65,47,0
90430,STAD-MOV-090430,408,348,1
90432,STAD-MOV-090432,4,2,0
90439,STAD-MOV-090439,608,582,1
90453,STAD-MOV-090453,2,0,0
90462,STAD-MOV-090462,1,0,0
90469,STAD-MOV-090469,214,184,1
90471,STAD-MOV-090471,56,42,0
90474,STAD-MOV-090474,47,24,0
90478,STAD-MOV-090478,2,2,0
90493,STAD-MOV-090493,0,0,0
90495,STAD-MOV-090495,1,0,0
90514,STAD-MOV-090514,1,0,0
90535,STAD-MOV-090535,2,1,0
90537,STAD-MOV-090537,6,2,0
90543,STAD-MOV-090543,3,0,0
90547,STAD-MOV-090547,6,3,0
90552,STAD-MOV-090552,1,0,0
90556,STAD-MOV-090556,8,6,0
90561,STAD-MOV-090561,11,4,0
90564,STAD-MOV-090564,10,1,0
90568,STAD-MOV-090568,2,0,0
90576,STAD-MOV-090576,154,147,0
90596,STAD-MOV-090596,2,1,0
90598,STAD-MOV-090598,6,1,0
90600,STAD-MOV-090600,426,344,1
90603,STAD-MOV-090603,184,159,1
90605,STAD-MOV-090605,2,0,0
90617,STAD-MOV-090617,1,0,0
90630,STAD-MOV-090630,29,11,0
90634,STAD-MOV-090634,2,1,0
90645,STAD-MOV-090645,142,111,0
90647,STAD-MOV-090647,537,269,1
90649,STAD-MOV-090649,20,10,0
90662,STAD-MOV-090662,11,3,0
90666,STAD-MOV-090666,2,0,0
90668,STAD-MOV-090668,2,0,0
90671,STAD-MOV-090671,3,0,0
90673,STAD-MOV-090673,2,0,0
90690,STAD-MOV-090690,2,0,0
90697,STAD-MOV-090697,2,1,0
90706,STAD-MOV-090706,4,2,0
90717,STAD-MOV-090717,374,353,1
90719,STAD-MOV-090719,295,249,1
90741,STAD-MOV-090741,3,1,0
90744,STAD-MOV-090744,3,0,0
90748,STAD-MOV-090748,5,2,0
90753,STAD-MOV-090753,12,7,0
90769,STAD-MOV-090769,5,0,0
90777,STAD-MOV-090777,1,1,0
90809,STAD-MOV-090809,66,49,0
90811,STAD-MOV-090811,2,1,0
90813,STAD-MOV-090813,2,1,0
90819,STAD-MOV-090819,6,0,0
90825,STAD-MOV-090825,2,0,0
90849,STAD-MOV-090849,1,0,0
90853,STAD-MOV-090853,2,0,0
90870,STAD-MOV-090870,73,60,0
90876,STAD-MOV-090876,7,0,0
90888,STAD-MOV-090888,345,328,1
90890,STAD-MOV-090890,157,142,0
90899,STAD-MOV-090899,35,18,0
90903,STAD-MOV-090903,2,0,0
90910,STAD-MOV-090910,1,1,0
90912,STAD-MOV-090912,3,2,0
90914,STAD-MOV-090914,87,71,0
90916,STAD-MOV-090916,20,16,0
90929,STAD-MOV-090929,24,18,0
90931,STAD-MOV-090931,5,0,0
90939,STAD-MOV-090939,26,5,0
90943,STAD-MOV-090943,79,32,0
90958,STAD-MOV-090958,15,9,0
90963,STAD-MOV-090963,5,0,0
91007,STAD-MOV-091007,2,1,0
91010,STAD-MOV-091010,9,8,0
91014,STAD-MOV-091014,28,21,0
91031,STAD-MOV-091031,5,2,0
91037,STAD-MOV-091037,5,3,0
91044,STAD-MOV-091044,5,1,0
91056,STAD-MOV-091056,16,5,0
91058,STAD-MOV-091058,2,2,0
91079,STAD-MOV-091079,196,158,1
91106,STAD-MOV-091106,2,1,0
91163,STAD-MOV-091163,1,0,0
91167,STAD-MOV-091167,2,0,0
91181,STAD-MOV-091181,3,1,0
91187,STAD-MOV-091187,2,1,0
91189,STAD-MOV-091189,3,2,0
91195,STAD-MOV-091195,2,1,0
91199,STAD-MOV-091199,117,53,0
91216,STAD-MOV-091216,3,1,0
91227,STAD-MOV-091227,11,3,0
91233,STAD-MOV-091233,127,77,0
91235,STAD-MOV-091235,1,0,0
91241,STAD-MOV-091241,12,3,0
91253,STAD-MOV-091253,2,0,0
91256,STAD-MOV-091256,4,2,0
91261,STAD-MOV-091261,14,5,0
91273,STAD-MOV-091273,47,31,0
91290,STAD-MOV-091290,53,43,0
91333,STAD-MOV-091333,4,1,0
91351,STAD-MOV-091351,17,14,0
91355,STAD-MOV-091355,34,28,0
91386,STAD-MOV-091386,73,67,0
91393,STAD-MOV-091393,2,0,0
91395,STAD-MOV-091395,3,0,0
91416,STAD-MOV-091416,35,16,0
91425,STAD-MOV-091425,4,1,0
91448,STAD-MOV-091448,4,2,0
91461,STAD-MOV-091461,14,10,0
91470,STAD-MOV-091470,22,17,0
91485,STAD-MOV-091485,505,498,1
91492,STAD-MOV-091492,3,2,0
91500,STAD-MOV-091500,3550,3499,1
91503,STAD-MOV-091503,1,0,0
91511,STAD-MOV-091511,2,1,0
91515,STAD-MOV-091515,45,3,0
91540,STAD-MOV-091540,15,10,0
91542,STAD-MOV-091542,2383,2323,1
91558,STAD-MOV-091558,4,1,0
91560,STAD-MOV-091560,3,1,0
91562,STAD-MOV-091562,1,0,0
91571,STAD-MOV-091571,105,62,0
91573,STAD-MOV-091573,1,0,0
91589,STAD-MOV-091589,2,0,0
91591,STAD-MOV-091591,3,1,0
91593,STAD-MOV-091593,3,0,0
91601,STAD-MOV-091601,6,0,0
91612,STAD-MOV-091612,3,1,0
91615,STAD-MOV-091615,3,2,0
91617,STAD-MOV-091617,3,0,0
91626,STAD-MOV-091626,30,28,0
91628,STAD-MOV-091628,153,145,0
91634,STAD-MOV-091634,15,8,0
91666,STAD-MOV-091666,6,4,0
91683,STAD-MOV-091683,1,0,0
91692,STAD-MOV-091692,4,3,0
91711,STAD-MOV-091711,2,2,0
91713,STAD-MOV-091713,3,0,0
91727,STAD-MOV-091727,3,2,0
91741,STAD-MOV-091741,2,0,0
91743,STAD-MOV-091743,16,6,0
91745,STAD-MOV-091745,1,0,0
91747,STAD-MOV-091747,4,1,0
91749,STAD-MOV-091749,4,0,0
91755,STAD-MOV-091755,12,4,0
91757,STAD-MOV-091757,8,6,0
91762,STAD-MOV-091762,10,2,0
91768,STAD-MOV-091768,1,1,0
91786,STAD-MOV-091786,7,6,0
91789,STAD-MOV-091789,4,2,0
91793,STAD-MOV-091793,5,0,0
91795,STAD-MOV-091795,4,0,0
91805,STAD-MOV-091805,5,2,0
91808,STAD-MOV-091808,45,19,0
91821,STAD-MOV-091821,43,30,0
91823,STAD-MOV-091823,27,23,0
91829,STAD-MOV-091829,9,3,0
91831,STAD-MOV-091831,54,48,0
91842,STAD-MOV-091842,227,199,1
91844,STAD-MOV-091844,22,5,0
91854,STAD-MOV-091854,3,1,0
91866,STAD-MOV-091866,8,4,0
91880,STAD-MOV-091880,2,0,0
91886,STAD-MOV-091886,54,50,0
91890,STAD-MOV-091890,319,278,1
91927,STAD-MOV-091927,6,3,0
91933,STAD-MOV-091933,2,0,0
91947,STAD-MOV-091947,34,27,0
91952,STAD-MOV-091952,13,5,0
91954,STAD-MOV-091954,7,4,0
91960,STAD-MOV-091960,2,0,0
91970,STAD-MOV-091970,6,1,0
91974,STAD-MOV-091974,320,310,1
91976,STAD-MOV-091976,489,465,1
91978,STAD-MOV-091978,262,256,1
91991,STAD-MOV-091991,6,2,0
91993,STAD-MOV-091993,2,1,0
91995,STAD-MOV-091995,3,1,0
91997,STAD-MOV-091997,1,1,0
92004,STAD-MOV-092004,1,0,0
92023,STAD-MOV-092023,2,2,0
92025,STAD-MOV-092025,1,0,0
92027,STAD-MOV-092027,2,0,0
92062,STAD-MOV-092062,1,0,0
92083,STAD-MOV-092083,5,2,0
92085,STAD-MOV-092085,3,2,0
92096,STAD-MOV-092096,17,16,0
92099,STAD-MOV-092099,4,0,0
92106,STAD-MOV-092106,8,2,0
92118,STAD-MOV-092118,3,1,0
92120,STAD-MOV-092120,5,0,0
92122,STAD-MOV-092122,24,1,0
92128,STAD-MOV-092128,4,1,0
92130,STAD-MOV-092130,6,1,0
92132,STAD-MOV-092132,4,0,0
92136,STAD-MOV-092136,5,0,0
92152,STAD-MOV-092152,45,29,0
92159,STAD-MOV-092159,7,0,0
92167,STAD-MOV-092167,2,0,0
92172,STAD-MOV-092172,2,1,0
92186,STAD-MOV-092186,11,2,0
92188,STAD-MOV-092188,4,1,0
92192,STAD-MOV-092192,155,120,0
92196,STAD-MOV-092196,2,1,0
92206,STAD-MOV-092206,41,34,0
92210,STAD-MOV-092210,44,34,0
92214,STAD-MOV-092214,54,42,0
92222,STAD-MOV-092222,14,9,0
92229,STAD-MOV-092229,1,0,0
92231,STAD-MOV-092231,1,0,0
92245,STAD-MOV-092245,1,0,0
92259,STAD-MOV-092259,2738,2728,1
92264,STAD-MOV-092264,104,93,0
92309,STAD-MOV-092309,93,60,0
92314,STAD-MOV-092314,15,1,0
92321,STAD-MOV-092321,1,0,0
92325,STAD-MOV-092325,4,1,0
92335,STAD-MOV-092335,48,43,0
92341,STAD-MOV-092341,2,1,0
92343,STAD-MOV-092343,1,0,0
92352,STAD-MOV-092352,14,1,0
92354,STAD-MOV-092354,4,3,0
92371,STAD-MOV-092371,4,0,0
92374,STAD-MOV-092374,4,1,0
92378,STAD-MOV-092378,3,1,0
92391,STAD-MOV-092391,75,66,0
92393,STAD-MOV-092393,40,30,0
92399,STAD-MOV-092399,2,2,0
92408,STAD-MOV-092408,1,0,0
92420,STAD-MOV-092420,920,887,1
92427,STAD-MOV-092427,8,1,0
92435,STAD-MOV-092435,1,0,0
92446,STAD-MOV-092446,2,1,0
92453,STAD-MOV-092453,7,4,0
92455,STAD-MOV-092455,4,0,0
92471,STAD-MOV-092471,2,1,0
92479,STAD-MOV-092479,1,0,0
92490,STAD-MOV-092490,16,15,0
92496,STAD-MOV-092496,26,2,0
92500,STAD-MOV-092500,31,6,0
92507,STAD-MOV-092507,431,417,1
92518,STAD-MOV-092518,5,4,0
92535,STAD-MOV-092535,826,170,1
92600,STAD-MOV-092600,2,1,0
92613,STAD-MOV-092613,2,0,0
92641,STAD-MOV-092641,1,0,0
92643,STAD-MOV-092643,157,90,0
92648,STAD-MOV-092648,1,0,0
92660,STAD-MOV-092660,1,0,0
92670,STAD-MOV-092670,3,0,0
92683,STAD-MOV-092683,1,0,0
92691,STAD-MOV-092691,1,0,0
92696,STAD-MOV-092696,14,10,0
92702,STAD-MOV-092702,13,1,0
92719,STAD-MOV-092719,41,31,0
92728,STAD-MOV-092728,7,1,0
92747,STAD-MOV-092747,5,2,0
92749,STAD-MOV-092749,1,0,0
92756,STAD-MOV-092756,4,3,0
92760,STAD-MOV-092760,4,0,0
92768,STAD-MOV-092768,29,2,0
92781,STAD-MOV-092781,4,0,0
92783,STAD-MOV-092783,1,1,0
92789,STAD-MOV-092789,5,2,0
92829,STAD-MOV-092829,25,20,0
92841,STAD-MOV-092841,15,12,0
92852,STAD-MOV-092852,5,0,0
92885,STAD-MOV-092885,2,0,0
92887,STAD-MOV-092887,4,2,0
92918,STAD-MOV-092918,2,0,0
92925,STAD-MOV-092925,0,0,0
92935,STAD-MOV-092935,1,1,0
92938,STAD-MOV-092938,196,191,1
92954,STAD-MOV-092954,17,14,0
92966,STAD-MOV-092966,13,11,0
92968,STAD-MOV-092968,4,0,0
92980,STAD-MOV-092980,1,0,0
93002,STAD-MOV-093002,0,0,0
93008,STAD-MOV-093008,12,7,0
93024,STAD-MOV-093024,32,14,0
93035,STAD-MOV-093035,2,2,0
93070,STAD-MOV-093070,1,0,0
93083,STAD-MOV-093083,1,0,0
93116,STAD-MOV-093116,4,0,0
93139,STAD-MOV-093139,9,5,0
93142,STAD-MOV-093142,16,16,0
93172,STAD-MOV-093172,15,8,0
93185,STAD-MOV-093185,2,0,0
93191,STAD-MOV-093191,2,1,0
93208,STAD-MOV-093208,20,14,0
93212,STAD-MOV-093212,48,37,0
93242,STAD-MOV-093242,80,66,0
93279,STAD-MOV-093279,3,0,0
93287,STAD-MOV-093287,120,109,0
93295,STAD-MOV-093295,5,1,0
93328,STAD-MOV-093328,7,1,0
93330,STAD-MOV-093330,8,2,0
93336,STAD-MOV-093336,6,2,0
93344,STAD-MOV-093344,3,1,0
93391,STAD-MOV-093391,2,2,0
93393,STAD-MOV-093393,1,1,0
93404,STAD-MOV-093404,13,3,0
93408,STAD-MOV-093408,3,1,0
93418,STAD-MOV-093418,12,2,0
93439,STAD-MOV-093439,1,0,0
93443,STAD-MOV-093443,206,171,1
93479,STAD-MOV-093479,12,9,0
93481,STAD-MOV-093481,8,5,0
93484,STAD-MOV-093484,2,0,0
93502,STAD-MOV-093502,28,23,0
93504,STAD-MOV-093504,2,0,0
93520,STAD-MOV-093520,5,4,0
93531,STAD-MOV-093531,2,0,0
93544,STAD-MOV-093544,1,0,0
93547,STAD-MOV-093547,1,0,0
93598,STAD-MOV-093598,41,23,0
93621,STAD-MOV-093621,3,2,0
93628,STAD-MOV-093628,3,1,0
93652,STAD-MOV-093652,1,0,0
93654,STAD-MOV-093654,1,0,0
93674,STAD-MOV-093674,3,2,0
93700,STAD-MOV-093700,17,10,0
93702,STAD-MOV-093702,1,0,0
93709,STAD-MOV-093709,6,1,0
93717,STAD-MOV-093717,2,1,0
93727,STAD-MOV-093727,2,1,0
93748,STAD-MOV-093748,23,17,0
93801,STAD-MOV-093801,5,1,0
93803,STAD-MOV-093803,20,11,0
93838,STAD-MOV-093838,464,433,1
93840,STAD-MOV-093840,1757,1725,1
93842,STAD-MOV-093842,26,23,0
93865,STAD-MOV-093865,15,10,0
93885,STAD-MOV-093885,2,2,0
93890,STAD-MOV-093890,2,0,0
93892,STAD-MOV-093892,56,25,0
93900,STAD-MOV-093900,4,0,0
93909,STAD-MOV-093909,4,0,0
93916,STAD-MOV-093916,8,0,0
93921,STAD-MOV-093921,3,1,0
93928,STAD-MOV-093928,4,1,0
93946,STAD-MOV-093946,16,9,0
93952,STAD-MOV-093952,18,2,0
93963,STAD-MOV-093963,3,1,0
93982,STAD-MOV-093982,143,123,0
94015,STAD-MOV-094015,189,180,1
94018,STAD-MOV-094018,423,412,1
94022,STAD-MOV-094022,7,2,0
94041,STAD-MOV-094041,11,3,0
94074,STAD-MOV-094074,24,11,0
94133,STAD-MOV-094133,3,1,0
94142,STAD-MOV-094142,5,2,0
94150,STAD-MOV-094150,108,72,0
94157,STAD-MOV-094157,5,3,0
94184,STAD-MOV-094184,3,1,0
94220,STAD-MOV-094220,3,0,0
94264,STAD-MOV-094264,3,1,0
94271,STAD-MOV-094271,7,2,0
94278,STAD-MOV-094278,6,3,0
94280,STAD-MOV-094280,5,2,0
94289,STAD-MOV-094289,6,2,0
94301,STAD-MOV-094301,3,0,0
94304,STAD-MOV-094304,4,1,0
94310,STAD-MOV-094310,2,1,0
94314,STAD-MOV-094314,6,3,0
94323,STAD-MOV-094323,42,38,0
94352,STAD-MOV-094352,6,3,0
94365,STAD-MOV-094365,1,0,0
94407,STAD-MOV-094407,2,1,0
94410,STAD-MOV-094410,28,2,0
94417,STAD-MOV-094417,1,0,0
94431,STAD-MOV-094431,1,0,0
94433,STAD-MOV-094433,1,0,0
94435,STAD-MOV-094435,0,0,0
94444,STAD-MOV-094444,11,6,0
94466,STAD-MOV-094466,582,300,1
94469,STAD-MOV-094469,39,29,0
94475,STAD-MOV-094475,2,0,0
94478,STAD-MOV-094478,494,481,1
94482,STAD-MOV-094482,11,4,0
94486,STAD-MOV-094486,3,0,0
94494,STAD-MOV-094494,8,6,0
94503,STAD-MOV-094503,40,32,0
94539,STAD-MOV-094539,4,0,0
94542,STAD-MOV-094542,12,5,0
94545,STAD-MOV-094545,1,1,0
94573,STAD-MOV-094573,2,1,0
94649,STAD-MOV-094649,5,4,0
94653,STAD-MOV-094653,5,3,0
94657,STAD-MOV-094657,1,0,0
94672,STAD-MOV-094672,5,2,0
94675,STAD-MOV-094675,10,10,0
94677,STAD-MOV-094677,530,529,1
94679,STAD-MOV-094679,6,1,0
94681,STAD-MOV-094681,2,0,0
94735,STAD-MOV-094735,10,1,0
94739,STAD-MOV-094739,13,1,0
94748,STAD-MOV-094748,6,2,0
94762,STAD-MOV-094762,3,0,0
94765,STAD-MOV-094765,4,1,0
94769,STAD-MOV-094769,2,1,0
94777,STAD-MOV-094777,983,969,1
94780,STAD-MOV-094780,540,525,1
94782,STAD-MOV-094782,3,1,0
94784,STAD-MOV-094784,4,0,0
94786,STAD-MOV-094786,1,0,0
94790,STAD-MOV-094790,2,1,0
94803,STAD-MOV-094803,13,9,0
94806,STAD-MOV-094806,2,1,0
94815,STAD-MOV-094815,21,12,0
94817,STAD-MOV-094817,1,0,0
94831,STAD-MOV-094831,1,1,0
94833,STAD-MOV-094833,180,170,1
94837,STAD-MOV-094837,28,23,0
94864,STAD-MOV-094864,2053,2026,1
94891,STAD-MOV-094891,1,0,0
94900,STAD-MOV-094900,5,1,0
94904,STAD-MOV-094904,1,1,0
94924,STAD-MOV-094924,3,1,0
94928,STAD-MOV-094928,2,0,0
94945,STAD-MOV-094945,1,0,0
94953,STAD-MOV-094953,160,139,0
94957,STAD-MOV-094957,4,2,0
94985,STAD-MOV-094985,173,155,1
94989,STAD-MOV-094989,3,3,0
95010,STAD-MOV-095010,5,0,0
95014,STAD-MOV-095014,5,2,0
95016,STAD-MOV-095016,1,0,0
95021,STAD-MOV-095021,7,0,0
95026,STAD-MOV-095026,15,6,0
95028,STAD-MOV-095028,3,1,0
95032,STAD-MOV-095032,10,1,0
95054,STAD-MOV-095054,2,0,0
95085,STAD-MOV-095085,1,1,0
95105,STAD-MOV-095105,260,259,1
95133,STAD-MOV-095133,18,10,0
95137,STAD-MOV-095137,6,3,0
95163,STAD-MOV-095163,6,5,0
95165,STAD-MOV-095165,12,11,0
95167,STAD-MOV-095167,1224,1211,1
95177,STAD-MOV-095177,2,0,0
95179,STAD-MOV-095179,1,1,0
95201,STAD-MOV-095201,254,228,1
95205,STAD-MOV-095205,3,3,0
95207,STAD-MOV-095207,364,340,1
95218,STAD-MOV-095218,43,9,0
95232,STAD-MOV-095232,2,1,0
95298,STAD-MOV-095298,6,2,0
95302,STAD-MOV-095302,1,0,0
95307,STAD-MOV-095307,166,146,0
95352,STAD-MOV-095352,4,3,0
95375,STAD-MOV-095375,55,34,0
95377,STAD-MOV-095377,105,75,0
95425,STAD-MOV-095425,4,0,0
95427,STAD-MOV-095427,2,1,0
95446,STAD-MOV-095446,37,21,0
95475,STAD-MOV-095475,12,12,0
95482,STAD-MOV-095482,7,3,0
95486,STAD-MOV-095486,2,0,0
95488,STAD-MOV-095488,79,67,0
95497,STAD-MOV-095497,11,8,0
95508,STAD-MOV-095508,40,33,0
95519,STAD-MOV-095519,9,7,0
95521,STAD-MOV-095521,5,0,0
95539,STAD-MOV-095539,8,7,0
95560,STAD-MOV-095560,1,1,0
95563,STAD-MOV-095563,1,0,0
95567,STAD-MOV-095567,90,78,0
95576,STAD-MOV-095576,1,0,0
95581,STAD-MOV-095581,1,0,0
95583,STAD-MOV-095583,194,165,1
95588,STAD-MOV-095588,13,11,0
95591,STAD-MOV-095591,5,0,0
95604,STAD-MOV-095604,12,8,0
95615,STAD-MOV-095615,3,2,0
95652,STAD-MOV-095652,1,1,0
95695,STAD-MOV-095695,1,0,0
95705,STAD-MOV-095705,1,0,0
95720,STAD-MOV-095720,220,208,1
95742,STAD-MOV-095742,6,5,0
95746,STAD-MOV-095746,2,0,0
95748,STAD-MOV-095748,4,3,0
95752,STAD-MOV-095752,4,0,0
95754,STAD-MOV-095754,8,7,0
95776,STAD-MOV-095776,2,0,0
95782,STAD-MOV-095782,11,10,0
95784,STAD-MOV-095784,5,0,0
95796,STAD-MOV-095796,17,15,0
95804,STAD-MOV-095804,34,13,0
95839,STAD-MOV-095839,22,14,0
95873,STAD-MOV-095873,350,324,1
95896,STAD-MOV-095896,3,2,0
95926,STAD-MOV-095926,3,2,0
95939,STAD-MOV-095939,105,71,0
95941,STAD-MOV-095941,3,0,0
95949,STAD-MOV-095949,2,1,0
95961,STAD-MOV-095961,1,0,0
95967,STAD-MOV-095967,4,0,0
95971,STAD-MOV-095971,9,4,0
95973,STAD-MOV-095973,15,4,0
95975,STAD-MOV-095975,4,0,0
95982,STAD-MOV-095982,3,2,0
96004,STAD-MOV-096004,17,15,0
96007,STAD-MOV-096007,7,6,0
96028,STAD-MOV-096028,1,1,0
96030,STAD-MOV-096030,3,0,0
96052,STAD-MOV-096052,3,2,0
96054,STAD-MOV-096054,9,1,0
96058,STAD-MOV-096058,17,0,0
96069,STAD-MOV-096069,15,0,0
96071,STAD-MOV-096071,6,1,0
96075,STAD-MOV-096075,36,16,0
96079,STAD-MOV-096079,2843,2799,1
96082,STAD-MOV-096082,1,0,0
96084,STAD-MOV-096084,2,1,0
96086,STAD-MOV-096086,0,0,0
96098,STAD-MOV-096098,11,3,0
96110,STAD-MOV-096110,312,285,1
96146,STAD-MOV-096146,1,0,0
96148,STAD-MOV-096148,1,0,0
96150,STAD-MOV-096150,144,59,0
96179,STAD-MOV-096179,1,0,0
96181,STAD-MOV-096181,7,4,0
96193,STAD-MOV-096193,0,0,0
96197,STAD-MOV-096197,4,1,0
96200,STAD-MOV-096200,8,5,0
96210,STAD-MOV-096210,2,1,0
96212,STAD-MOV-096212,7,1,0
96214,STAD-MOV-096214,8,6,0
96221,STAD-MOV-096221,1,0,0
96227,STAD-MOV-096227,3,0,0
96246,STAD-MOV-096246,1,1,0
96250,STAD-MOV-096250,1,0,0
96252,STAD-MOV-096252,12,10,0
96257,STAD-MOV-096257,1,1,0
96273,STAD-MOV-096273,1,0,0
96275,STAD-MOV-096275,0,0,0
96283,STAD-MOV-096283,40,32,0
96294,STAD-MOV-096294,1,0,0
96296,STAD-MOV-096296,6,0,0
96298,STAD-MOV-096298,2,1,0
96302,STAD-MOV-096302,23,20,0
96304,STAD-MOV-096304,21,13,0
96316,STAD-MOV-096316,2,0,0
96347,STAD-MOV-096347,8,3,0
96367,STAD-MOV-096367,72,45,0
96370,STAD-MOV-096370,5,2,0
96401,STAD-MOV-096401,4,1,0
96405,STAD-MOV-096405,18,18,0
96411,STAD-MOV-096411,42,15,0
96428,STAD-MOV-096428,7,2,0
96430,STAD-MOV-096430,84,79,0
96432,STAD-MOV-096432,287,261,1
96448,STAD-MOV-096448,55,51,0
96460,STAD-MOV-096460,7,2,0
96467,STAD-MOV-096467,103,23,0
96469,STAD-MOV-096469,7,0,0
96479,STAD-MOV-096479,3,0,0
96481,STAD-MOV-096481,1,0,0
96488,STAD-MOV-096488,534,261,1
96498,STAD-MOV-096498,5,3,0
96504,STAD-MOV-096504,1,0,0
96510,STAD-MOV-096510,27,19,0
96514,STAD-MOV-096514,8,1,0
96516,STAD-MOV-096516,1,0,0
96518,STAD-MOV-096518,1,0,0
96520,STAD-MOV-096520,6,2,0
96522,STAD-MOV-096522,1,0,0
96524,STAD-MOV-096524,1,0,0
96532,STAD-MOV-096532,1,0,0
96539,STAD-MOV-096539,1,0,0
96543,STAD-MOV-096543,10,3,0
96545,STAD-MOV-096545,7,0,0
96547,STAD-MOV-096547,1,0,0
96565,STAD-MOV-096565,80,66,0
96569,STAD-MOV-096569,23,3,0
96592,STAD-MOV-096592,25,16,0
96594,STAD-MOV-096594,1,0,0
96596,STAD-MOV-096596,29,18,0
96598,STAD-MOV-096598,0,0,0
96601,STAD-MOV-096601,1,1,0
96629,STAD-MOV-096629,7,3,0
96638,STAD-MOV-096638,5,3,0
96642,STAD-MOV-096642,1,1,0
96651,STAD-MOV-096651,1,0,0
96662,STAD-MOV-096662,26,6,0
96683,STAD-MOV-096683,4,0,0
96697,STAD-MOV-096697,1,1,0
96702,STAD-MOV-096702,1,0,0
96704,STAD-MOV-096704,1,0,0
96722,STAD-MOV-096722,1,0,0
96726,STAD-MOV-096726,20,15,0
96734,STAD-MOV-096734,2,0,0
96737,STAD-MOV-096737,680,659,1
96739,STAD-MOV-096739,1,0,0
96751,STAD-MOV-096751,179,156,1
96757,STAD-MOV-096757,1,0,0
96762,STAD-MOV-096762,21,4,0
96769,STAD-MOV-096769,1,1,0
96771,STAD-MOV-096771,1,0,0
96775,STAD-MOV-096775,2,0,0
96792,STAD-MOV-096792,5,2,0
96794,STAD-MOV-096794,2,2,0
96805,STAD-MOV-096805,2,1,0
96809,STAD-MOV-096809,1,0,0
96811,STAD-MOV-096811,623,588,1
96817,STAD-MOV-096817,4,0,0
96836,STAD-MOV-096836,6,0,0
96845,STAD-MOV-096845,5,3,0
96853,STAD-MOV-096853,12,8,0
96861,STAD-MOV-096861,401,397,1
96865,STAD-MOV-096865,2,1,0
96868,STAD-MOV-096868,28,17,0
96870,STAD-MOV-096870,5,0,0
96894,STAD-MOV-096894,2,0,0
96897,STAD-MOV-096897,12,10,0
96903,STAD-MOV-096903,1,1,0
96905,STAD-MOV-096905,2,0,0
96907,STAD-MOV-096907,1,0,0
96921,STAD-MOV-096921,1,0,0
96925,STAD-MOV-096925,1,1,0
96927,STAD-MOV-096927,1,0,0
96933,STAD-MOV-096933,6,1,0
96935,STAD-MOV-096935,3,2,0
96937,STAD-MOV-096937,3,1,0
96939,STAD-MOV-096939,1,1,0
96943,STAD-MOV-096943,3,3,0
96952,STAD-MOV-096952,13,0,0
96960,STAD-MOV-096960,1,0,0
96962,STAD-MOV-096962,1,0,0
96964,STAD-MOV-096964,52,45,0
96966,STAD-MOV-096966,28,16,0
96969,STAD-MOV-096969,42,36,0
96983,STAD-MOV-096983,2,1,0
97005,STAD-MOV-097005,8,4,0
97008,STAD-MOV-097008,2,0,0
97026,STAD-MOV-097026,2,0,0
97031,STAD-MOV-097031,4,1,0
97035,STAD-MOV-097035,4,1,0
97055,STAD-MOV-097055,6,2,0
97059,STAD-MOV-097059,16,14,0
97065,STAD-MOV-097065,8,7,0
97070,STAD-MOV-097070,1,0,0
97115,STAD-MOV-097115,1,0,0
97119,STAD-MOV-097119,2,0,0
97124,STAD-MOV-097124,2,0,0
97128,STAD-MOV-097128,3,0,0
97134,STAD-MOV-097134,1,0,0
97146,STAD-MOV-097146,1,0,0
97151,STAD-MOV-097151,2,2,0
97163,STAD-MOV-097163,1,0,0
97186,STAD-MOV-097186,17,4,0
97190,STAD-MOV-097190,1,1,0
97192,STAD-MOV-097192,2,1,0
97194,STAD-MOV-097194,3,0,0
97196,STAD-MOV-097196,6,6,0
97220,STAD-MOV-097220,7,3,0
97230,STAD-MOV-097230,48,40,0
97232,STAD-MOV-097232,35,29,0
97244,STAD-MOV-097244,12,5,0
97246,STAD-MOV-097246,4,0,0
97250,STAD-MOV-097250,5,1,0
97252,STAD-MOV-097252,3,1,0
97280,STAD-MOV-097280,9,3,0
97283,STAD-MOV-097283,2,0,0
97300,STAD-MOV-097300,4,1,0
97302,STAD-MOV-097302,8,1,0
97308,STAD-MOV-097308,16,10,0
97311,STAD-MOV-097311,76,54,0
97319,STAD-MOV-097319,2,2,0
97328,STAD-MOV-097328,92,70,0
97393,STAD-MOV-097393,72,42,0
97395,STAD-MOV-097395,68,30,0
97423,STAD-MOV-097423,12,0,0
97455,STAD-MOV-097455,9,0,0
97460,STAD-MOV-097460,2,2,0
97462,STAD-MOV-097462,19,15,0
97468,STAD-MOV-097468,2,1,0
97494,STAD-MOV-097494,2,2,0
97526,STAD-MOV-097526,2,0,0
97533,STAD-MOV-097533,3,0,0
97546,STAD-MOV-097546,1,0,0
97550,STAD-MOV-097550,1,1,0
97552,STAD-MOV-097552,4,2,0
97643,STAD-MOV-097643,46,37,0
97646,STAD-MOV-097646,1,0,0
97648,STAD-MOV-097648,29,22,0
97660,STAD-MOV-097660,10,3,0
97665,STAD-MOV-097665,21,20,0
97667,STAD-MOV-097667,2,0,0
97680,STAD-MOV-097680,1,0,0
97688,STAD-MOV-097688,3,0,0
97697,STAD-MOV-097697,6,4,0
97699,STAD-MOV-097699,9,5,0
97701,STAD-MOV-097701,78,70,0
97703,STAD-MOV-097703,2,0,0
97707,STAD-MOV-097707,2,0,0
97709,STAD-MOV-097709,14,10,0
97724,STAD-MOV-097724,2,0,0
97726,STAD-MOV-097726,2,0,0
97730,STAD-MOV-097730,3,1,0
97732,STAD-MOV-097732,2,0,0
97740,STAD-MOV-097740,11,5,0
97755,STAD-MOV-097755,1,0,0
97768,STAD-MOV-097768,4,1,0
97773,STAD-MOV-097773,23,11,0
97787,STAD-MOV-097787,1,1,0
97789,STAD-MOV-097789,2,0,0
97792,STAD-MOV-097792,1,1,0
97799,STAD-MOV-097799,5,2,0
97806,STAD-MOV-097806,2,1,0
97819,STAD-MOV-097819,4,0,0
97821,STAD-MOV-097821,1,0,0
97823,STAD-MOV-097823,2,0,0
97826,STAD-MOV-097826,9,7,0
97828,STAD-MOV-097828,5,0,0
97832,STAD-MOV-097832,40,34,0
97836,STAD-MOV-097836,109,95,0
97847,STAD-MOV-097847,1,0,0
97849,STAD-MOV-097849,2,1,0
97855,STAD-MOV-097855,1,0,0
97858,STAD-MOV-097858,15,3,0
97868,STAD-MOV-097868,9,0,0
97872,STAD-MOV-097872,1,0,0
97880,STAD-MOV-097880,6,3,0
97884,STAD-MOV-097884,2,0,0
97897,STAD-MOV-097897,1,0,0
97899,STAD-MOV-097899,1,0,0
97906,STAD-MOV-097906,3,0,0
97936,STAD-MOV-097936,187,174,1
97938,STAD-MOV-097938,1871,1847,1
97955,STAD-MOV-097955,1,0,0
97957,STAD-MOV-097957,48,37,0
97966,STAD-MOV-097966,12,10,0
97968,STAD-MOV-097968,10,7,0
97984,STAD-MOV-097984,23,18,0
97994,STAD-MOV-097994,1,1,0
98004,STAD-MOV-098004,2,1,0
98015,STAD-MOV-098015,7,2,0
98017,STAD-MOV-098017,72,50,0
98022,STAD-MOV-098022,14,11,0
98027,STAD-MOV-098027,1,0,0
98030,STAD-MOV-098030,2,1,0
98036,STAD-MOV-098036,7,6,0
98041,STAD-MOV-098041,1,1,0
98043,STAD-MOV-098043,3,1,0
98045,STAD-MOV-098045,3,2,0
98059,STAD-MOV-098059,3,0,0
98085,STAD-MOV-098085,6,6,0
98107,STAD-MOV-098107,5,0,0
98124,STAD-MOV-098124,320,299,1
98126,STAD-MOV-098126,12,6,0
98131,STAD-MOV-098131,1,0,0
98144,STAD-MOV-098144,3,0,0
98151,STAD-MOV-098151,3,1,0
98162,STAD-MOV-098162,1,0,0
98173,STAD-MOV-098173,3,2,0
98189,STAD-MOV-098189,14,11,0
98198,STAD-MOV-098198,12,5,0
98203,STAD-MOV-098203,310,309,1
98224,STAD-MOV-098224,2,2,0
98239,STAD-MOV-098239,109,103,0
98246,STAD-MOV-098246,3,1,0
98271,STAD-MOV-098271,1,0,0
98277,STAD-MOV-098277,3,0,0
98288,STAD-MOV-098288,2,1,0
98294,STAD-MOV-098294,2,0,0
98296,STAD-MOV-098296,67,52,0
98304,STAD-MOV-098304,2,0,0
98306,STAD-MOV-098306,1,0,0
98328,STAD-MOV-098328,1,0,0
98337,STAD-MOV-098337,1,0,0
98341,STAD-MOV-098341,5,2,0
98373,STAD-MOV-098373,56,50,0
98376,STAD-MOV-098376,2,0,0
98383,STAD-MOV-098383,1,0,0
98385,STAD-MOV-098385,1,0,0
98389,STAD-MOV-098389,0,0,0
98391,STAD-MOV-098391,2,0,0
98394,STAD-MOV-098394,3,0,0
98400,STAD-MOV-098400,21,9,0
98402,STAD-MOV-098402,10,3,0
98404,STAD-MOV-098404,1,0,0
98439,STAD-MOV-098439,3,1,0
98445,STAD-MOV-098445,10,2,0
98447,STAD-MOV-098447,9,6,0
98456,STAD-MOV-098456,1,0,0
98473,STAD-MOV-098473,3,1,0
98493,STAD-MOV-098493,2,0,0
98497,STAD-MOV-098497,1,1,0
98499,STAD-MOV-098499,3,2,0
98501,STAD-MOV-098501,2,2,0
98513,STAD-MOV-098513,3,2,0
98520,STAD-MOV-098520,4,3,0
98523,STAD-MOV-098523,2,1,0
98556,STAD-MOV-098556,5,3,0
98581,STAD-MOV-098581,1,0,0
98583,STAD-MOV-098583,0,0,0
98587,STAD-MOV-098587,15,8,0
98591,STAD-MOV-098591,1,0,0
98604,STAD-MOV-098604,79,71,0
98607,STAD-MOV-098607,38,33,0
98613,STAD-MOV-098613,1,0,0
98615,STAD-MOV-098615,1,0,0
98619,STAD-MOV-098619,1,0,0
98629,STAD-MOV-098629,15,4,0
98633,STAD-MOV-098633,2,2,0
98643,STAD-MOV-098643,1,0,0
98693,STAD-MOV-098693,1,0,0
98697,STAD-MOV-098697,2,0,0
98699,STAD-MOV-098699,1,1,0
98761,STAD-MOV-098761,1,1,0
98768,STAD-MOV-098768,2,0,0
98786,STAD-MOV-098786,2,2,0
98795,STAD-MOV-098795,25,13,0
98799,STAD-MOV-098799,8,6,0
98825,STAD-MOV-098825,2,1,0
98829,STAD-MOV-098829,4,3,0
98834,STAD-MOV-098834,4,2,0
98838,STAD-MOV-098838,17,15,0
98842,STAD-MOV-098842,3,1,0
98856,STAD-MOV-098856,2,0,0
98913,STAD-MOV-098913,1,0,0
98922,STAD-MOV-098922,6,2,0
98931,STAD-MOV-098931,1,0,0
98933,STAD-MOV-098933,6,0,0
98936,STAD-MOV-098936,1,0,0
98938,STAD-MOV-098938,1,1,0
98941,STAD-MOV-098941,2,2,0
98949,STAD-MOV-098949,5,1,0
98965,STAD-MOV-098965,1,0,0
98973,STAD-MOV-098973,29,4,0
98975,STAD-MOV-098975,36,23,0
98981,STAD-MOV-098981,16,6,0
98991,STAD-MOV-098991,1,0,0
98994,STAD-MOV-098994,3,1,0
99005,STAD-MOV-099005,37,36,0
99014,STAD-MOV-099014,5,4,0
99026,STAD-MOV-099026,1,0,0
99028,STAD-MOV-099028,4,0,0
99045,STAD-MOV-099045,10,6,0
99050,STAD-MOV-099050,4,1,0
99054,STAD-MOV-099054,3,1,0
99056,STAD-MOV-099056,6,0,0
99058,STAD-MOV-099058,21,1,0
99087,STAD-MOV-099087,41,31,0
99108,STAD-MOV-099108,6,5,0
99110,STAD-MOV-099110,27,13,0
99114,STAD-MOV-099114,4328,4324,1
99117,STAD-MOV-099117,241,228,1
99126,STAD-MOV-099126,3,2,0
99145,STAD-MOV-099145,299,294,1
99169,STAD-MOV-099169,1,1,0
99173,STAD-MOV-099173,1,0,0
99182,STAD-MOV-099182,5,0,0
99191,STAD-MOV-099191,10,5,0
99210,STAD-MOV-099210,2,1,0
99217,STAD-MOV-099217,28,16,0
99240,STAD-MOV-099240,1,0,0
99249,STAD-MOV-099249,2,1,0
99253,STAD-MOV-099253,2,0,0
99270,STAD-MOV-099270,3,2,0
99273,STAD-MOV-099273,3,0,0
99276,STAD-MOV-099276,3,1,0
99287,STAD-MOV-099287,2,1,0
99289,STAD-MOV-099289,1,0,0
99314,STAD-MOV-099314,1,1,0
99317,STAD-MOV-099317,1,0,0
99325,STAD-MOV-099325,1,0,0
99337,STAD-MOV-099337,2,1,0
99349,STAD-MOV-099349,22,3,0
99364,STAD-MOV-099364,4,2,0
99384,STAD-MOV-099384,2,1,0
99395,STAD-MOV-099395,4,2,0
99397,STAD-MOV-099397,14,1,0
99400,STAD-MOV-099400,4,1,0
99417,STAD-MOV-099417,3,0,0
99420,STAD-MOV-099420,1,0,0
99434,STAD-MOV-099434,7,2,0
99437,STAD-MOV-099437,138,103,0
99450,STAD-MOV-099450,1,0,0
99452,STAD-MOV-099452,6,0,0
99468,STAD-MOV-099468,58,23,0
99470,STAD-MOV-099470,29,29,0
99474,STAD-MOV-099474,1,0,0
99489,STAD-MOV-099489,1,0,0
99491,STAD-MOV-099491,2,0,0
99493,STAD-MOV-099493,3,1,0
99495,STAD-MOV-099495,5,4,0
99499,STAD-MOV-099499,1,0,0
99502,STAD-MOV-099502,6,4,0
99517,STAD-MOV-099517,1,0,0
99519,STAD-MOV-099519,1,0,0
99521,STAD-MOV-099521,1,1,0
99530,STAD-MOV-099530,34,31,0
99562,STAD-MOV-099562,0,0,0
99564,STAD-MOV-099564,3,2,0
99568,STAD-MOV-099568,3,1,0
99591,STAD-MOV-099591,3,0,0
99594,STAD-MOV-099594,3,3,0
99613,STAD-MOV-099613,3,0,0
99615,STAD-MOV-099615,5,0,0
99640,STAD-MOV-099640,9,6,0
99644,STAD-MOV-099644,4,0,0
99679,STAD-MOV-099679,4,2,0
99687,STAD-MOV-099687,6,3,0
99689,STAD-MOV-099689,1,0,0
99699,STAD-MOV-099699,3,1,0
99706,STAD-MOV-099706,4,0,0
99719,STAD-MOV-099719,1,0,0
99721,STAD-MOV-099721,34,33,0
99726,STAD-MOV-099726,3,0,0
99746,STAD-MOV-099746,13,8,0
99748,STAD-MOV-099748,1,0,0
99754,STAD-MOV-099754,5,2,0
99787,STAD-MOV-099787,26,25,0
99809,STAD-MOV-099809,5,0,0
99811,STAD-MOV-099811,17,5,0
99817,STAD-MOV-099817,16,8,0
99822,STAD-MOV-099822,4,3,0
99843,STAD-MOV-099843,10,5,0
99846,STAD-MOV-099846,18,12,0
99850,STAD-MOV-099850,2,1,0
99855,STAD-MOV-099855,4,2,0
99857,STAD-MOV-099857,20,13,0
99859,STAD-MOV-099859,17,14,0
99866,STAD-MOV-099866,1,0,0
99871,STAD-MOV-099871,22,18,0
99906,STAD-MOV-099906,15,5,0
99908,STAD-MOV-099908,2,0,0
99910,STAD-MOV-099910,216,200,1
99922,STAD-MOV-099922,2,0,0
99937,STAD-MOV-099937,8,4,0
99941,STAD-MOV-099941,2,0,0
99946,STAD-MOV-099946,3,0,0
99957,STAD-MOV-099957,102,98,0
99960,STAD-MOV-099960,5,0,0
99962,STAD-MOV-099962,2,1,0
99968,STAD-MOV-099968,24,14,0
99992,STAD-MOV-099992,35,21,0
99999,STAD-MOV-099999,4,2,0
100003,STAD-MOV-100003,3,0,0
100010,STAD-MOV-100010,22,7,0
100013,STAD-MOV-100013,5,2,0
100015,STAD-MOV-100015,1,1,0
100036,STAD-MOV-100036,10,1,0
100042,STAD-MOV-100042,3,1,0
100044,STAD-MOV-100044,5,5,0
100046,STAD-MOV-100046,4,4,0
100054,STAD-MOV-100054,1,0,0
100058,STAD-MOV-100058,13,6,0
100060,STAD-MOV-100060,2,1,0
100062,STAD-MOV-100062,4,4,0
100079,STAD-MOV-100079,1,0,0
100083,STAD-MOV-100083,130,122,0
100087,STAD-MOV-100087,6,3,0
100089,STAD-MOV-100089,21,12,0
100091,STAD-MOV-100091,2,1,0
100093,STAD-MOV-100093,14,12,0
100096,STAD-MOV-100096,2,0,0
100099,STAD-MOV-100099,2,0,0
100103,STAD-MOV-100103,1,1,0
100108,STAD-MOV-100108,147,143,0
100131,STAD-MOV-100131,2,0,0
100141,STAD-MOV-100141,2,0,0
100145,STAD-MOV-100145,1,0,0
100169,STAD-MOV-100169,25,18,0
100196,STAD-MOV-100196,7,1,0
100203,STAD-MOV-100203,1,0,0
100205,STAD-MOV-100205,5,3,0
100229,STAD-MOV-100229,2,1,0
100246,STAD-MOV-100246,2,1,0
100251,STAD-MOV-100251,1,0,0
100255,STAD-MOV-100255,2,0,0
100257,STAD-MOV-100257,1,1,0
100259,STAD-MOV-100259,1,0,0
100262,STAD-MOV-100262,1,0,0
100268,STAD-MOV-100268,1,1,0
100277,STAD-MOV-100277,17,10,0
100287,STAD-MOV-100287,6,0,0
100289,STAD-MOV-100289,10,0,0
100291,STAD-MOV-100291,1,0,0
100294,STAD-MOV-100294,1,0,0
100302,STAD-MOV-100302,142,132,0
100306,STAD-MOV-100306,8,5,0
100310,STAD-MOV-100310,1,0,0
100330,STAD-MOV-100330,1,0,0
100342,STAD-MOV-100342,11,4,0
100344,STAD-MOV-100344,87,62,0
100356,STAD-MOV-100356,37,30,0
100361,STAD-MOV-100361,3,0,0
100363,STAD-MOV-100363,29,28,0
100368,STAD-MOV-100368,3,0,0
100385,STAD-MOV-100385,4,3,0
100390,STAD-MOV-100390,213,198,1
100397,STAD-MOV-100397,41,33,0
100401,STAD-MOV-100401,16,5,0
100404,STAD-MOV-100404,1,0,0
100406,STAD-MOV-100406,6,0,0
100408,STAD-MOV-100408,18,17,0
100411,STAD-MOV-100411,1,0,0
100421,STAD-MOV-100421,1,0,0
100438,STAD-MOV-100438,11,8,0
100448,STAD-MOV-100448,1,0,0
100450,STAD-MOV-100450,46,21,0
100457,STAD-MOV-100457,4,2,0
100463,STAD-MOV-100463,0,0,0
100469,STAD-MOV-100469,12,10,0
100492,STAD-MOV-100492,6,5,0
100496,STAD-MOV-100496,2,2,0
100498,STAD-MOV-100498,322,303,1
100507,STAD-MOV-100507,81,74,0
100509,STAD-MOV-100509,11,2,0
100511,STAD-MOV-100511,9,0,0
100517,STAD-MOV-100517,4,0,0
100527,STAD-MOV-100527,98,91,0
100529,STAD-MOV-100529,5,3,0
100534,STAD-MOV-100534,1,0,0
100574,STAD-MOV-100574,5,3,0
100577,STAD-MOV-100577,0,0,0
100581,STAD-MOV-100581,49,28,0
100583,STAD-MOV-100583,1,0,0
100588,STAD-MOV-100588,4,0,0
100593,STAD-MOV-100593,4,0,0
100617,STAD-MOV-100617,34,9,0
100620,STAD-MOV-100620,1,1,0
100633,STAD-MOV-100633,2,0,0
100651,STAD-MOV-100651,3,2,0
100719,STAD-MOV-100719,2,0,0
100734,STAD-MOV-100734,6,1,0
100737,STAD-MOV-100737,83,76,0
100741,STAD-MOV-100741,1,0,0
100743,STAD-MOV-100743,1,1,0
100745,STAD-MOV-100745,115,62,0
100830,STAD-MOV-100830,1,0,0
100836,STAD-MOV-100836,3,0,0
100840,STAD-MOV-100840,3,2,0
100902,STAD-MOV-100902,6,0,0
100906,STAD-MOV-100906,8,6,0
100942,STAD-MOV-100942,2,1,0
100944,STAD-MOV-100944,3,2,0
100946,STAD-MOV-100946,4,1,0
101006,STAD-MOV-101006,1,0,0
101018,STAD-MOV-101018,2,0,0
101025,STAD-MOV-101025,217,216,1
101058,STAD-MOV-101058,1,0,0
101062,STAD-MOV-101062,2,1,0
101064,STAD-MOV-101064,4,1,0
101074,STAD-MOV-101074,43,19,0
101104,STAD-MOV-101104,3,1,0
101123,STAD-MOV-101123,1,1,0
101127,STAD-MOV-101127,6,4,0
101137,STAD-MOV-101137,79,69,0
101148,STAD-MOV-101148,5,1,0
101150,STAD-MOV-101150,4,0,0
101156,STAD-MOV-101156,1,1,0
101170,STAD-MOV-101170,13,5,0
101172,STAD-MOV-101172,3,2,0
101178,STAD-MOV-101178,1,0,0
101188,STAD-MOV-101188,1,0,0
101210,STAD-MOV-101210,16,11,0
101214,STAD-MOV-101214,2,1,0
101218,STAD-MOV-101218,11,3,0
101222,STAD-MOV-101222,4,2,0
101237,STAD-MOV-101237,0,0,0
101247,STAD-MOV-101247,7,2,0
101260,STAD-MOV-101260,9,8,0
101262,STAD-MOV-101262,13,12,0
101264,STAD-MOV-101264,1,1,0
101281,STAD-MOV-101281,53,48,0
101283,STAD-MOV-101283,144,134,0
101287,STAD-MOV-101287,1,0,0
101292,STAD-MOV-101292,1,1,0
101303,STAD-MOV-101303,3,0,0
101305,STAD-MOV-101305,2,1,0
101322,STAD-MOV-101322,5,1,0
101335,STAD-MOV-101335,3,0,0
101352,STAD-MOV-101352,5,2,0
101355,STAD-MOV-101355,2,0,0
101360,STAD-MOV-101360,129,113,0
101362,STAD-MOV-101362,301,296,1
101381,STAD-MOV-101381,4,1,0
101388,STAD-MOV-101388,1,0,0
101402,STAD-MOV-101402,4,3,0
101407,STAD-MOV-101407,0,0,0
101409,STAD-MOV-101409,1,1,0
101423,STAD-MOV-101423,4,4,0
101431,STAD-MOV-101431,3,0,0
101444,STAD-MOV-101444,1,0,0
101466,STAD-MOV-101466,1,0,0
101468,STAD-MOV-101468,1,0,0
101472,STAD-MOV-101472,0,0,0
101476,STAD-MOV-101476,6,5,0
101479,STAD-MOV-101479,7,0,0
101481,STAD-MOV-101481,1,1,0
101498,STAD-MOV-101498,59,56,0
101505,STAD-MOV-101505,0,0,0
101538,STAD-MOV-101538,2,0,0
101577,STAD-MOV-101577,126,116,0
101583,STAD-MOV-101583,3,2,0
101592,STAD-MOV-101592,1,1,0
101595,STAD-MOV-101595,1,1,0
101606,STAD-MOV-101606,1,1,0
101627,STAD-MOV-101627,2,1,0
101646,STAD-MOV-101646,3,0,0
101648,STAD-MOV-101648,7,3,0
101653,STAD-MOV-101653,1,0,0
101664,STAD-MOV-101664,2,1,0
101672,STAD-MOV-101672,8,6,0
101678,STAD-MOV-101678,2,1,0
101689,STAD-MOV-101689,2,1,0
101692,STAD-MOV-101692,2,1,0
101703,STAD-MOV-101703,3,3,0
101706,STAD-MOV-101706,2,0,0
101710,STAD-MOV-101710,7,2,0
101717,STAD-MOV-101717,2,0,0
101734,STAD-MOV-101734,4,0,0
101741,STAD-MOV-101741,215,183,1
101756,STAD-MOV-101756,5,3,0
101761,STAD-MOV-101761,40,34,0
101765,STAD-MOV-101765,17,10,0
101782,STAD-MOV-101782,1,0,0
101799,STAD-MOV-101799,1,1,0
101801,STAD-MOV-101801,7,2,0
101803,STAD-MOV-101803,3,0,0
101823,STAD-MOV-101823,3,0,0
101825,STAD-MOV-101825,2,1,0
101833,STAD-MOV-101833,2,0,0
101844,STAD-MOV-101844,3,0,0
101848,STAD-MOV-101848,3,0,0
101884,STAD-MOV-101884,6,6,0
101887,STAD-MOV-101887,2,0,0
101891,STAD-MOV-101891,14,3,0
101904,STAD-MOV-101904,19,0,0
101918,STAD-MOV-101918,5,0,0
101926,STAD-MOV-101926,10,5,0
101940,STAD-MOV-101940,6,0,0
101944,STAD-MOV-101944,1,0,0
101957,STAD-MOV-101957,1,0,0
101962,STAD-MOV-101962,105,100,0
101964,STAD-MOV-101964,10,1,0
101973,STAD-MOV-101973,132,117,0
101979,STAD-MOV-101979,2,0,0
101986,STAD-MOV-101986,1,0,0
101991,STAD-MOV-101991,2,1,0
101997,STAD-MOV-101997,60,59,0
102007,STAD-MOV-102007,18,15,0
102028,STAD-MOV-102028,4,3,0
102037,STAD-MOV-102037,4,4,0
102049,STAD-MOV-102049,2,1,0
102051,STAD-MOV-102051,19,13,0
102062,STAD-MOV-102062,25,6,0
102064,STAD-MOV-102064,2,2,0
102070,STAD-MOV-102070,42,22,0
102088,STAD-MOV-102088,76,71,0
102109,STAD-MOV-102109,2,0,0
102113,STAD-MOV-102113,4,0,0
102119,STAD-MOV-102119,1,0,0
102123,STAD-MOV-102123,639,632,1
102154,STAD-MOV-102154,32,28,0
102156,STAD-MOV-102156,0,0,0
102158,STAD-MOV-102158,1,0,0
102165,STAD-MOV-102165,22,20,0
102167,STAD-MOV-102167,6,3,0
102174,STAD-MOV-102174,2,2,0
102217,STAD-MOV-102217,50,7,0
102224,STAD-MOV-102224,1,0,0
102231,STAD-MOV-102231,19,17,0
102235,STAD-MOV-102235,4,0,0
102250,STAD-MOV-102250,2,0,0
102263,STAD-MOV-102263,2,1,0
102267,STAD-MOV-102267,5,2,0
102282,STAD-MOV-102282,3,1,0
102297,STAD-MOV-102297,1,0,0
102299,STAD-MOV-102299,5,0,0
102305,STAD-MOV-102305,1,1,0
102323,STAD-MOV-102323,1,1,0
102325,STAD-MOV-102325,2,0,0
102332,STAD-MOV-102332,1,0,0
102340,STAD-MOV-102340,1,0,0
102352,STAD-MOV-102352,1,1,0
102354,STAD-MOV-102354,15,10,0
102360,STAD-MOV-102360,1,0,0
102364,STAD-MOV-102364,2,2,0
102367,STAD-MOV-102367,3,2,0
102369,STAD-MOV-102369,7,5,0
102373,STAD-MOV-102373,2,0,0
102376,STAD-MOV-102376,2,0,0
102403,STAD-MOV-102403,2,1,0
102407,STAD-MOV-102407,614,602,1
102413,STAD-MOV-102413,3,0,0
102417,STAD-MOV-102417,0,0,0
102429,STAD-MOV-102429,1,1,0
102434,STAD-MOV-102434,2,0,0
102463,STAD-MOV-102463,1,0,0
102469,STAD-MOV-102469,19,11,0
102485,STAD-MOV-102485,4,3,0
102487,STAD-MOV-102487,1,1,0
102509,STAD-MOV-102509,1,0,0
102514,STAD-MOV-102514,3,0,0
102529,STAD-MOV-102529,1,0,0
102533,STAD-MOV-102533,8,5,0
102541,STAD-MOV-102541,2,1,0
102588,STAD-MOV-102588,85,47,0
102602,STAD-MOV-102602,9,2,0
102672,STAD-MOV-102672,2,2,0
102675,STAD-MOV-102675,2,0,0
102682,STAD-MOV-102682,6,3,0
102684,STAD-MOV-102684,167,147,0
102716,STAD-MOV-102716,284,93,0
102739,STAD-MOV-102739,1,0,0
102742,STAD-MOV-102742,1,1,0
102747,STAD-MOV-102747,6,0,0
102751,STAD-MOV-102751,1,0,0
102753,STAD-MOV-102753,116,84,0
102758,STAD-MOV-102758,3,2,0
102762,STAD-MOV-102762,3,1,0
102765,STAD-MOV-102765,1,0,0
102792,STAD-MOV-102792,68,52,0
102794,STAD-MOV-102794,1,0,0
102800,STAD-MOV-102800,256,203,1
102804,STAD-MOV-102804,4,0,0
102817,STAD-MOV-102817,4,2,0
102819,STAD-MOV-102819,127,91,0
102823,STAD-MOV-102823,0,0,0
102828,STAD-MOV-102828,3,1,0
102830,STAD-MOV-102830,2,0,0
102841,STAD-MOV-102841,1,0,0
102850,STAD-MOV-102850,2,1,0
102854,STAD-MOV-102854,14,14,0
102858,STAD-MOV-102858,7,1,0
102862,STAD-MOV-102862,2,2,0
102870,STAD-MOV-102870,2,0,0
102895,STAD-MOV-102895,1,0,0
102897,STAD-MOV-102897,2,0,0
102899,STAD-MOV-102899,2,0,0
102901,STAD-MOV-102901,2,0,0
102910,STAD-MOV-102910,2,0,0
102943,STAD-MOV-102943,1,1,0
102951,STAD-MOV-102951,6,0,0
102953,STAD-MOV-102953,4,1,0
102963,STAD-MOV-102963,1,0,0
102980,STAD-MOV-102980,1,1,0
102991,STAD-MOV-102991,31,9,0
102993,STAD-MOV-102993,410,388,1
102995,STAD-MOV-102995,2,2,0
102997,STAD-MOV-102997,1,0,0
103003,STAD-MOV-103003,1,0,0
103006,STAD-MOV-103006,3,1,0
103030,STAD-MOV-103030,12,6,0
103048,STAD-MOV-103048,163,136,0
103055,STAD-MOV-103055,53,49,0
103057,STAD-MOV-103057,11,3,0
103078,STAD-MOV-103078,3,0,0
103081,STAD-MOV-103081,7,1,0
103083,STAD-MOV-103083,35,27,0
103089,STAD-MOV-103089,1,0,0
103103,STAD-MOV-103103,1,0,0
103105,STAD-MOV-103105,5,4,0
103112,STAD-MOV-103112,1,0,0
103114,STAD-MOV-103114,2,1,0
103116,STAD-MOV-103116,3,0,0
103120,STAD-MOV-103120,4,4,0
103132,STAD-MOV-103132,1,0,0
103135,STAD-MOV-103135,1,0,0
103175,STAD-MOV-103175,1,0,0
103210,STAD-MOV-103210,18,14,0
103212,STAD-MOV-103212,2,0,0
103226,STAD-MOV-103226,3,3,0
103233,STAD-MOV-103233,20,3,0
103237,STAD-MOV-103237,5,1,0
103249,STAD-MOV-103249,954,948,1
103253,STAD-MOV-103253,944,912,1
103255,STAD-MOV-103255,34,8,0
103257,STAD-MOV-103257,3,2,0
103259,STAD-MOV-103259,5,5,0
103286,STAD-MOV-103286,2,0,0
103299,STAD-MOV-103299,39,25,0
103303,STAD-MOV-103303,2,1,0
103308,STAD-MOV-103308,5,0,0
103315,STAD-MOV-103315,62,54,0
103322,STAD-MOV-103322,1,0,0
103328,STAD-MOV-103328,2,0,0
103339,STAD-MOV-103339,283,280,1
103361,STAD-MOV-103361,2,2,0
103363,STAD-MOV-103363,5,2,0
103366,STAD-MOV-103366,63,62,0
103370,STAD-MOV-103370,1,0,0
103382,STAD-MOV-103382,3,1,0
103386,STAD-MOV-103386,10,3,0
103406,STAD-MOV-103406,1,0,0
103411,STAD-MOV-103411,2,2,0
103420,STAD-MOV-103420,1,1,0
103424,STAD-MOV-103424,1,1,0
103437,STAD-MOV-103437,5,2,0
103449,STAD-MOV-103449,19,17,0
103460,STAD-MOV-103460,2,2,0
103465,STAD-MOV-103465,7,4,0
103483,STAD-MOV-103483,49,42,0
103489,STAD-MOV-103489,2,1,0
103500,STAD-MOV-103500,1,0,0
103502,STAD-MOV-103502,3,2,0
103506,STAD-MOV-103506,6,4,0
103515,STAD-MOV-103515,2,2,0
103519,STAD-MOV-103519,1,0,0
103536,STAD-MOV-103536,2,1,0
103545,STAD-MOV-103545,2,0,0
103547,STAD-MOV-103547,5,3,0
103554,STAD-MOV-103554,52,35,0
103557,STAD-MOV-103557,1,0,0
103559,STAD-MOV-103559,1,1,0
103563,STAD-MOV-103563,1,0,0
103572,STAD-MOV-103572,10,2,0
103576,STAD-MOV-103576,2,0,0
103600,STAD-MOV-103600,1,0,0
103602,STAD-MOV-103602,8,0,0
103609,STAD-MOV-103609,5,3,0
103611,STAD-MOV-103611,2,0,0
103614,STAD-MOV-103614,1,0,0
103621,STAD-MOV-103621,33,13,0
103626,STAD-MOV-103626,2,0,0
103629,STAD-MOV-103629,1,0,0
103633,STAD-MOV-103633,1,0,0
103641,STAD-MOV-103641,0,0,0
103651,STAD-MOV-103651,10,6,0
103657,STAD-MOV-103657,5,3,0
103661,STAD-MOV-103661,7,3,0
103663,STAD-MOV-103663,1,0,0
103669,STAD-MOV-103669,30,26,0
103671,STAD-MOV-103671,2,1,0
103673,STAD-MOV-103673,1,0,0
103683,STAD-MOV-103683,2,0,0
103685,STAD-MOV-103685,28,13,0
103695,STAD-MOV-103695,1,0,0
103723,STAD-MOV-103723,20,17,0
103736,STAD-MOV-103736,20,5,0
103751,STAD-MOV-103751,9,0,0
103790,STAD-MOV-103790,1,0,0
103810,STAD-MOV-103810,294,286,1
103819,STAD-MOV-103819,17,4,0
103821,STAD-MOV-103821,4,3,0
103825,STAD-MOV-103825,9,7,0
103827,STAD-MOV-103827,2,0,0
103831,STAD-MOV-103831,1,0,0
103834,STAD-MOV-103834,6,2,0
103836,STAD-MOV-103836,2,0,0
103842,STAD-MOV-103842,1,0,0
103846,STAD-MOV-103846,1,0,0
103849,STAD-MOV-103849,22,20,0
103865,STAD-MOV-103865,3,2,0
103867,STAD-MOV-103867,35,25,0
103873,STAD-MOV-103873,2,0,0
103877,STAD-MOV-103877,2,0,0
103881,STAD-MOV-103881,1,1,0
103883,STAD-MOV-103883,228,219,1
103908,STAD-MOV-103908,5,0,0
103972,STAD-MOV-103972,9,6,0
103980,STAD-MOV-103980,552,481,1
103994,STAD-MOV-103994,1,0,0
103996,STAD-MOV-103996,20,15,0
104013,STAD-MOV-104013,2,2,0
104015,STAD-MOV-104015,2,2,0
104028,STAD-MOV-104028,1,0,0
104039,STAD-MOV-104039,1,1,0
104041,STAD-MOV-104041,3,2,0
104059,STAD-MOV-104059,2,1,0
104061,STAD-MOV-104061,1,0,0
104066,STAD-MOV-104066,3,0,0
104072,STAD-MOV-104072,10,5,0
104074,STAD-MOV-104074,123,109,0
104089,STAD-MOV-104089,28,9,0
104091,STAD-MOV-104091,3,0,0
104099,STAD-MOV-104099,6,6,0
104101,STAD-MOV-104101,2,0,0
104135,STAD-MOV-104135,5,0,0
104137,STAD-MOV-104137,40,19,0
104139,STAD-MOV-104139,3,2,0
104141,STAD-MOV-104141,16,14,0
104153,STAD-MOV-104153,3,2,0
104177,STAD-MOV-104177,8,0,0
104213,STAD-MOV-104213,1,0,0
104231,STAD-MOV-104231,27,14,0
104236,STAD-MOV-104236,1,0,0
104239,STAD-MOV-104239,1,0,0
104243,STAD-MOV-104243,307,282,1
104245,STAD-MOV-104245,83,79,0
104274,STAD-MOV-104274,47,40,0
104294,STAD-MOV-104294,2,1,0
104298,STAD-MOV-104298,7,5,0
104307,STAD-MOV-104307,1,0,0
104314,STAD-MOV-104314,4,0,0
104317,STAD-MOV-104317,1,1,0
104319,STAD-MOV-104319,7,1,0
104321,STAD-MOV-104321,13,2,0
104323,STAD-MOV-104323,20,0,0
104337,STAD-MOV-104337,218,201,1
104345,STAD-MOV-104345,1,1,0
104356,STAD-MOV-104356,14,2,0
104361,STAD-MOV-104361,38,33,0
104370,STAD-MOV-104370,1,0,0
104372,STAD-MOV-104372,1,1,0
104388,STAD-MOV-104388,3,1,0
104392,STAD-MOV-104392,4,3,0
104408,STAD-MOV-104408,3,3,0
104412,STAD-MOV-104412,1,0,0
104421,STAD-MOV-104421,7,1,0
104431,STAD-MOV-104431,8,6,0
104441,STAD-MOV-104441,80,73,0
104449,STAD-MOV-104449,1,0,0
104453,STAD-MOV-104453,1,0,0
104472,STAD-MOV-104472,1,1,0
104480,STAD-MOV-104480,1,0,0
104489,STAD-MOV-104489,2,0,0
104498,STAD-MOV-104498,2,0,0
104508,STAD-MOV-104508,2,0,0
104526,STAD-MOV-104526,2,0,0
104540,STAD-MOV-104540,3,2,0
104563,STAD-MOV-104563,4,0,0
104583,STAD-MOV-104583,14,4,0
104588,STAD-MOV-104588,1,0,0
104595,STAD-MOV-104595,3,0,0
104608,STAD-MOV-104608,4,3,0
104610,STAD-MOV-104610,3,2,0
104612,STAD-MOV-104612,2,0,0
104625,STAD-MOV-104625,2,0,0
104636,STAD-MOV-104636,15,6,0
104640,STAD-MOV-104640,1,1,0
104644,STAD-MOV-104644,2,1,0
104662,STAD-MOV-104662,2,2,0
104677,STAD-MOV-104677,3,2,0
104689,STAD-MOV-104689,3,1,0
104693,STAD-MOV-104693,1,0,0
104712,STAD-MOV-104712,31,28,0
104726,STAD-MOV-104726,5,1,0
104728,STAD-MOV-104728,9,9,0
104731,STAD-MOV-104731,2,0,0
104736,STAD-MOV-104736,36,28,0
104743,STAD-MOV-104743,1,1,0
104757,STAD-MOV-104757,10,4,0
104762,STAD-MOV-104762,9,7,0
104767,STAD-MOV-104767,1,0,0
104769,STAD-MOV-104769,1,1,0
104772,STAD-MOV-104772,1,0,0
104774,STAD-MOV-104774,1,1,0
104778,STAD-MOV-104778,2,1,0
104780,STAD-MOV-104780,6,4,0
104795,STAD-MOV-104795,1,0,0
104800,STAD-MOV-104800,1,1,0
104807,STAD-MOV-104807,9,0,0
104817,STAD-MOV-104817,1,0,0
104829,STAD-MOV-104829,6,5,0
104832,STAD-MOV-104832,2,0,0
104841,STAD-MOV-104841,2475,2426,1
104847,STAD-MOV-104847,2,0,0
104865,STAD-MOV-104865,4,0,0
104867,STAD-MOV-104867,3,3,0
104881,STAD-MOV-104881,113,102,0
104903,STAD-MOV-104903,8,6,0
104906,STAD-MOV-104906,49,43,0
104908,STAD-MOV-104908,125,125,0
104913,STAD-MOV-104913,810,795,1
104923,STAD-MOV-104923,8,2,0
104936,STAD-MOV-104936,2,0,0
104944,STAD-MOV-104944,237,193,1
104956,STAD-MOV-104956,1,0,0
104959,STAD-MOV-104959,4,1,0
104961,STAD-MOV-104961,2,0,0
104990,STAD-MOV-104990,4,1,0
105011,STAD-MOV-105011,3,1,0
105017,STAD-MOV-105017,1,0,0
105032,STAD-MOV-105032,2,0,0
105037,STAD-MOV-105037,79,75,0
105049,STAD-MOV-105049,2,1,0
105057,STAD-MOV-105057,2,0,0
105068,STAD-MOV-105068,1,0,0
105071,STAD-MOV-105071,1,0,0
105073,STAD-MOV-105073,2,2,0
105081,STAD-MOV-105081,1,0,0
105084,STAD-MOV-105084,2,0,0
105089,STAD-MOV-105089,6,1,0
105091,STAD-MOV-105091,8,7,0
105098,STAD-MOV-105098,3,1,0
105104,STAD-MOV-105104,1,1,0
105119,STAD-MOV-105119,1,0,0
105121,STAD-MOV-105121,7,2,0
105126,STAD-MOV-105126,18,7,0
105142,STAD-MOV-105142,1,0,0
105147,STAD-MOV-105147,4,1,0
105159,STAD-MOV-105159,16,9,0
105163,STAD-MOV-105163,1,0,0
105176,STAD-MOV-105176,4,1,0
105187,STAD-MOV-105187,1,0,0
105193,STAD-MOV-105193,6,4,0
105195,STAD-MOV-105195,9,5,0
105197,STAD-MOV-105197,370,289,1
105204,STAD-MOV-105204,4,1,0
105206,STAD-MOV-105206,5,2,0
105211,STAD-MOV-105211,201,175,1
105213,STAD-MOV-105213,406,384,1
105215,STAD-MOV-105215,3,0,0
105217,STAD-MOV-105217,9,9,0
105223,STAD-MOV-105223,4,2,0
105227,STAD-MOV-105227,5,2,0
105234,STAD-MOV-105234,2,0,0
105238,STAD-MOV-105238,1,0,0
105242,STAD-MOV-105242,3,0,0
105244,STAD-MOV-105244,3,3,0
105246,STAD-MOV-105246,33,25,0
105271,STAD-MOV-105271,1,1,0
105279,STAD-MOV-105279,0,0,0
105282,STAD-MOV-105282,1,0,0
105290,STAD-MOV-105290,1,0,0
105320,STAD-MOV-105320,1,0,0
105323,STAD-MOV-105323,3,0,0
105328,STAD-MOV-105328,1,0,0
105335,STAD-MOV-105335,1,1,0
105351,STAD-MOV-105351,71,70,0
105366,STAD-MOV-105366,3,2,0
105368,STAD-MOV-105368,4,0,0
105382,STAD-MOV-105382,1,1,0
105386,STAD-MOV-105386,23,22,0
105388,STAD-MOV-105388,2,1,0
105390,STAD-MOV-105390,1,0,0
105412,STAD-MOV-105412,1,0,0
105414,STAD-MOV-105414,2,0,0
105429,STAD-MOV-105429,33,17,0
105435,STAD-MOV-105435,1,1,0
105463,STAD-MOV-105463,1,0,0
105477,STAD-MOV-105477,6,3,0
105490,STAD-MOV-105490,2,0,0
105506,STAD-MOV-105506,2,2,0
105521,STAD-MOV-105521,1,0,0
105526,STAD-MOV-105526,1,0,0
105540,STAD-MOV-105540,1,0,0
105571,STAD-MOV-105571,1,0,0
105575,STAD-MOV-105575,2,0,0
105577,STAD-MOV-105577,2,0,0
105595,STAD-MOV-105595,2,0,0
105597,STAD-MOV-105597,7,6,0
105599,STAD-MOV-105599,2,0,0
105606,STAD-MOV-105606,1,0,0
105608,STAD-MOV-105608,5,0,0
105620,STAD-MOV-105620,14,11,0
105628,STAD-MOV-105628,2,0,0
105630,STAD-MOV-105630,4,2,0
105653,STAD-MOV-105653,255,249,1
105659,STAD-MOV-105659,2,0,0
105665,STAD-MOV-105665,1,0,0
105709,STAD-MOV-105709,2,0,0
105715,STAD-MOV-105715,5,3,0
105720,STAD-MOV-105720,2,1,0
105728,STAD-MOV-105728,2,0,0
105731,STAD-MOV-105731,137,133,0
105742,STAD-MOV-105742,47,38,0
105744,STAD-MOV-105744,3,1,0
105748,STAD-MOV-105748,2,0,0
105755,STAD-MOV-105755,115,112,0
105763,STAD-MOV-105763,3,1,0
105767,STAD-MOV-105767,1,0,0
105772,STAD-MOV-105772,2,2,0
105803,STAD-MOV-105803,1,0,0
105805,STAD-MOV-105805,2,0,0
105819,STAD-MOV-105819,2,2,0
105821,STAD-MOV-105821,2,0,0
105831,STAD-MOV-105831,1,0,0
105833,STAD-MOV-105833,2,1,0
105837,STAD-MOV-105837,5,4,0
105841,STAD-MOV-105841,1,0,0
105846,STAD-MOV-105846,1,0,0
105849,STAD-MOV-105849,3,3,0
105855,STAD-MOV-105855,5,3,0
105863,STAD-MOV-105863,10,5,0
105869,STAD-MOV-105869,56,42,0
105888,STAD-MOV-105888,2,1,0
105890,STAD-MOV-105890,1,1,0
105892,STAD-MOV-105892,3,0,0
105901,STAD-MOV-105901,3,2,0
105915,STAD-MOV-105915,1,1,0
105928,STAD-MOV-105928,5,1,0
105943,STAD-MOV-105943,14,5,0
105945,STAD-MOV-105945,6,0,0
105948,STAD-MOV-105948,3,0,0
105950,STAD-MOV-105950,2,0,0
105952,STAD-MOV-105952,7,1,0
105954,STAD-MOV-105954,193,157,1
105959,STAD-MOV-105959,1,0,0
105961,STAD-MOV-105961,0,0,0
105965,STAD-MOV-105965,5,3,0
105974,STAD-MOV-105974,2,1,0
105978,STAD-MOV-105978,1,0,0
105980,STAD-MOV-105980,3,1,0
105985,STAD-MOV-105985,1,0,0
106002,STAD-MOV-106002,662,641,1
106004,STAD-MOV-106004,1,0,0
106011,STAD-MOV-106011,32,12,0
106024,STAD-MOV-106024,1,1,0
106032,STAD-MOV-106032,1,0,0
106052,STAD-MOV-106052,2,0,0
106054,STAD-MOV-106054,3,0,0
106057,STAD-MOV-106057,1,0,0
106062,STAD-MOV-106062,128,104,0
106072,STAD-MOV-106072,886,882,1
106074,STAD-MOV-106074,2,1,0
106076,STAD-MOV-106076,1,0,0
106078,STAD-MOV-106078,1,1,0
106098,STAD-MOV-106098,1,0,0
106102,STAD-MOV-106102,19,16,0
106113,STAD-MOV-106113,1,0,0
106156,STAD-MOV-106156,8,4,0
106158,STAD-MOV-106158,1,1,0
106163,STAD-MOV-106163,25,18,0
106165,STAD-MOV-106165,13,8,0
106168,STAD-MOV-106168,2,2,0
106170,STAD-MOV-106170,1,0,0
106173,STAD-MOV-106173,4,2,0
106190,STAD-MOV-106190,1,0,0
106200,STAD-MOV-106200,17,10,0
106222,STAD-MOV-106222,12,6,0
106226,STAD-MOV-106226,2,0,0
106228,STAD-MOV-106228,1,0,0
106238,STAD-MOV-106238,2,1,0
106240,STAD-MOV-106240,35,35,0
106270,STAD-MOV-106270,1,0,0
106275,STAD-MOV-106275,1,1,0
106297,STAD-MOV-106297,2,0,0
106300,STAD-MOV-106300,2,0,0
106334,STAD-MOV-106334,11,6,0
106344,STAD-MOV-106344,9,0,0
106353,STAD-MOV-106353,3,0,0
106355,STAD-MOV-106355,2,1,0
106365,STAD-MOV-106365,5,2,0
106369,STAD-MOV-106369,3,1,0
106376,STAD-MOV-106376,2,2,0
106387,STAD-MOV-106387,1,1,0
106391,STAD-MOV-106391,2,1,0
106405,STAD-MOV-106405,4,0,0
106407,STAD-MOV-106407,8,5,0
106431,STAD-MOV-106431,3,0,0
106436,STAD-MOV-106436,1,0,0
106441,STAD-MOV-106441,207,203,1
106460,STAD-MOV-106460,1,0,0
106471,STAD-MOV-106471,13,10,0
106475,STAD-MOV-106475,1,0,0
106485,STAD-MOV-106485,3,0,0
106489,STAD-MOV-106489,1645,1633,1
106498,STAD-MOV-106498,3,1,0
106503,STAD-MOV-106503,18,2,0
106508,STAD-MOV-106508,20,19,0
106510,STAD-MOV-106510,7,3,0
106559,STAD-MOV-106559,4,3,0
106565,STAD-MOV-106565,1,0,0
106581,STAD-MOV-106581,1,0,0
106592,STAD-MOV-106592,2,0,0
106599,STAD-MOV-106599,2,1,0
106607,STAD-MOV-106607,1,1,0
106611,STAD-MOV-106611,1,0,0
106616,STAD-MOV-106616,1,1,0
106620,STAD-MOV-106620,2,1,0
106634,STAD-MOV-106634,2,1,0
106642,STAD-MOV-106642,417,184,1
106686,STAD-MOV-106686,1,0,0
106688,STAD-MOV-106688,4,2,0
106700,STAD-MOV-106700,3,1,0
106702,STAD-MOV-106702,1,0,0
106704,STAD-MOV-106704,1,0,0
106722,STAD-MOV-106722,3,0,0
106753,STAD-MOV-106753,1,0,0
106785,STAD-MOV-106785,93,92,0
106820,STAD-MOV-106820,1,0,0
106832,STAD-MOV-106832,2,0,0
106850,STAD-MOV-106850,7,6,0
106852,STAD-MOV-106852,7,1,0
106861,STAD-MOV-106861,8,1,0
106863,STAD-MOV-106863,6,0,0
106870,STAD-MOV-106870,14,11,0
106877,STAD-MOV-106877,2,0,0
106887,STAD-MOV-106887,2,1,0
106897,STAD-MOV-106897,3,0,0
106906,STAD-MOV-106906,5,3,0
106920,STAD-MOV-106920,1800,1764,1
106924,STAD-MOV-106924,6,2,0
106967,STAD-MOV-106967,1,1,0
106972,STAD-MOV-106972,2,0,0
106981,STAD-MOV-106981,2,0,0
106983,STAD-MOV-106983,37,7,0
106988,STAD-MOV-106988,1,0,0
106994,STAD-MOV-106994,1,0,0
106998,STAD-MOV-106998,2,0,0
107011,STAD-MOV-107011,1,0,0
107017,STAD-MOV-107017,18,14,0
107022,STAD-MOV-107022,4,0,0
107032,STAD-MOV-107032,1,1,0
107039,STAD-MOV-107039,1,1,0
107050,STAD-MOV-107050,1,0,0
107052,STAD-MOV-107052,17,2,0
107065,STAD-MOV-107065,1,0,0
107069,STAD-MOV-107069,320,318,1
107075,STAD-MOV-107075,2,1,0
107079,STAD-MOV-107079,2,0,0
107081,STAD-MOV-107081,7,1,0
107083,STAD-MOV-107083,8,5,0
107096,STAD-MOV-107096,1,0,0
107102,STAD-MOV-107102,2,0,0
107115,STAD-MOV-107115,3,2,0
107130,STAD-MOV-107130,15,10,0
107145,STAD-MOV-107145,3,0,0
107172,STAD-MOV-107172,1,0,0
107174,STAD-MOV-107174,1,1,0
107194,STAD-MOV-107194,1,0,0
107196,STAD-MOV-107196,25,6,0
107199,STAD-MOV-107199,1,1,0
107209,STAD-MOV-107209,3,3,0
107226,STAD-MOV-107226,0,0,0
107230,STAD-MOV-107230,2,1,0
107234,STAD-MOV-107234,1,1,0
107236,STAD-MOV-107236,1,0,0
107241,STAD-MOV-107241,1,0,0
107252,STAD-MOV-107252,1,0,0
107262,STAD-MOV-107262,3,1,0
107270,STAD-MOV-107270,1,0,0
107274,STAD-MOV-107274,4,2,0
107278,STAD-MOV-107278,2,0,0
107297,STAD-MOV-107297,3,1,0
107304,STAD-MOV-107304,7,5,0
107309,STAD-MOV-107309,6,3,0
107312,STAD-MOV-107312,11,10,0
107316,STAD-MOV-107316,1,0,0
107334,STAD-MOV-107334,6,6,0
107338,STAD-MOV-107338,2,1,0
107352,STAD-MOV-107352,5,3,0
107361,STAD-MOV-107361,4,1,0
107370,STAD-MOV-107370,1,1,0
107382,STAD-MOV-107382,3,2,0
107402,STAD-MOV-107402,2,0,0
107408,STAD-MOV-107408,3,1,0
107410,STAD-MOV-107410,15,4,0
107422,STAD-MOV-107422,1,0,0
107434,STAD-MOV-107434,1,0,0
107447,STAD-MOV-107447,11,6,0
107458,STAD-MOV-107458,1,0,0
107460,STAD-MOV-107460,2,1,0
107484,STAD-MOV-107484,2,2,0
107499,STAD-MOV-107499,1,0,0
107503,STAD-MOV-107503,2,1,0
107537,STAD-MOV-107537,7,7,0
107541,STAD-MOV-107541,14,11,0
107555,STAD-MOV-107555,5,0,0
107557,STAD-MOV-107557,6,6,0
107567,STAD-MOV-107567,1,0,0
107581,STAD-MOV-107581,1,0,0
107595,STAD-MOV-107595,1,0,0
107603,STAD-MOV-107603,2,0,0
107610,STAD-MOV-107610,2,0,0
107612,STAD-MOV-107612,2,0,0
107617,STAD-MOV-107617,2,1,0
107619,STAD-MOV-107619,2,1,0
107621,STAD-MOV-107621,1,0,0
107643,STAD-MOV-107643,2,0,0
107645,STAD-MOV-107645,1,0,0
107647,STAD-MOV-107647,2,1,0
107664,STAD-MOV-107664,2,0,0
107675,STAD-MOV-107675,7,5,0
107677,STAD-MOV-107677,9,0,0
107690,STAD-MOV-107690,1,0,0
107698,STAD-MOV-107698,1,0,0
107702,STAD-MOV-107702,44,39,0
107704,STAD-MOV-107704,11,7,0
107710,STAD-MOV-107710,6,5,0
107716,STAD-MOV-107716,3,2,0
107723,STAD-MOV-107723,6,4,0
107725,STAD-MOV-107725,6,2,0
107732,STAD-MOV-107732,2,0,0
107740,STAD-MOV-107740,4,0,0
107752,STAD-MOV-107752,1,0,0
107754,STAD-MOV-107754,1,0,0
107767,STAD-MOV-107767,2,0,0
107778,STAD-MOV-107778,1,1,0
107827,STAD-MOV-107827,2,1,0
107842,STAD-MOV-107842,1,0,0
107846,STAD-MOV-107846,4,0,0
107848,STAD-MOV-107848,3,0,0
107851,STAD-MOV-107851,1,0,0
107853,STAD-MOV-107853,1,0,0
107855,STAD-MOV-107855,1,0,0
107858,STAD-MOV-107858,2,2,0
107877,STAD-MOV-107877,3,2,0
107879,STAD-MOV-107879,2,1,0
107883,STAD-MOV-107883,72,61,0
107906,STAD-MOV-107906,1,0,0
107916,STAD-MOV-107916,17,9,0
107928,STAD-MOV-107928,2,1,0
107953,STAD-MOV-107953,19,19,0
107955,STAD-MOV-107955,1,1,0
107958,STAD-MOV-107958,5,4,0
107964,STAD-MOV-107964,1,0,0
107966,STAD-MOV-107966,1,0,0
107972,STAD-MOV-107972,1,0,0
107980,STAD-MOV-107980,67,57,0
107982,STAD-MOV-107982,4,0,0
107984,STAD-MOV-107984,1,1,0
107987,STAD-MOV-107987,13,8,0
107999,STAD-MOV-107999,3,1,0
108001,STAD-MOV-108001,1,0,0
108003,STAD-MOV-108003,3,2,0
108007,STAD-MOV-108007,1,0,0
108014,STAD-MOV-108014,2,1,0
108041,STAD-MOV-108041,14,8,0
108052,STAD-MOV-108052,1,0,0
108063,STAD-MOV-108063,3,0,0
108070,STAD-MOV-108070,1,0,0
108076,STAD-MOV-108076,1,0,0
108092,STAD-MOV-108092,1,1,0
108095,STAD-MOV-108095,5,1,0
108132,STAD-MOV-108132,3,2,0
108136,STAD-MOV-108136,1,0,0
108146,STAD-MOV-108146,3,0,0
108153,STAD-MOV-108153,3,0,0
108190,STAD-MOV-108190,623,614,1
108192,STAD-MOV-108192,50,32,0
108194,STAD-MOV-108194,2,0,0
108216,STAD-MOV-108216,5,1,0
108237,STAD-MOV-108237,2,2,0
108246,STAD-MOV-108246,4,2,0
108253,STAD-MOV-108253,1,1,0
108255,STAD-MOV-108255,5,4,0
108265,STAD-MOV-108265,1,1,0
108282,STAD-MOV-108282,4,3,0
108316,STAD-MOV-108316,1,0,0
108360,STAD-MOV-108360,2,0,0
108370,STAD-MOV-108370,1,0,0
108395,STAD-MOV-108395,1,1,0
108401,STAD-MOV-108401,2,2,0
108403,STAD-MOV-108403,1,0,0
108407,STAD-MOV-108407,1,0,0
108410,STAD-MOV-108410,3,1,0
108422,STAD-MOV-108422,0,0,0
108425,STAD-MOV-108425,1,0,0
108466,STAD-MOV-108466,1,1,0
108468,STAD-MOV-108468,2,2,0
108476,STAD-MOV-108476,3,0,0
108479,STAD-MOV-108479,1,0,0
108499,STAD-MOV-108499,3,1,0
108506,STAD-MOV-108506,8,2,0
108512,STAD-MOV-108512,3,0,0
108516,STAD-MOV-108516,3,0,0
108522,STAD-MOV-108522,3,2,0
108529,STAD-MOV-108529,3,1,0
108531,STAD-MOV-108531,2,1,0
108534,STAD-MOV-108534,4,1,0
108538,STAD-MOV-108538,1,1,0
108540,STAD-MOV-108540,39,35,0
108542,STAD-MOV-108542,1,1,0
108548,STAD-MOV-108548,83,41,0
108564,STAD-MOV-108564,3,0,0
108566,STAD-MOV-108566,6,3,0
108588,STAD-MOV-108588,1,0,0
108595,STAD-MOV-108595,1,0,0
108597,STAD-MOV-108597,1,1,0
108599,STAD-MOV-108599,5,3,0
108649,STAD-MOV-108649,1,0,0
108656,STAD-MOV-108656,2,2,0
108660,STAD-MOV-108660,12,0,0
108663,STAD-MOV-108663,3,2,0
108667,STAD-MOV-108667,1,0,0
108674,STAD-MOV-108674,1,0,0
108687,STAD-MOV-108687,1,0,0
108694,STAD-MOV-108694,1,0,0
108709,STAD-MOV-108709,52,22,0
108711,STAD-MOV-108711,3,0,0
108713,STAD-MOV-108713,3,2,0
108719,STAD-MOV-108719,3,0,0
108752,STAD-MOV-108752,3,2,0
108756,STAD-MOV-108756,1,0,0
108760,STAD-MOV-108760,19,14,0
108764,STAD-MOV-108764,4,0,0
108768,STAD-MOV-108768,4,1,0
108770,STAD-MOV-108770,1,1,0
108773,STAD-MOV-108773,3,2,0
108791,STAD-MOV-108791,7,3,0
108797,STAD-MOV-108797,12,8,0
108811,STAD-MOV-108811,3,3,0
108819,STAD-MOV-108819,1,1,0
108825,STAD-MOV-108825,23,17,0
108846,STAD-MOV-108846,0,0,0
108852,STAD-MOV-108852,2,0,0
108857,STAD-MOV-108857,1,1,0
108864,STAD-MOV-108864,9,7,0
108875,STAD-MOV-108875,4,1,0
108879,STAD-MOV-108879,3,2,0
108891,STAD-MOV-108891,3,0,0
108899,STAD-MOV-108899,28,9,0
108901,STAD-MOV-108901,3,3,0
108924,STAD-MOV-108924,1,0,0
108938,STAD-MOV-108938,4,0,0
108940,STAD-MOV-108940,6,0,0
108942,STAD-MOV-108942,1,0,0
108945,STAD-MOV-108945,370,357,1
108947,STAD-MOV-108947,2,2,0
108949,STAD-MOV-108949,47,42,0
108951,STAD-MOV-108951,1,0,0
108953,STAD-MOV-108953,4,0,0
108968,STAD-MOV-108968,2,1,0
108977,STAD-MOV-108977,26,11,0
109006,STAD-MOV-109006,1,0,0
109008,STAD-MOV-109008,2,1,0
109019,STAD-MOV-109019,1,1,0
109021,STAD-MOV-109021,0,0,0
109030,STAD-MOV-109030,1,0,0
109034,STAD-MOV-109034,2,0,0
109060,STAD-MOV-109060,1,0,0
109066,STAD-MOV-109066,2,1,0
109069,STAD-MOV-109069,1,0,0
109072,STAD-MOV-109072,49,43,0
109076,STAD-MOV-109076,2,0,0
109102,STAD-MOV-109102,1,1,0
109151,STAD-MOV-109151,5,1,0
109153,STAD-MOV-109153,3,2,0
109157,STAD-MOV-109157,39,34,0
109177,STAD-MOV-109177,1,1,0
109179,STAD-MOV-109179,1,0,0
109185,STAD-MOV-109185,2,2,0
109189,STAD-MOV-109189,16,16,0
109191,STAD-MOV-109191,56,51,0
109193,STAD-MOV-109193,2,2,0
109195,STAD-MOV-109195,3,0,0
109199,STAD-MOV-109199,9,5,0
109203,STAD-MOV-109203,2,2,0
109207,STAD-MOV-109207,1,1,0
109235,STAD-MOV-109235,1,0,0
109237,STAD-MOV-109237,2,0,0
109280,STAD-MOV-109280,14,3,0
109282,STAD-MOV-109282,4,0,0
109287,STAD-MOV-109287,0,0,0
109313,STAD-MOV-109313,4,1,0
109315,STAD-MOV-109315,2,0,0
109325,STAD-MOV-109325,1,1,0
109351,STAD-MOV-109351,2,1,0
109364,STAD-MOV-109364,8,7,0
109368,STAD-MOV-109368,5,1,0
109370,STAD-MOV-109370,2,0,0
109379,STAD-MOV-109379,3,3,0
109385,STAD-MOV-109385,3,1,0
109392,STAD-MOV-109392,0,0,0
109397,STAD-MOV-109397,3,2,0
109399,STAD-MOV-109399,4,0,0
109420,STAD-MOV-109420,20,15,0
109423,STAD-MOV-109423,15,10,0
109425,STAD-MOV-109425,12,7,0
109430,STAD-MOV-109430,2,0,0
109434,STAD-MOV-109434,1,0,0
109441,STAD-MOV-109441,1,0,0
109444,STAD-MOV-109444,1,0,0
109452,STAD-MOV-109452,19,0,0
109461,STAD-MOV-109461,8,5,0
109463,STAD-MOV-109463,4,2,0
109474,STAD-MOV-109474,1,0,0
109479,STAD-MOV-109479,1,0,0
109487,STAD-MOV-109487,1739,1739,1
109489,STAD-MOV-109489,2,1,0
109516,STAD-MOV-109516,3,3,0
109529,STAD-MOV-109529,2,0,0
109533,STAD-MOV-109533,2,1,0
109542,STAD-MOV-109542,5,1,0
109563,STAD-MOV-109563,3,3,0
109565,STAD-MOV-109565,1,0,0
109571,STAD-MOV-109571,1,0,0
109573,STAD-MOV-109573,2,1,0
109592,STAD-MOV-109592,3,3,0
109594,STAD-MOV-109594,3,0,0
109602,STAD-MOV-109602,1,0,0
109613,STAD-MOV-109613,1,0,0
109621,STAD-MOV-109621,5,2,0
109633,STAD-MOV-109633,15,15,0
109647,STAD-MOV-109647,0,0,0
109649,STAD-MOV-109649,2,2,0
109665,STAD-MOV-109665,1,0,0
109667,STAD-MOV-109667,1,0,0
109671,STAD-MOV-109671,2,1,0
109682,STAD-MOV-109682,1,0,0
109687,STAD-MOV-109687,21,2,0
109704,STAD-MOV-109704,1,0,0
109715,STAD-MOV-109715,1,0,0
109718,STAD-MOV-109718,3,1,0
109720,STAD-MOV-109720,18,10,0
109728,STAD-MOV-109728,2,0,0
109764,STAD-MOV-109764,1,0,0
109767,STAD-MOV-109767,0,0,0
109771,STAD-MOV-109771,1,1,0
109779,STAD-MOV-109779,1,0,0
109781,STAD-MOV-109781,7,5,0
109788,STAD-MOV-109788,10,8,0
109790,STAD-MOV-109790,1,1,0
109812,STAD-MOV-109812,1,1,0
109833,STAD-MOV-109833,2,1,0
109839,STAD-MOV-109839,1,1,0
109846,STAD-MOV-109846,91,85,0
109858,STAD-MOV-109858,3,0,0
109877,STAD-MOV-109877,1,0,0
109887,STAD-MOV-109887,1,1,0
109891,STAD-MOV-109891,1,0,0
109895,STAD-MOV-109895,124,99,0
109897,STAD-MOV-109897,6,5,0
109904,STAD-MOV-109904,1,0,0
109923,STAD-MOV-109923,3,1,0
109925,STAD-MOV-109925,8,0,0
109929,STAD-MOV-109929,2,0,0
109935,STAD-MOV-109935,5,2,0
109939,STAD-MOV-109939,3,3,0
109951,STAD-MOV-109951,3,1,0
109953,STAD-MOV-109953,6,1,0
109968,STAD-MOV-109968,13,4,0
109971,STAD-MOV-109971,13,7,0
109987,STAD-MOV-109987,1,1,0
109991,STAD-MOV-109991,3,0,0
109993,STAD-MOV-109993,4,2,0
110030,STAD-MOV-110030,3,2,0
110034,STAD-MOV-110034,1,1,0
110036,STAD-MOV-110036,0,0,0
110039,STAD-MOV-110039,19,10,0
110048,STAD-MOV-110048,2,1,0
110052,STAD-MOV-110052,1,0,0
110058,STAD-MOV-110058,4,1,0
110061,STAD-MOV-110061,1,1,0
110063,STAD-MOV-110063,1,1,0
110090,STAD-MOV-110090,1,1,0
110097,STAD-MOV-110097,1,1,0
110102,STAD-MOV-110102,1261,1251,1
110104,STAD-MOV-110104,3,2,0
110106,STAD-MOV-110106,5,5,0
110114,STAD-MOV-110114,1,0,0
110116,STAD-MOV-110116,2,1,0
110123,STAD-MOV-110123,2,0,0
110127,STAD-MOV-110127,351,341,1
110130,STAD-MOV-110130,26,25,0
110140,STAD-MOV-110140,1,0,0
110167,STAD-MOV-110167,1,0,0
110169,STAD-MOV-110169,3,2,0
110173,STAD-MOV-110173,2,2,0
110181,STAD-MOV-110181,6,4,0
110219,STAD-MOV-110219,2,1,0
110225,STAD-MOV-110225,3,2,0
110242,STAD-MOV-110242,0,0,0
110255,STAD-MOV-110255,2,0,0
110267,STAD-MOV-110267,2,0,0
110269,STAD-MOV-110269,3,0,0
110281,STAD-MOV-110281,2,2,0
110284,STAD-MOV-110284,1,0,0
110293,STAD-MOV-110293,1,1,0
110295,STAD-MOV-110295,38,33,0
110312,STAD-MOV-110312,10,0,0
110316,STAD-MOV-110316,1,1,0
110324,STAD-MOV-110324,4,2,0
110337,STAD-MOV-110337,7,4,0
110348,STAD-MOV-110348,13,4,0
110350,STAD-MOV-110350,10,3,0
110354,STAD-MOV-110354,0,0,0
110368,STAD-MOV-110368,0,0,0
110375,STAD-MOV-110375,1,1,0
110380,STAD-MOV-110380,16,5,0
110387,STAD-MOV-110387,21,2,0
110399,STAD-MOV-110399,0,0,0
110405,STAD-MOV-110405,1,1,0
110415,STAD-MOV-110415,4,0,0
110426,STAD-MOV-110426,8,7,0
110431,STAD-MOV-110431,2,1,0
110447,STAD-MOV-110447,1,1,0
110449,STAD-MOV-110449,1,0,0
110451,STAD-MOV-110451,16,13,0
110453,STAD-MOV-110453,69,60,0
110461,STAD-MOV-110461,32,12,0
110484,STAD-MOV-110484,6,2,0
110493,STAD-MOV-110493,0,0,0
110501,STAD-MOV-110501,215,203,1
110510,STAD-MOV-110510,1,0,0
110515,STAD-MOV-110515,2,2,0
110535,STAD-MOV-110535,1,1,0
110537,STAD-MOV-110537,2,1,0
110551,STAD-MOV-110551,1,0,0
110555,STAD-MOV-110555,1,1,0
110557,STAD-MOV-110557,3,0,0
110562,STAD-MOV-110562,1,0,0
110564,STAD-MOV-110564,1,0,0
110580,STAD-MOV-110580,2,2,0
110597,STAD-MOV-110597,6,6,0
110607,STAD-MOV-110607,4,2,0
110633,STAD-MOV-110633,3,0,0
110637,STAD-MOV-110637,2,1,0
110639,STAD-MOV-110639,7,7,0
110653,STAD-MOV-110653,1,0,0
110655,STAD-MOV-110655,68,66,0
110669,STAD-MOV-110669,5,0,0
110678,STAD-MOV-110678,14,9,0
110686,STAD-MOV-110686,1,0,0
110730,STAD-MOV-110730,370,349,1
110739,STAD-MOV-110739,1,1,0
110744,STAD-MOV-110744,1,0,0
110748,STAD-MOV-110748,6,6,0
110750,STAD-MOV-110750,21,18,0
110752,STAD-MOV-110752,3,1,0
110763,STAD-MOV-110763,1,0,0
110765,STAD-MOV-110765,4,2,0
110779,STAD-MOV-110779,1,0,0
110796,STAD-MOV-110796,29,9,0
110798,STAD-MOV-110798,1,0,0
110813,STAD-MOV-110813,6,4,0
110818,STAD-MOV-110818,1,1,0
110828,STAD-MOV-110828,18,13,0
110850,STAD-MOV-110850,2,1,0
110860,STAD-MOV-110860,3,3,0
110867,STAD-MOV-110867,2,2,0
110871,STAD-MOV-110871,16,1,0
110873,STAD-MOV-110873,31,27,0
110880,STAD-MOV-110880,1,0,0
110889,STAD-MOV-110889,1,1,0
110892,STAD-MOV-110892,3,0,0
110895,STAD-MOV-110895,2,2,0
110897,STAD-MOV-110897,4,1,0
110899,STAD-MOV-110899,17,16,0
110916,STAD-MOV-110916,0,0,0
110973,STAD-MOV-110973,0,0,0
110975,STAD-MOV-110975,4,1,0
110982,STAD-MOV-110982,1,1,0
111036,STAD-MOV-111036,1,0,0
111038,STAD-MOV-111038,1,0,0
111046,STAD-MOV-111046,1,0,0
111109,STAD-MOV-111109,4,2,0
111124,STAD-MOV-111124,1,0,0
111128,STAD-MOV-111128,1,0,0
111144,STAD-MOV-111144,1,0,0
111146,STAD-MOV-111146,1,0,0
111228,STAD-MOV-111228,2,0,0
111230,STAD-MOV-111230,1,0,0
111235,STAD-MOV-111235,87,54,0
111249,STAD-MOV-111249,58,48,0
111251,STAD-MOV-111251,42,34,0
111259,STAD-MOV-111259,14,11,0
111283,STAD-MOV-111283,4,2,0
111312,STAD-MOV-111312,1,1,0
111314,STAD-MOV-111314,7,6,0
111316,STAD-MOV-111316,1,0,0
111318,STAD-MOV-111318,0,0,0
111345,STAD-MOV-111345,1,0,0
111360,STAD-MOV-111360,544,535,1
111375,STAD-MOV-111375,44,41,0
111377,STAD-MOV-111377,3,2,0
111384,STAD-MOV-111384,102,68,0
111387,STAD-MOV-111387,28,24,0
111409,STAD-MOV-111409,3,2,0
111436,STAD-MOV-111436,19,1,0
111445,STAD-MOV-111445,2,1,0
111449,STAD-MOV-111449,3,0,0
111460,STAD-MOV-111460,12,6,0
111468,STAD-MOV-111468,3,0,0
111486,STAD-MOV-111486,4,2,0
111509,STAD-MOV-111509,2,1,0
111515,STAD-MOV-111515,2,0,0
111517,STAD-MOV-111517,2,0,0
111519,STAD-MOV-111519,0,0,0
111529,STAD-MOV-111529,40,31,0
111542,STAD-MOV-111542,1,0,0
111548,STAD-MOV-111548,1,0,0
111592,STAD-MOV-111592,5,1,0
111601,STAD-MOV-111601,1,0,0
111614,STAD-MOV-111614,1,0,0
111617,STAD-MOV-111617,76,72,0
111622,STAD-MOV-111622,220,207,1
111624,STAD-MOV-111624,3,1,0
111626,STAD-MOV-111626,6,0,0
111630,STAD-MOV-111630,12,9,0
111640,STAD-MOV-111640,1,1,0
111659,STAD-MOV-111659,489,480,1
111663,STAD-MOV-111663,9,7,0
111700,STAD-MOV-111700,1,1,0
111702,STAD-MOV-111702,1,0,0
111716,STAD-MOV-111716,1,1,0
111726,STAD-MOV-111726,3,3,0
111743,STAD-MOV-111743,197,194,1
111745,STAD-MOV-111745,4,1,0
111752,STAD-MOV-111752,1,1,0
111774,STAD-MOV-111774,1,0,0
111776,STAD-MOV-111776,4,3,0
111785,STAD-MOV-111785,1,0,0
111787,STAD-MOV-111787,1,0,0
111846,STAD-MOV-111846,1,0,0
111852,STAD-MOV-111852,8,2,0
111878,STAD-MOV-111878,3,1,0
111885,STAD-MOV-111885,1,0,0
111944,STAD-MOV-111944,1,0,0
111946,STAD-MOV-111946,0,0,0
111961,STAD-MOV-111961,5,2,0
111995,STAD-MOV-111995,2,1,0
111997,STAD-MOV-111997,0,0,0
112006,STAD-MOV-112006,51,44,0
112013,STAD-MOV-112013,1,0,0
112019,STAD-MOV-112019,2,1,0
112060,STAD-MOV-112060,4,0,0
112062,STAD-MOV-112062,2,0,0
112070,STAD-MOV-112070,38,36,0
112072,STAD-MOV-112072,1,0,0
112078,STAD-MOV-112078,2,1,0
112085,STAD-MOV-112085,9,5,0
112118,STAD-MOV-112118,1,0,0
112138,STAD-MOV-112138,536,526,1
112175,STAD-MOV-112175,678,674,1
112177,STAD-MOV-112177,1,0,0
112181,STAD-MOV-112181,1,0,0
112183,STAD-MOV-112183,840,837,1
112204,STAD-MOV-112204,1,0,0
112226,STAD-MOV-112226,6,2,0
112240,STAD-MOV-112240,1,0,0
112249,STAD-MOV-112249,1,0,0
112253,STAD-MOV-112253,1,1,0
112273,STAD-MOV-112273,1,1,0
112279,STAD-MOV-112279,6,4,0
112281,STAD-MOV-112281,4,3,0
112283,STAD-MOV-112283,6,6,0
112293,STAD-MOV-112293,6,5,0
112303,STAD-MOV-112303,13,12,0
112320,STAD-MOV-112320,4,0,0
112328,STAD-MOV-112328,1,1,0
112334,STAD-MOV-112334,47,41,0
112338,STAD-MOV-112338,5,1,0
112342,STAD-MOV-112342,2,0,0
112353,STAD-MOV-112353,0,0,0
112359,STAD-MOV-112359,4,2,0
112383,STAD-MOV-112383,1,0,0
112395,STAD-MOV-112395,1,0,0
112406,STAD-MOV-112406,3,2,0
112412,STAD-MOV-112412,3,2,0
112419,STAD-MOV-112419,0,0,0
112421,STAD-MOV-112421,86,65,0
112434,STAD-MOV-112434,3,0,0
112444,STAD-MOV-112444,2,1,0
112448,STAD-MOV-112448,1,0,0
112450,STAD-MOV-112450,42,39,0
112454,STAD-MOV-112454,5,1,0
112458,STAD-MOV-112458,1,1,0
112471,STAD-MOV-112471,1,0,0
112481,STAD-MOV-112481,6,4,0
112483,STAD-MOV-112483,2,1,0
112488,STAD-MOV-112488,7,1,0
112493,STAD-MOV-112493,2,1,0
112497,STAD-MOV-112497,36,26,0
112506,STAD-MOV-112506,4,1,0
112512,STAD-MOV-112512,8,6,0
112538,STAD-MOV-112538,1,1,0
112546,STAD-MOV-112546,0,0,0
112548,STAD-MOV-112548,1,0,0
112577,STAD-MOV-112577,2,1,0
112582,STAD-MOV-112582,61,38,0
112586,STAD-MOV-112586,2,0,0
112594,STAD-MOV-112594,2,1,0
112606,STAD-MOV-112606,1,0,0
112610,STAD-MOV-112610,1,0,0
112621,STAD-MOV-112621,1,0,0
112623,STAD-MOV-112623,759,756,1
112625,STAD-MOV-112625,4,0,0
112637,STAD-MOV-112637,1,1,0
112640,STAD-MOV-112640,3,2,0
112650,STAD-MOV-112650,2,0,0
112653,STAD-MOV-112653,10,5,0
112672,STAD-MOV-112672,1,1,0
112693,STAD-MOV-112693,2,1,0
112729,STAD-MOV-112729,2,2,0
112735,STAD-MOV-112735,3,1,0
112741,STAD-MOV-112741,2,2,0
112751,STAD-MOV-112751,0,0,0
112759,STAD-MOV-112759,1,0,0
112764,STAD-MOV-112764,1,1,0
112772,STAD-MOV-112772,3,0,0
112776,STAD-MOV-112776,2,0,0
112792,STAD-MOV-112792,1,1,0
112800,STAD-MOV-112800,2,0,0
112807,STAD-MOV-112807,5,2,0
112818,STAD-MOV-112818,82,81,0
112850,STAD-MOV-112850,13,9,0
112856,STAD-MOV-112856,1,1,0
112868,STAD-MOV-112868,72,63,0
112871,STAD-MOV-112871,1,0,0
112882,STAD-MOV-112882,1,0,0
112890,STAD-MOV-112890,6,3,0
112895,STAD-MOV-112895,16,5,0
112897,STAD-MOV-112897,162,158,1
112907,STAD-MOV-112907,1,0,0
112909,STAD-MOV-112909,1,1,0
112938,STAD-MOV-112938,2,0,0
112942,STAD-MOV-112942,1,0,0
112944,STAD-MOV-112944,1,0,0
112946,STAD-MOV-112946,41,37,0
112953,STAD-MOV-112953,1,0,0
112955,STAD-MOV-112955,2,0,0
112959,STAD-MOV-112959,3,0,0
112976,STAD-MOV-112976,1,0,0
112978,STAD-MOV-112978,1,1,0
112988,STAD-MOV-112988,5,1,0
112990,STAD-MOV-112990,1,1,0
113033,STAD-MOV-113033,1,0,0
113037,STAD-MOV-113037,2,1,0
113045,STAD-MOV-113045,1,0,0
113122,STAD-MOV-113122,1,1,0
113128,STAD-MOV-113128,1,1,0
113132,STAD-MOV-113132,1,0,0
113149,STAD-MOV-113149,1,1,0
113152,STAD-MOV-113152,2,0,0
113190,STAD-MOV-113190,3,0,0
113205,STAD-MOV-113205,3,1,0
113207,STAD-MOV-113207,37,31,0
113216,STAD-MOV-113216,8,5,0
113220,STAD-MOV-113220,4,0,0
113230,STAD-MOV-113230,0,0,0
113232,STAD-MOV-113232,1,1,0
113234,STAD-MOV-113234,2,2,0
113256,STAD-MOV-113256,1,1,0
113275,STAD-MOV-113275,156,143,0
113278,STAD-MOV-113278,46,41,0
113290,STAD-MOV-113290,0,0,0
113300,STAD-MOV-113300,4,1,0
113304,STAD-MOV-113304,1,0,0
113343,STAD-MOV-113343,1,1,0
113370,STAD-MOV-113370,2,1,0
113378,STAD-MOV-113378,150,148,0
113434,STAD-MOV-113434,2,1,0
113457,STAD-MOV-113457,1,0,0
113466,STAD-MOV-113466,1,1,0
113478,STAD-MOV-113478,1,0,0
113499,STAD-MOV-113499,5,2,0
113501,STAD-MOV-113501,13,9,0
113503,STAD-MOV-113503,3,2,0
113507,STAD-MOV-113507,1,1,0
113513,STAD-MOV-113513,1,0,0
113521,STAD-MOV-113521,3,3,0
113532,STAD-MOV-113532,28,17,0
113534,STAD-MOV-113534,11,9,0
113541,STAD-MOV-113541,1,0,0
113543,STAD-MOV-113543,1,0,0
113559,STAD-MOV-113559,5,2,0
113565,STAD-MOV-113565,17,17,0
113567,STAD-MOV-113567,1,1,0
113575,STAD-MOV-113575,3,2,0
113582,STAD-MOV-113582,3,1,0
113606,STAD-MOV-113606,2,2,0
113608,STAD-MOV-113608,1,0,0
113630,STAD-MOV-113630,8,0,0
113636,STAD-MOV-113636,1,0,0
113648,STAD-MOV-113648,2,1,0
113686,STAD-MOV-113686,0,0,0
113698,STAD-MOV-113698,2,0,0
113705,STAD-MOV-113705,59,53,0
113707,STAD-MOV-113707,3,0,0
113709,STAD-MOV-113709,1,0,0
113715,STAD-MOV-113715,1,1,0
113719,STAD-MOV-113719,1,1,0
113721,STAD-MOV-113721,1,0,0
113723,STAD-MOV-113723,1,0,0
113739,STAD-MOV-113739,1,0,0
113746,STAD-MOV-113746,3,0,0
113749,STAD-MOV-113749,1,1,0
113751,STAD-MOV-113751,3,1,0
113757,STAD-MOV-113757,1,0,0
113767,STAD-MOV-113767,6,3,0
113775,STAD-MOV-113775,27,22,0
113778,STAD-MOV-113778,2,0,0
113780,STAD-MOV-113780,44,43,0
113793,STAD-MOV-113793,2,0,0
113816,STAD-MOV-113816,1,0,0
113843,STAD-MOV-113843,5,0,0
113847,STAD-MOV-113847,1,0,0
113849,STAD-MOV-113849,1,0,0
113855,STAD-MOV-113855,1,0,0
113889,STAD-MOV-113889,11,6,0
113898,STAD-MOV-113898,1,0,0
113904,STAD-MOV-113904,1,0,0
113906,STAD-MOV-113906,3,1,0
113908,STAD-MOV-113908,1,0,0
113938,STAD-MOV-113938,3,1,0
113943,STAD-MOV-113943,1,1,0
113945,STAD-MOV-113945,1,0,0
113955,STAD-MOV-113955,1,0,0
113970,STAD-MOV-113970,1,1,0
113976,STAD-MOV-113976,3,0,0
113981,STAD-MOV-113981,1,0,0
114007,STAD-MOV-114007,52,52,0
114009,STAD-MOV-114009,3,0,0
114011,STAD-MOV-114011,1,0,0
114013,STAD-MOV-114013,7,5,0
114015,STAD-MOV-114015,1,0,0
114017,STAD-MOV-114017,1,0,0
114028,STAD-MOV-114028,86,71,0
114033,STAD-MOV-114033,35,33,0
114035,STAD-MOV-114035,13,10,0
114046,STAD-MOV-114046,17,12,0
114068,STAD-MOV-114068,2,1,0
114072,STAD-MOV-114072,1,1,0
114074,STAD-MOV-114074,67,42,0
114082,STAD-MOV-114082,31,4,0
114085,STAD-MOV-114085,3,3,0
114122,STAD-MOV-114122,4,2,0
114124,STAD-MOV-114124,2,0,0
114128,STAD-MOV-114128,0,0,0
114140,STAD-MOV-114140,1,0,0
114146,STAD-MOV-114146,2,0,0
114161,STAD-MOV-114161,4,1,0
114166,STAD-MOV-114166,2,0,0
114172,STAD-MOV-114172,1,0,0
114174,STAD-MOV-114174,1,0,0
114177,STAD-MOV-114177,1,0,0
114182,STAD-MOV-114182,8,6,0
114188,STAD-MOV-114188,1,1,0
114191,STAD-MOV-114191,1,0,0
114193,STAD-MOV-114193,1,1,0
114197,STAD-MOV-114197,1,0,0
114199,STAD-MOV-114199,1,0,0
114244,STAD-MOV-114244,14,7,0
114246,STAD-MOV-114246,95,93,0
114252,STAD-MOV-114252,1,0,0
114254,STAD-MOV-114254,1,1,0
114267,STAD-MOV-114267,1,1,0
114269,STAD-MOV-114269,2,0,0
114282,STAD-MOV-114282,1,0,0
114327,STAD-MOV-114327,1,0,0
114329,STAD-MOV-114329,9,7,0
114333,STAD-MOV-114333,1,1,0
114342,STAD-MOV-114342,64,55,0
114363,STAD-MOV-114363,1,0,0
114367,STAD-MOV-114367,1,0,0
114376,STAD-MOV-114376,3,1,0
114378,STAD-MOV-114378,2,1,0
114392,STAD-MOV-114392,25,24,0
114417,STAD-MOV-114417,0,0,0
114420,STAD-MOV-114420,1,0,0
114431,STAD-MOV-114431,1,0,0
114439,STAD-MOV-114439,46,44,0
114455,STAD-MOV-114455,4,2,0
114459,STAD-MOV-114459,21,19,0
114461,STAD-MOV-114461,4,0,0
114464,STAD-MOV-114464,9,6,0
114489,STAD-MOV-114489,1,0,0
114497,STAD-MOV-114497,8,4,0
114514,STAD-MOV-114514,2,1,0
114550,STAD-MOV-114550,3,1,0
114552,STAD-MOV-114552,91,86,0
114554,STAD-MOV-114554,25,25,0
114556,STAD-MOV-114556,1,1,0
114563,STAD-MOV-114563,5,1,0
114565,STAD-MOV-114565,1,0,0
114593,STAD-MOV-114593,2,0,0
114627,STAD-MOV-114627,4,4,0
114659,STAD-MOV-114659,5,3,0
114678,STAD-MOV-114678,27,18,0
114680,STAD-MOV-114680,6,4,0
114685,STAD-MOV-114685,0,0,0
114696,STAD-MOV-114696,2,2,0
114698,STAD-MOV-114698,1,0,0
114700,STAD-MOV-114700,6,3,0
114702,STAD-MOV-114702,1,0,0
114713,STAD-MOV-114713,59,56,0
114715,STAD-MOV-114715,2,0,0
114723,STAD-MOV-114723,10,0,0
114725,STAD-MOV-114725,3,0,0
114752,STAD-MOV-114752,1,1,0
114760,STAD-MOV-114760,13,6,0
114762,STAD-MOV-114762,40,35,0
114766,STAD-MOV-114766,1,0,0
114791,STAD-MOV-114791,1,0,0
114793,STAD-MOV-114793,6,2,0
114807,STAD-MOV-114807,1,1,0
114814,STAD-MOV-114814,3,2,0
114818,STAD-MOV-114818,28,15,0
114834,STAD-MOV-114834,2,0,0
114838,STAD-MOV-114838,3,3,0
114845,STAD-MOV-114845,2,0,0
114852,STAD-MOV-114852,3,2,0
114854,STAD-MOV-114854,3,1,0
114856,STAD-MOV-114856,5,4,0
114859,STAD-MOV-114859,3,0,0
114883,STAD-MOV-114883,1,0,0
114891,STAD-MOV-114891,1,0,0
114895,STAD-MOV-114895,0,0,0
114904,STAD-MOV-114904,1,1,0
114906,STAD-MOV-114906,4,2,0
114935,STAD-MOV-114935,318,311,1
114945,STAD-MOV-114945,8,8,0
114947,STAD-MOV-114947,1,0,0
114980,STAD-MOV-114980,3,3,0
114995,STAD-MOV-114995,1,0,0
115004,STAD-MOV-115004,1,0,0
115006,STAD-MOV-115006,1,0,0
115021,STAD-MOV-115021,2,1,0
115038,STAD-MOV-115038,0,0,0
115040,STAD-MOV-115040,2,1,0
115078,STAD-MOV-115078,1,1,0
115080,STAD-MOV-115080,1,0,0
115111,STAD-MOV-115111,5,1,0
115119,STAD-MOV-115119,2,0,0
115135,STAD-MOV-115135,2,0,0
115143,STAD-MOV-115143,2,0,0
115147,STAD-MOV-115147,13,12,0
115166,STAD-MOV-115166,1,1,0
115174,STAD-MOV-115174,23,18,0
115203,STAD-MOV-115203,6,0,0
115207,STAD-MOV-115207,1,0,0
115210,STAD-MOV-115210,379,379,1
115212,STAD-MOV-115212,3,2,0
115235,STAD-MOV-115235,8,4,0
115251,STAD-MOV-115251,2,0,0
115256,STAD-MOV-115256,1,0,0
115263,STAD-MOV-115263,3,1,0
115291,STAD-MOV-115291,2,2,0
115309,STAD-MOV-115309,1,1,0
115333,STAD-MOV-115333,2,0,0
115339,STAD-MOV-115339,1,0,0
115343,STAD-MOV-115343,2,1,0
115373,STAD-MOV-115373,2,0,0
115376,STAD-MOV-115376,0,0,0
115379,STAD-MOV-115379,1,0,0
115388,STAD-MOV-115388,1,0,0
115403,STAD-MOV-115403,1,0,0
115419,STAD-MOV-115419,1,0,0
115423,STAD-MOV-115423,0,0,0
115439,STAD-MOV-115439,1,0,0
115460,STAD-MOV-115460,1,1,0
115463,STAD-MOV-115463,1,0,0
115465,STAD-MOV-115465,2,0,0
115475,STAD-MOV-115475,1,0,0
115479,STAD-MOV-115479,1,0,0
115502,STAD-MOV-115502,7,7,0
115529,STAD-MOV-115529,1,0,0
115531,STAD-MOV-115531,1,1,0
115534,STAD-MOV-115534,31,28,0
115538,STAD-MOV-115538,1,1,0
115540,STAD-MOV-115540,1,0,0
115556,STAD-MOV-115556,0,0,0
115565,STAD-MOV-115565,2,1,0
115569,STAD-MOV-115569,609,605,1
115571,STAD-MOV-115571,1,0,0
115574,STAD-MOV-115574,2,1,0
115604,STAD-MOV-115604,1,0,0
115617,STAD-MOV-115617,448,446,1
115624,STAD-MOV-115624,2,2,0
115629,STAD-MOV-115629,5,2,0
115631,STAD-MOV-115631,1,0,0
115653,STAD-MOV-115653,1,0,0
115664,STAD-MOV-115664,57,55,0
115669,STAD-MOV-115669,6,4,0
115671,STAD-MOV-115671,1,0,0
115676,STAD-MOV-115676,2,0,0
115678,STAD-MOV-115678,2,2,0
115708,STAD-MOV-115708,6,0,0
115715,STAD-MOV-115715,1,0,0
115724,STAD-MOV-115724,1,0,0
115756,STAD-MOV-115756,0,0,0
115759,STAD-MOV-115759,2,0,0
115772,STAD-MOV-115772,2,0,0
115781,STAD-MOV-115781,6,2,0
115793,STAD-MOV-115793,0,0,0
115795,STAD-MOV-115795,0,0,0
115821,STAD-MOV-115821,1,1,0
115826,STAD-MOV-115826,3,0,0
115840,STAD-MOV-115840,2,1,0
115869,STAD-MOV-115869,1,0,0
115877,STAD-MOV-115877,19,13,0
115885,STAD-MOV-115885,1,1,0
115903,STAD-MOV-115903,1,0,0
115907,STAD-MOV-115907,0,0,0
115909,STAD-MOV-115909,2,2,0
115919,STAD-MOV-115919,1,0,0
115923,STAD-MOV-115923,2,2,0
115927,STAD-MOV-115927,6,6,0
115949,STAD-MOV-115949,6,6,0
115955,STAD-MOV-115955,1,1,0
115963,STAD-MOV-115963,0,0,0
115989,STAD-MOV-115989,1,0,0
115994,STAD-MOV-115994,1,0,0
116000,STAD-MOV-116000,1,1,0
116002,STAD-MOV-116002,5,2,0
116008,STAD-MOV-116008,1,1,0
116012,STAD-MOV-116012,2,2,0
116028,STAD-MOV-116028,2,1,0
116030,STAD-MOV-116030,4,3,0
116034,STAD-MOV-116034,1,1,0
116064,STAD-MOV-116064,1,1,0
116080,STAD-MOV-116080,6,5,0
116086,STAD-MOV-116086,3,1,0
116088,STAD-MOV-116088,2,0,0
116094,STAD-MOV-116094,1,0,0
116098,STAD-MOV-116098,1,0,0
116104,STAD-MOV-116104,1,0,0
116106,STAD-MOV-116106,1,0,0
116108,STAD-MOV-116108,1,0,0
116128,STAD-MOV-116128,2,1,0
116136,STAD-MOV-116136,33,22,0
116157,STAD-MOV-116157,2,1,0
116167,STAD-MOV-116167,2,0,0
116177,STAD-MOV-116177,1,0,0
116179,STAD-MOV-116179,1,0,0
116183,STAD-MOV-116183,1,0,0
116185,STAD-MOV-116185,1,0,0
116201,STAD-MOV-116201,1,0,0
116209,STAD-MOV-116209,1,0,0
116215,STAD-MOV-116215,1,1,0
116233,STAD-MOV-116233,1,1,0
116291,STAD-MOV-116291,1,0,0
116293,STAD-MOV-116293,1,0,0
116305,STAD-MOV-116305,1,0,0
116307,STAD-MOV-116307,5,4,0
116321,STAD-MOV-116321,0,0,0
116351,STAD-MOV-116351,0,0,0
116399,STAD-MOV-116399,1,0,0
116405,STAD-MOV-116405,1,0,0
116417,STAD-MOV-116417,1,0,0
116419,STAD-MOV-116419,3,1,0
116421,STAD-MOV-116421,1,0,0
116427,STAD-MOV-116427,0,0,0
116429,STAD-MOV-116429,0,0,0
116449,STAD-MOV-116449,0,0,0
116453,STAD-MOV-116453,5,5,0
116467,STAD-MOV-116467,1,0,0
116481,STAD-MOV-116481,1,0,0
116485,STAD-MOV-116485,1,1,0
116493,STAD-MOV-116493,4,4,0
116495,STAD-MOV-116495,2,0,0
116511,STAD-MOV-116511,1,0,0
116519,STAD-MOV-116519,1,1,0
116529,STAD-MOV-116529,7,0,0
116557,STAD-MOV-116557,0,0,0
116562,STAD-MOV-116562,1,0,0
116568,STAD-MOV-116568,2,1,0
116580,STAD-MOV-116580,1,1,0
116584,STAD-MOV-116584,1,0,0
116590,STAD-MOV-116590,0,0,0
116602,STAD-MOV-116602,1,0,0
116647,STAD-MOV-116647,1,0,0
116668,STAD-MOV-116668,10,7,0
116672,STAD-MOV-116672,0,0,0
116680,STAD-MOV-116680,2,0,0
116698,STAD-MOV-116698,0,0,0
116720,STAD-MOV-116720,1,0,0
116726,STAD-MOV-116726,4,4,0
116732,STAD-MOV-116732,0,0,0
116740,STAD-MOV-116740,0,0,0
116750,STAD-MOV-116750,2,0,0
116754,STAD-MOV-116754,1,0,0
116770,STAD-MOV-116770,2,0,0
116772,STAD-MOV-116772,1,0,0
116779,STAD-MOV-116779,3,1,0
116791,STAD-MOV-116791,1,0,0
116793,STAD-MOV-116793,1,0,0
116797,STAD-MOV-116797,759,759,1
116803,STAD-MOV-116803,1,0,0
116831,STAD-MOV-116831,2,2,0
116835,STAD-MOV-116835,0,0,0
116837,STAD-MOV-116837,2,1,0
116839,STAD-MOV-116839,3,1,0
116841,STAD-MOV-116841,28,7,0
116849,STAD-MOV-116849,12,9,0
116851,STAD-MOV-116851,1,1,0
116861,STAD-MOV-116861,1,1,0
116863,STAD-MOV-116863,0,0,0
116897,STAD-MOV-116897,45,43,0
116903,STAD-MOV-116903,2,0,0
116905,STAD-MOV-116905,12,5,0
116907,STAD-MOV-116907,7,2,0
116913,STAD-MOV-116913,1,0,0
116915,STAD-MOV-116915,1,0,0
116917,STAD-MOV-116917,1,0,0
116943,STAD-MOV-116943,1,0,0
116955,STAD-MOV-116955,1,0,0
116957,STAD-MOV-116957,5,1,0
116959,STAD-MOV-116959,1,0,0
116961,STAD-MOV-116961,1,0,0
116967,STAD-MOV-116967,1,0,0
116969,STAD-MOV-116969,3,0,0
116973,STAD-MOV-116973,1,1,0
116977,STAD-MOV-116977,145,141,0
116981,STAD-MOV-116981,1,0,0
116989,STAD-MOV-116989,1,0,0
117065,STAD-MOV-117065,2,2,0
117109,STAD-MOV-117109,48,7,0
117111,STAD-MOV-117111,0,0,0
117113,STAD-MOV-117113,2,0,0
117119,STAD-MOV-117119,1,0,0
117123,STAD-MOV-117123,34,21,0
117129,STAD-MOV-117129,1,0,0
117136,STAD-MOV-117136,2,2,0
117138,STAD-MOV-117138,1,0,0
117142,STAD-MOV-117142,1,1,0
117172,STAD-MOV-117172,1,0,0
117176,STAD-MOV-117176,349,333,1
117186,STAD-MOV-117186,0,0,0
117194,STAD-MOV-117194,4,4,0
117322,STAD-MOV-117322,1,1,0
117326,STAD-MOV-117326,1,0,0
117330,STAD-MOV-117330,1,1,0
117334,STAD-MOV-117334,6,4,0
117340,STAD-MOV-117340,2,1,0
117364,STAD-MOV-117364,22,4,0
117366,STAD-MOV-117366,2,0,0
117372,STAD-MOV-117372,7,7,0
117374,STAD-MOV-117374,2,0,0
117424,STAD-MOV-117424,1,1,0
117428,STAD-MOV-117428,1,1,0
117432,STAD-MOV-117432,1,0,0
117438,STAD-MOV-117438,0,0,0
117442,STAD-MOV-117442,1,1,0
117444,STAD-MOV-117444,25,24,0
117446,STAD-MOV-117446,3,2,0
117450,STAD-MOV-117450,1,0,0
117454,STAD-MOV-117454,1,1,0
117456,STAD-MOV-117456,14,11,0
117472,STAD-MOV-117472,1,1,0
117476,STAD-MOV-117476,2,0,0
117478,STAD-MOV-117478,1,0,0
117480,STAD-MOV-117480,4,2,0
117488,STAD-MOV-117488,3,3,0
117492,STAD-MOV-117492,5,4,0
117494,STAD-MOV-117494,1,1,0
117498,STAD-MOV-117498,1,0,0
117509,STAD-MOV-117509,1,1,0
117533,STAD-MOV-117533,81,46,0
117535,STAD-MOV-117535,1,0,0
117539,STAD-MOV-117539,1,0,0
117541,STAD-MOV-117541,1,0,0
117551,STAD-MOV-117551,1,1,0
117561,STAD-MOV-117561,1,1,0
117570,STAD-MOV-117570,1,0,0
117572,STAD-MOV-117572,2,0,0
117584,STAD-MOV-117584,1,0,0
117586,STAD-MOV-117586,1,0,0
117588,STAD-MOV-117588,4,2,0
117590,STAD-MOV-117590,102,100,0
117594,STAD-MOV-117594,2,1,0
117598,STAD-MOV-117598,1,0,0
117610,STAD-MOV-117610,0,0,0
117618,STAD-MOV-117618,1,0,0
117626,STAD-MOV-117626,0,0,0
117628,STAD-MOV-117628,2,1,0
117630,STAD-MOV-117630,1,0,0
117638,STAD-MOV-117638,1,1,0
117640,STAD-MOV-117640,0,0,0
117642,STAD-MOV-117642,1,0,0
117646,STAD-MOV-117646,4,3,0
117650,STAD-MOV-117650,1,1,0
117690,STAD-MOV-117690,0,0,0
117698,STAD-MOV-117698,1,0,0
117704,STAD-MOV-117704,0,0,0
117706,STAD-MOV-117706,1,0,0
117710,STAD-MOV-117710,1,0,0
117712,STAD-MOV-117712,1,0,0
117736,STAD-MOV-117736,0,0,0
117738,STAD-MOV-117738,0,0,0
117750,STAD-MOV-117750,1,0,0
117845,STAD-MOV-117845,1,0,0
117851,STAD-MOV-117851,68,68,0
117855,STAD-MOV-117855,1,0,0
117859,STAD-MOV-117859,1,0,0
117863,STAD-MOV-117863,2,0,0
117865,STAD-MOV-117865,1,0,0
117871,STAD-MOV-117871,14,14,0
117875,STAD-MOV-117875,2,0,0
117877,STAD-MOV-117877,11,6,0
117881,STAD-MOV-117881,65,63,0
117883,STAD-MOV-117883,1,1,0
117887,STAD-MOV-117887,51,49,0
117889,STAD-MOV-117889,1,0,0
117893,STAD-MOV-117893,10,9,0
117901,STAD-MOV-117901,0,0,0
117903,STAD-MOV-117903,2,0,0
117905,STAD-MOV-117905,1,0,0
117907,STAD-MOV-117907,1,0,0
117928,STAD-MOV-117928,2,1,0
117977,STAD-MOV-117977,0,0,0
117979,STAD-MOV-117979,0,0,0
117981,STAD-MOV-117981,0,0,0
118008,STAD-MOV-118008,0,0,0
118025,STAD-MOV-118025,0,0,0
118087,STAD-MOV-118087,0,0,0
118095,STAD-MOV-118095,1,0,0
118109,STAD-MOV-118109,4,1,0
118111,STAD-MOV-118111,1,0,0
118195,STAD-MOV-118195,1,0,0
118198,STAD-MOV-118198,2,0,0
118202,STAD-MOV-118202,3,1,0
118204,STAD-MOV-118204,1,0,0
118206,STAD-MOV-118206,6,1,0
118220,STAD-MOV-118220,1,1,0
118230,STAD-MOV-118230,0,0,0
118236,STAD-MOV-118236,1,0,0
118246,STAD-MOV-118246,9,5,0
118248,STAD-MOV-118248,11,9,0
118250,STAD-MOV-118250,1,1,0
118252,STAD-MOV-118252,4,4,0
118260,STAD-MOV-118260,7,6,0
118262,STAD-MOV-118262,1,0,0
118268,STAD-MOV-118268,1,0,0
118270,STAD-MOV-118270,4,3,0
118272,STAD-MOV-118272,3,1,0
118288,STAD-MOV-118288,2,0,0
118294,STAD-MOV-118294,1,0,0
118302,STAD-MOV-118302,2,0,0
118340,STAD-MOV-118340,1,0,0
118346,STAD-MOV-118346,1,1,0
118348,STAD-MOV-118348,1,0,0
118352,STAD-MOV-118352,1,0,0
118380,STAD-MOV-118380,1,1,0
118392,STAD-MOV-118392,3,2,0
118426,STAD-MOV-118426,1,0,0
118458,STAD-MOV-118458,1,0,0
118460,STAD-MOV-118460,1,0,0
118462,STAD-MOV-118462,1,0,0
118484,STAD-MOV-118484,1,0,0
118492,STAD-MOV-118492,1,0,0
118512,STAD-MOV-118512,4,0,0
118520,STAD-MOV-118520,0,0,0
118528,STAD-MOV-118528,1,0,0
118530,STAD-MOV-118530,1,0,0
118544,STAD-MOV-118544,1,0,0
118558,STAD-MOV-118558,1,0,0
118568,STAD-MOV-118568,1,0,0
118606,STAD-MOV-118606,2,0,0
118608,STAD-MOV-118608,1,0,0
118686,STAD-MOV-118686,3,2,0
118688,STAD-MOV-118688,2,2,0
118690,STAD-MOV-118690,1,0,0
118696,STAD-MOV-118696,538,538,1
118700,STAD-MOV-118700,88,76,0
118702,STAD-MOV-118702,63,60,0
118718,STAD-MOV-118718,2,1,0
118734,STAD-MOV-118734,3,2,0
118752,STAD-MOV-118752,0,0,0
118754,STAD-MOV-118754,0,0,0
118784,STAD-MOV-118784,1,0,0
118816,STAD-MOV-118816,1,0,0
118842,STAD-MOV-118842,0,0,0
118854,STAD-MOV-118854,4,1,0
118856,STAD-MOV-118856,1,0,0
118860,STAD-MOV-118860,1,0,0
118862,STAD-MOV-118862,1,0,0
118864,STAD-MOV-118864,1,0,0
118872,STAD-MOV-118872,8,3,0
118876,STAD-MOV-118876,5,4,0
118882,STAD-MOV-118882,1,1,0
118884,STAD-MOV-118884,1,0,0
118886,STAD-MOV-118886,1,0,0
118888,STAD-MOV-118888,19,6,0
118892,STAD-MOV-118892,1,0,0
118904,STAD-MOV-118904,1,1,0
118920,STAD-MOV-118920,0,0,0
118922,STAD-MOV-118922,2,2,0
118924,STAD-MOV-118924,39,35,0
118930,STAD-MOV-118930,35,5,0
118934,STAD-MOV-118934,1,0,0
118940,STAD-MOV-118940,2,0,0
118946,STAD-MOV-118946,2,1,0
118948,STAD-MOV-118948,1,0,0
118950,STAD-MOV-118950,1,0,0
118952,STAD-MOV-118952,4,0,0
118970,STAD-MOV-118970,12,6,0
118972,STAD-MOV-118972,6,2,0
118997,STAD-MOV-118997,129,123,0
119029,STAD-MOV-119029,1,0,0
119037,STAD-MOV-119037,1,0,0
119051,STAD-MOV-119051,1,0,0
119057,STAD-MOV-119057,1,1,0
119068,STAD-MOV-119068,27,25,0
119084,STAD-MOV-119084,2,0,0
119126,STAD-MOV-119126,3,0,0
119129,STAD-MOV-119129,1,0,0
119131,STAD-MOV-119131,1,0,0
119141,STAD-MOV-119141,375,372,1
119147,STAD-MOV-119147,2,0,0
119165,STAD-MOV-119165,1,0,0
119167,STAD-MOV-119167,1,0,0
119176,STAD-MOV-119176,1,0,0
119178,STAD-MOV-119178,1,0,0
119184,STAD-MOV-119184,1,0,0
119186,STAD-MOV-119186,2,0,0
119190,STAD-MOV-119190,2,2,0
119192,STAD-MOV-119192,1,0,0
119196,STAD-MOV-119196,1,0,0
119198,STAD-MOV-119198,1,0,0
119210,STAD-MOV-119210,1,0,0
119214,STAD-MOV-119214,1,0,0
119218,STAD-MOV-119218,13,6,0
119226,STAD-MOV-119226,1,0,0
119308,STAD-MOV-119308,1,1,0
119310,STAD-MOV-119310,1,1,0
119316,STAD-MOV-119316,0,0,0
119332,STAD-MOV-119332,1,0,0
119424,STAD-MOV-119424,1,0,0
119565,STAD-MOV-119565,5,3,0
119569,STAD-MOV-119569,2,0,0
119571,STAD-MOV-119571,2,2,0
119575,STAD-MOV-119575,1,1,0
119583,STAD-MOV-119583,1,1,0
119589,STAD-MOV-119589,0,0,0
119605,STAD-MOV-119605,0,0,0
119615,STAD-MOV-119615,1,0,0
119627,STAD-MOV-119627,1,0,0
119629,STAD-MOV-119629,2,0,0
119645,STAD-MOV-119645,1,0,0
119661,STAD-MOV-119661,0,0,0
119672,STAD-MOV-119672,1,0,0
119681,STAD-MOV-119681,2,1,0
119683,STAD-MOV-119683,1,0,0
119685,STAD-MOV-119685,4,3,0
119687,STAD-MOV-119687,3,1,0
119689,STAD-MOV-119689,1,0,0
119691,STAD-MOV-119691,1,0,0
119699,STAD-MOV-119699,1,0,0
119703,STAD-MOV-119703,2,1,0
119714,STAD-MOV-119714,5,4,0
119754,STAD-MOV-119754,0,0,0
119782,STAD-MOV-119782,1,0,0
119800,STAD-MOV-119800,1,1,0
119802,STAD-MOV-119802,2,1,0
119820,STAD-MOV-119820,1,1,0
119836,STAD-MOV-119836,2,1,0
119901,STAD-MOV-119901,1,0,0
119907,STAD-MOV-119907,1,1,0
119950,STAD-MOV-119950,1,0,0
119966,STAD-MOV-119966,6,5,0
119975,STAD-MOV-119975,2,1,0
120076,STAD-MOV-120076,2,0,0
120104,STAD-MOV-120104,1,1,0
120110,STAD-MOV-120110,3,1,0
120112,STAD-MOV-120112,2,0,0
120114,STAD-MOV-120114,1,0,0
120116,STAD-MOV-120116,1,0,0
120122,STAD-MOV-120122,4,1,0
120128,STAD-MOV-120128,1,0,0
120130,STAD-MOV-120130,2,0,0
120132,STAD-MOV-120132,24,21,0
120136,STAD-MOV-120136,1,1,0
120138,STAD-MOV-120138,21,19,0
120146,STAD-MOV-120146,1,0,0
120208,STAD-MOV-120208,0,0,0
120274,STAD-MOV-120274,2,0,0
120276,STAD-MOV-120276,1,0,0
120286,STAD-MOV-120286,0,0,0
120299,STAD-MOV-120299,1,0,0
120301,STAD-MOV-120301,1,0,0
120311,STAD-MOV-120311,1,1,0
120317,STAD-MOV-120317,2,0,0
120323,STAD-MOV-120323,2,1,0
120388,STAD-MOV-120388,1,0,0
120400,STAD-MOV-120400,2,0,0
120410,STAD-MOV-120410,1,0,0
120412,STAD-MOV-120412,2,0,0
120438,STAD-MOV-120438,3,2,0
120442,STAD-MOV-120442,2,1,0
120454,STAD-MOV-120454,1,0,0
120464,STAD-MOV-120464,1,0,0
120470,STAD-MOV-120470,1,1,0
120476,STAD-MOV-120476,1,0,0
120478,STAD-MOV-120478,8,6,0
120488,STAD-MOV-120488,2,2,0
120492,STAD-MOV-120492,0,0,0
120516,STAD-MOV-120516,0,0,0
120524,STAD-MOV-120524,1,0,0
120534,STAD-MOV-120534,1,1,0
120588,STAD-MOV-120588,1,1,0
120610,STAD-MOV-120610,2,0,0
120614,STAD-MOV-120614,0,0,0
120618,STAD-MOV-120618,0,0,0
120623,STAD-MOV-120623,4,0,0
120625,STAD-MOV-120625,2,0,0
120627,STAD-MOV-120627,1,0,0
120631,STAD-MOV-120631,1,0,0
120639,STAD-MOV-120639,1,0,0
120751,STAD-MOV-120751,0,0,0
120757,STAD-MOV-120757,2,1,0
120759,STAD-MOV-120759,1,0,0
120763,STAD-MOV-120763,1,0,0
120767,STAD-MOV-120767,1,0,0
120769,STAD-MOV-120769,1,0,0
120781,STAD-MOV-120781,2,1,0
120785,STAD-MOV-120785,0,0,0
120793,STAD-MOV-120793,1,1,0
120795,STAD-MOV-120795,1,0,0
120807,STAD-MOV-120807,12,2,0
120809,STAD-MOV-120809,1,0,0
120815,STAD-MOV-120815,10,3,0
120843,STAD-MOV-120843,0,0,0
120845,STAD-MOV-120845,2,1,0
120859,STAD-MOV-120859,1,0,0
120863,STAD-MOV-120863,2,1,0
120865,STAD-MOV-120865,1,0,0
120867,STAD-MOV-120867,1,0,0
120883,STAD-MOV-120883,1,1,0
120885,STAD-MOV-120885,1,0,0
120897,STAD-MOV-120897,2,0,0
120901,STAD-MOV-120901,1,0,0
120905,STAD-MOV-120905,1,0,0
120907,STAD-MOV-120907,1,0,0
120909,STAD-MOV-120909,1,1,0
120913,STAD-MOV-120913,1,0,0
120928,STAD-MOV-120928,1,0,0
120930,STAD-MOV-120930,1,0,0
120932,STAD-MOV-120932,1,0,0
120934,STAD-MOV-120934,5,0,0
120940,STAD-MOV-120940,3,0,0
120946,STAD-MOV-120946,3,1,0
120948,STAD-MOV-120948,1,0,0
121009,STAD-MOV-121009,1,0,0
121017,STAD-MOV-121017,1,0,0
121019,STAD-MOV-121019,1,1,0
121023,STAD-MOV-121023,2,1,0
121025,STAD-MOV-121025,1,0,0
121029,STAD-MOV-121029,1,0,0
121053,STAD-MOV-121053,0,0,0
121055,STAD-MOV-121055,0,0,0
121059,STAD-MOV-121059,0,0,0
121097,STAD-MOV-121097,1,0,0
121099,STAD-MOV-121099,7,6,0
121111,STAD-MOV-121111,8,4,0
121122,STAD-MOV-121122,1,0,0
121133,STAD-MOV-121133,2,0,0
121143,STAD-MOV-121143,2,2,0
121152,STAD-MOV-121152,2,2,0
121155,STAD-MOV-121155,2,2,0
121159,STAD-MOV-121159,4,3,0
121171,STAD-MOV-121171,5,1,0
121173,STAD-MOV-121173,1,0,0
121184,STAD-MOV-121184,2,0,0
121194,STAD-MOV-121194,2,1,0
121196,STAD-MOV-121196,2,0,0
121202,STAD-MOV-121202,2,0,0
121205,STAD-MOV-121205,1,1,0
121211,STAD-MOV-121211,1,0,0
121225,STAD-MOV-121225,3,1,0
121227,STAD-MOV-121227,6,5,0
121237,STAD-MOV-121237,0,0,0
121253,STAD-MOV-121253,6,6,0
121271,STAD-MOV-121271,3,2,0
121290,STAD-MOV-121290,0,0,0
121300,STAD-MOV-121300,1,1,0
121302,STAD-MOV-121302,1,0,0
121312,STAD-MOV-121312,1,1,0
121318,STAD-MOV-121318,1,0,0
121326,STAD-MOV-121326,1,1,0
121340,STAD-MOV-121340,1,1,0
121366,STAD-MOV-121366,5,4,0
121372,STAD-MOV-121372,12,3,0
121374,STAD-MOV-121374,9,1,0
121407,STAD-MOV-121407,1,0,0
121426,STAD-MOV-121426,0,0,0
121432,STAD-MOV-121432,0,0,0
121451,STAD-MOV-121451,0,0,0
121463,STAD-MOV-121463,1,1,0
121473,STAD-MOV-121473,1,1,0
121487,STAD-MOV-121487,1,1,0
121491,STAD-MOV-121491,1,0,0
121545,STAD-MOV-121545,1,0,0
121583,STAD-MOV-121583,3,2,0
121586,STAD-MOV-121586,1,0,0
121588,STAD-MOV-121588,1,0,0
121590,STAD-MOV-121590,1,0,0
121592,STAD-MOV-121592,1,0,0
121594,STAD-MOV-121594,2,0,0
121600,STAD-MOV-121600,1,0,0
121612,STAD-MOV-121612,0,0,0
121614,STAD-MOV-121614,0,0,0
121632,STAD-MOV-121632,0,0,0
121644,STAD-MOV-121644,0,0,0
121650,STAD-MOV-121650,0,0,0
121677,STAD-MOV-121677,0,0,0
121715,STAD-MOV-121715,0,0,0
121733,STAD-MOV-121733,1,0,0
121735,STAD-MOV-121735,1,0,0
121777,STAD-MOV-121777,0,0,0
121821,STAD-MOV-121821,0,0,0
121849,STAD-MOV-121849,0,0,0
121879,STAD-MOV-121879,1,1,0
121929,STAD-MOV-121929,0,0,0
121973,STAD-MOV-121973,0,0,0
121993,STAD-MOV-121993,0,0,0
122029,STAD-MOV-122029,1,1,0
122062,STAD-MOV-122062,0,0,0
122096,STAD-MOV-122096,2,1,0
122143,STAD-MOV-122143,1,0,0
122145,STAD-MOV-122145,1,0,0
122155,STAD-MOV-122155,0,0,0
122157,STAD-MOV-122157,0,0,0
122199,STAD-MOV-122199,0,0,0
122210,STAD-MOV-122210,0,0,0
122218,STAD-MOV-122218,0,0,0
122228,STAD-MOV-122228,2,1,0
122246,STAD-MOV-122246,3,0,0
122250,STAD-MOV-122250,1,0,0
122260,STAD-MOV-122260,1,0,0
122266,STAD-MOV-122266,0,0,0
122272,STAD-MOV-122272,0,0,0
122278,STAD-MOV-122278,1,0,0
122282,STAD-MOV-122282,0,0,0
122292,STAD-MOV-122292,1,0,0
122306,STAD-MOV-122306,0,0,0
122308,STAD-MOV-122308,1,0,0
122321,STAD-MOV-122321,1,1,0
122359,STAD-MOV-122359,0,0,0
122371,STAD-MOV-122371,0,0,0
122421,STAD-MOV-122421,1,0,0
122441,STAD-MOV-122441,1,0,0
122480,STAD-MOV-122480,2,2,0
122501,STAD-MOV-122501,1,0,0
122547,STAD-MOV-122547,1,1,0
122575,STAD-MOV-122575,2,0,0
122593,STAD-MOV-122593,1,0,0
122623,STAD-MOV-122623,1,1,0
122693,STAD-MOV-122693,1,0,0
122711,STAD-MOV-122711,1,0,0
122754,STAD-MOV-122754,1,0,0
122756,STAD-MOV-122756,3,1,0
122783,STAD-MOV-122783,1,0,0
122793,STAD-MOV-122793,1,1,0
122807,STAD-MOV-122807,1,0,0
122849,STAD-MOV-122849,1,0,0
122855,STAD-MOV-122855,1,1,0
122859,STAD-MOV-122859,1,0,0
122878,STAD-MOV-122878,0,0,0
122880,STAD-MOV-122880,1,1,0
122928,STAD-MOV-122928,1,0,0
122934,STAD-MOV-122934,1,0,0
122936,STAD-MOV-122936,1,1,0
122938,STAD-MOV-122938,1,0,0
122942,STAD-MOV-122942,1,0,0
122944,STAD-MOV-122944,1,0,0
122948,STAD-MOV-122948,3,0,0
122950,STAD-MOV-122950,1,0,0
122954,STAD-MOV-122954,0,0,0
123172,STAD-MOV-123172,1,0,0
123188,STAD-MOV-123188,1,1,0
123192,STAD-MOV-123192,3,2,0
123200,STAD-MOV-123200,1,0,0
123221,STAD-MOV-123221,1,0,0
123244,STAD-MOV-123244,2,0,0
123312,STAD-MOV-123312,1,0,0
123314,STAD-MOV-123314,1,1,0
123316,STAD-MOV-123316,2,0,0
123359,STAD-MOV-123359,1,1,0
123407,STAD-MOV-123407,1,1,0
123419,STAD-MOV-123419,2,0,0
123467,STAD-MOV-123467,2,0,0
123477,STAD-MOV-123477,3,2,0
123571,STAD-MOV-123571,10,0,0
123579,STAD-MOV-123579,1,0,0
123587,STAD-MOV-123587,1,0,0
123600,STAD-MOV-123600,1,1,0
123607,STAD-MOV-123607,1,0,0
123609,STAD-MOV-123609,1,0,0
123613,STAD-MOV-123613,1,0,0
123639,STAD-MOV-123639,3,2,0
123655,STAD-MOV-123655,1,0,0
123669,STAD-MOV-123669,1,0,0
123761,STAD-MOV-123761,1,0,0
123911,STAD-MOV-123911,1,0,0
123939,STAD-MOV-123939,2,1,0
123943,STAD-MOV-123943,2,0,0
123951,STAD-MOV-123951,1,1,0
123981,STAD-MOV-123981,1,0,0
123985,STAD-MOV-123985,1,0,0
124224,STAD-MOV-124224,1,0,0
124235,STAD-MOV-124235,1,0,0
124298,STAD-MOV-124298,1,0,0
124302,STAD-MOV-124302,1,1,0
124352,STAD-MOV-124352,1,1,0
124358,STAD-MOV-124358,1,0,0
124414,STAD-MOV-124414,1,0,0
124430,STAD-MOV-124430,1,0,0
124442,STAD-MOV-124442,1,1,0
124446,STAD-MOV-124446,1,0,0
124450,STAD-MOV-124450,1,1,0
124462,STAD-MOV-124462,0,0,0
124470,STAD-MOV-124470,1,0,0
124490,STAD-MOV-124490,1,0,0
124531,STAD-MOV-124531,1,0,0
124537,STAD-MOV-124537,1,0,0
124544,STAD-MOV-124544,1,0,0
124550,STAD-MOV-124550,1,0,0
124562,STAD-MOV-124562,1,0,0
124607,STAD-MOV-124607,1,0,0
124627,STAD-MOV-124627,1,0,0
124639,STAD-MOV-124639,1,1,0
124647,STAD-MOV-124647,1,0,0
124691,STAD-MOV-124691,1,0,0
124721,STAD-MOV-124721,1,0,0
124735,STAD-MOV-124735,1,0,0
124751,STAD-MOV-124751,1,0,0
124769,STAD-MOV-124769,1,0,0
124793,STAD-MOV-124793,1,1,0
124807,STAD-MOV-124807,1,0,0
124819,STAD-MOV-124819,1,0,0
124841,STAD-MOV-124841,1,1,0
124851,STAD-MOV-124851,1,0,0
124855,STAD-MOV-124855,1,1,0
124857,STAD-MOV-124857,1,0,0
124861,STAD-MOV-124861,3,0,0
124867,STAD-MOV-124867,26,24,0
124963,STAD-MOV-124963,1,0,0
125005,STAD-MOV-125005,1,0,0
125077,STAD-MOV-125077,4,0,0
125079,STAD-MOV-125079,1,0,0
125081,STAD-MOV-125081,1,1,0
125091,STAD-MOV-125091,1,0,0
125155,STAD-MOV-125155,1,0,0
125159,STAD-MOV-125159,1,0,0
125169,STAD-MOV-125169,1,0,0
125223,STAD-MOV-125223,1,1,0
125241,STAD-MOV-125241,1,1,0
125271,STAD-MOV-125271,1,0,0
125277,STAD-MOV-125277,1,0,0
125305,STAD-MOV-125305,1,0,0
125353,STAD-MOV-125353,1,1,0
125359,STAD-MOV-125359,1,1,0
125387,STAD-MOV-125387,1,0,0
125399,STAD-MOV-125399,1,0,0
125429,STAD-MOV-125429,1,1,0
125455,STAD-MOV-125455,1,0,0
125481,STAD-MOV-125481,1,0,0
125521,STAD-MOV-125521,1,0,0
125531,STAD-MOV-125531,1,0,0
125533,STAD-MOV-125533,2,0,0
125545,STAD-MOV-125545,1,0,0
125555,STAD-MOV-125555,0,0,0
125563,STAD-MOV-125563,1,0,0
125565,STAD-MOV-125565,2,0,0
125574,STAD-MOV-125574,1,0,0
125596,STAD-MOV-125596,2,2,0
125603,STAD-MOV-125603,0,0,0
125607,STAD-MOV-125607,0,0,0
125623,STAD-MOV-125623,0,0,0
125630,STAD-MOV-125630,4,2,0
125644,STAD-MOV-125644,1,0,0
125646,STAD-MOV-125646,1,0,0
125652,STAD-MOV-125652,1,1,0
125872,STAD-MOV-125872,1,0,0
125878,STAD-MOV-125878,1,1,0
125888,STAD-MOV-125888,1,0,0
125904,STAD-MOV-125904,1,1,0
125912,STAD-MOV-125912,1,0,0
125914,STAD-MOV-125914,10,8,0
125918,STAD-MOV-125918,3,0,0
125924,STAD-MOV-125924,1,1,0
125926,STAD-MOV-125926,6,0,0
125932,STAD-MOV-125932,2,0,0
125938,STAD-MOV-125938,1,1,0
125940,STAD-MOV-125940,1,0,0
125946,STAD-MOV-125946,1,0,0
125952,STAD-MOV-125952,1,1,0
125956,STAD-MOV-125956,1,0,0
125960,STAD-MOV-125960,1,0,0
125970,STAD-MOV-125970,4,2,0
125974,STAD-MOV-125974,2,1,0
125986,STAD-MOV-125986,1,0,0
125990,STAD-MOV-125990,1,0,0
125992,STAD-MOV-125992,1,1,0
126008,STAD-MOV-126008,1,0,0
126010,STAD-MOV-126010,1,0,0
126018,STAD-MOV-126018,1,0,0
126026,STAD-MOV-126026,1,1,0
126028,STAD-MOV-126028,1,0,0
126038,STAD-MOV-126038,1,0,0
126040,STAD-MOV-126040,1,0,0
126050,STAD-MOV-126050,3,0,0
126060,STAD-MOV-126060,1,1,0
126074,STAD-MOV-126074,1,0,0
126076,STAD-MOV-126076,1,0,0
126080,STAD-MOV-126080,1,0,0
126090,STAD-MOV-126090,8,4,0
126092,STAD-MOV-126092,1,0,0
126108,STAD-MOV-126108,1,0,0
126120,STAD-MOV-126120,1,1,0
126124,STAD-MOV-126124,1,1,0
126130,STAD-MOV-126130,1,0,0
126134,STAD-MOV-126134,1,1,0
126140,STAD-MOV-126140,1,1,0
126142,STAD-MOV-126142,1,0,0
126144,STAD-MOV-126144,1,0,0
126152,STAD-MOV-126152,1,0,0
126156,STAD-MOV-126156,1,1,0
126158,STAD-MOV-126158,1,0,0
126160,STAD-MOV-126160,3,3,0
126162,STAD-MOV-126162,1,0,0
126166,STAD-MOV-126166,1,0,0
126188,STAD-MOV-126188,1,0,0
126235,STAD-MOV-126235,1,0,0
126237,STAD-MOV-126237,1,0,0
126243,STAD-MOV-126243,1,1,0
126283,STAD-MOV-126283,1,1,0
126296,STAD-MOV-126296,1,0,0
126305,STAD-MOV-126305,1,1,0
126309,STAD-MOV-126309,1,0,0
126322,STAD-MOV-126322,1,0,0
126325,STAD-MOV-126325,1,0,0
126399,STAD-MOV-126399,2,1,0
126401,STAD-MOV-126401,1,0,0
126405,STAD-MOV-126405,3,1,0
126407,STAD-MOV-126407,1,0,0
126409,STAD-MOV-126409,1,0,0
126414,STAD-MOV-126414,1,1,0
126424,STAD-MOV-126424,1,0,0
126436,STAD-MOV-126436,1,0,0
126482,STAD-MOV-126482,4,3,0
126554,STAD-MOV-126554,2,2,0
126562,STAD-MOV-126562,3,1,0
126584,STAD-MOV-126584,4,4,0
126588,STAD-MOV-126588,1,0,0
126591,STAD-MOV-126591,2,0,0
126593,STAD-MOV-126593,1,0,0
126599,STAD-MOV-126599,15,13,0
126723,STAD-MOV-126723,1,0,0
126733,STAD-MOV-126733,4,4,0
126737,STAD-MOV-126737,1,0,0
126747,STAD-MOV-126747,1,0,0
126751,STAD-MOV-126751,1,0,0
126771,STAD-MOV-126771,1,0,0
126773,STAD-MOV-126773,1,0,0
126781,STAD-MOV-126781,1,0,0
126785,STAD-MOV-126785,3,0,0
126789,STAD-MOV-126789,1,0,0
126791,STAD-MOV-126791,1,0,0
126797,STAD-MOV-126797,1,0,0
126923,STAD-MOV-126923,2,1,0
126925,STAD-MOV-126925,1,0,0
126929,STAD-MOV-126929,1,0,0
126935,STAD-MOV-126935,2,0,0
126945,STAD-MOV-126945,1,0,0
126951,STAD-MOV-126951,3,0,0
126953,STAD-MOV-126953,1,0,0
126955,STAD-MOV-126955,1,0,0
126959,STAD-MOV-126959,2,0,0
126961,STAD-MOV-126961,2,0,0
126967,STAD-MOV-126967,1,0,0
126977,STAD-MOV-126977,1,0,0
126983,STAD-MOV-126983,1,0,0
126985,STAD-MOV-126985,1,0,0
126991,STAD-MOV-126991,1,0,0
126993,STAD-MOV-126993,1,0,0
126997,STAD-MOV-126997,1,0,0
127001,STAD-MOV-127001,1,0,0
127003,STAD-MOV-127003,1,0,0
127007,STAD-MOV-127007,1,1,0
127011,STAD-MOV-127011,1,1,0
127015,STAD-MOV-127015,1,1,0
127019,STAD-MOV-127019,1,0,0
127023,STAD-MOV-127023,2,1,0
127029,STAD-MOV-127029,1,0,0
127035,STAD-MOV-127035,1,0,0
127046,STAD-MOV-127046,2,0,0
127048,STAD-MOV-127048,1,0,0
127054,STAD-MOV-127054,2,2,0
127056,STAD-MOV-127056,1,0,0
127060,STAD-MOV-127060,1,0,0
127064,STAD-MOV-127064,1,1,0
127076,STAD-MOV-127076,1,0,0
127086,STAD-MOV-127086,1,0,0
127090,STAD-MOV-127090,3,1,0
127092,STAD-MOV-127092,1,0,0
127096,STAD-MOV-127096,12,12,0
127100,STAD-MOV-127100,1,0,0
127102,STAD-MOV-127102,3,1,0
127108,STAD-MOV-127108,0,0,0
127110,STAD-MOV-127110,2,1,0
127120,STAD-MOV-127120,1,0,0
127130,STAD-MOV-127130,0,0,0
127132,STAD-MOV-127132,0,0,0
127134,STAD-MOV-127134,1,0,0
127136,STAD-MOV-127136,2,1,0
127144,STAD-MOV-127144,0,0,0
127156,STAD-MOV-127156,0,0,0
127160,STAD-MOV-127160,0,0,0
127162,STAD-MOV-127162,0,0,0
127170,STAD-MOV-127170,0,0,0
127172,STAD-MOV-127172,1,0,0
127180,STAD-MOV-127180,2,1,0
127182,STAD-MOV-127182,1,0,0
127186,STAD-MOV-127186,2,0,0
127194,STAD-MOV-127194,1,1,0
127198,STAD-MOV-127198,1,1,0
127202,STAD-MOV-127202,3,2,0
127204,STAD-MOV-127204,0,0,0
127208,STAD-MOV-127208,0,0,0
127212,STAD-MOV-127212,2,2,0
127232,STAD-MOV-127232,1,0,0
127234,STAD-MOV-127234,1,0,0
127242,STAD-MOV-127242,1,0,0
127244,STAD-MOV-127244,2,0,0
127248,STAD-MOV-127248,1,0,0
127256,STAD-MOV-127256,1,1,0
127258,STAD-MOV-127258,1,0,0
127260,STAD-MOV-127260,2,1,0
127262,STAD-MOV-127262,1,1,0
127268,STAD-MOV-127268,1,0,0
127270,STAD-MOV-127270,1,0,0
127272,STAD-MOV-127272,1,0,0
127274,STAD-MOV-127274,1,0,0
127278,STAD-MOV-127278,1,1,0
127280,STAD-MOV-127280,1,0,0
127284,STAD-MOV-127284,1,0,0
127288,STAD-MOV-127288,2,1,0
127290,STAD-MOV-127290,2,2,0
127294,STAD-MOV-127294,1,1,0
127296,STAD-MOV-127296,2,0,0
127307,STAD-MOV-127307,3,3,0
127311,STAD-MOV-127311,0,0,0
127315,STAD-MOV-127315,6,3,0
127319,STAD-MOV-127319,8,8,0
127323,STAD-MOV-127323,9,9,0
127390,STAD-MOV-127390,16,7,0
127419,STAD-MOV-127419,1,1,0
127433,STAD-MOV-127433,1,1,0
127445,STAD-MOV-127445,1,0,0
127484,STAD-MOV-127484,3,0,0
127498,STAD-MOV-127498,0,0,0
127567,STAD-MOV-127567,0,0,0
127575,STAD-MOV-127575,0,0,0
127579,STAD-MOV-127579,0,0,0
127583,STAD-MOV-127583,0,0,0
127585,STAD-MOV-127585,3,0,0
127606,STAD-MOV-127606,0,0,0
127610,STAD-MOV-127610,1,0,0
127636,STAD-MOV-127636,1,0,0
127640,STAD-MOV-127640,0,0,0
127642,STAD-MOV-127642,1,0,0
127644,STAD-MOV-127644,0,0,0
127652,STAD-MOV-127652,2,2,0
127654,STAD-MOV-127654,1,0,0
127669,STAD-MOV-127669,0,0,0
127724,STAD-MOV-127724,2,1,0
127728,STAD-MOV-127728,1,0,0
127845,STAD-MOV-127845,0,0,0
127851,STAD-MOV-127851,0,0,0
127857,STAD-MOV-127857,1,0,0
127877,STAD-MOV-127877,1,0,0
127879,STAD-MOV-127879,1,1,0
127881,STAD-MOV-127881,1,0,0
127957,STAD-MOV-127957,1,1,0
127974,STAD-MOV-127974,2,0,0
128091,STAD-MOV-128091,4,0,0
128099,STAD-MOV-128099,2,1,0
128169,STAD-MOV-128169,2,2,0
128173,STAD-MOV-128173,2,2,0
128201,STAD-MOV-128201,1,0,0
128209,STAD-MOV-128209,1,0,0
128273,STAD-MOV-128273,1,1,0
128301,STAD-MOV-128301,1,1,0
128303,STAD-MOV-128303,1,0,0
128305,STAD-MOV-128305,1,0,0
128308,STAD-MOV-128308,1,0,0
128316,STAD-MOV-128316,1,0,0
128322,STAD-MOV-128322,2,1,0
128327,STAD-MOV-128327,2,0,0
128397,STAD-MOV-128397,1,1,0
128399,STAD-MOV-128399,1,0,0
128425,STAD-MOV-128425,2,0,0
128445,STAD-MOV-128445,2,1,0
128447,STAD-MOV-128447,2,1,0
128490,STAD-MOV-128490,1,0,0
128506,STAD-MOV-128506,1,0,0
128508,STAD-MOV-128508,1,1,0
128530,STAD-MOV-128530,1,1,0
128534,STAD-MOV-128534,1,0,0
128542,STAD-MOV-128542,7,4,0
128544,STAD-MOV-128544,2,1,0
128546,STAD-MOV-128546,1,0,0
128548,STAD-MOV-128548,1,0,0
128550,STAD-MOV-128550,1,0,0
128552,STAD-MOV-128552,1,0,0
128558,STAD-MOV-128558,1,0,0
128562,STAD-MOV-128562,1,0,0
128566,STAD-MOV-128566,1,0,0
128572,STAD-MOV-128572,1,0,0
128574,STAD-MOV-128574,1,0,0
128576,STAD-MOV-128576,1,0,0
128586,STAD-MOV-128586,1,0,0
128588,STAD-MOV-128588,1,0,0
128592,STAD-MOV-128592,4,2,0
128594,STAD-MOV-128594,5,3,0
128596,STAD-MOV-128596,1,0,0
128598,STAD-MOV-128598,1,0,0
128600,STAD-MOV-128600,4,2,0
128604,STAD-MOV-128604,2,1,0
128612,STAD-MOV-128612,2,0,0
128618,STAD-MOV-128618,1,1,0
128624,STAD-MOV-128624,6,4,0
128632,STAD-MOV-128632,7,6,0
128634,STAD-MOV-128634,1,0,0
128642,STAD-MOV-128642,1,1,0
128661,STAD-MOV-128661,1,1,0
128669,STAD-MOV-128669,1,1,0
128673,STAD-MOV-128673,2,1,0
128679,STAD-MOV-128679,2,0,0
128711,STAD-MOV-128711,1,1,0
128717,STAD-MOV-128717,1,0,0
128723,STAD-MOV-128723,4,4,0
128725,STAD-MOV-128725,2,1,0
128738,STAD-MOV-128738,1,0,0
128740,STAD-MOV-128740,1,0,0
128792,STAD-MOV-128792,1,0,0
128810,STAD-MOV-128810,1,0,0
128834,STAD-MOV-128834,1,0,0
128836,STAD-MOV-128836,1,0,0
128842,STAD-MOV-128842,9,7,0
128846,STAD-MOV-128846,3,0,0
128848,STAD-MOV-128848,2,1,0
128850,STAD-MOV-128850,1,1,0
128852,STAD-MOV-128852,3,1,0
128862,STAD-MOV-128862,1,0,0
128864,STAD-MOV-128864,0,0,0
128866,STAD-MOV-128866,0,0,0
128868,STAD-MOV-128868,0,0,0
128872,STAD-MOV-128872,0,0,0
128874,STAD-MOV-128874,0,0,0
128876,STAD-MOV-128876,0,0,0
128886,STAD-MOV-128886,0,0,0
128898,STAD-MOV-128898,1,0,0
128906,STAD-MOV-128906,1,0,0
128908,STAD-MOV-128908,1,1,0
128910,STAD-MOV-128910,1,0,0
128914,STAD-MOV-128914,5,2,0
128918,STAD-MOV-128918,1,0,0
128920,STAD-MOV-128920,1,0,0
128944,STAD-MOV-128944,7,6,0
128946,STAD-MOV-128946,1,0,0
128950,STAD-MOV-128950,1,0,0
128968,STAD-MOV-128968,7,5,0
128973,STAD-MOV-128973,1,0,0
128981,STAD-MOV-128981,2,0,0
128985,STAD-MOV-128985,1,1,0
128991,STAD-MOV-128991,4,0,0
129009,STAD-MOV-129009,1,0,0
129011,STAD-MOV-129011,3,0,0
129013,STAD-MOV-129013,3,0,0
129015,STAD-MOV-129015,1,0,0
129017,STAD-MOV-129017,1,0,0
129036,STAD-MOV-129036,1,0,0
129078,STAD-MOV-129078,4,4,0
129080,STAD-MOV-129080,1,0,0
129189,STAD-MOV-129189,1,0,0
129241,STAD-MOV-129241,2,0,0
129248,STAD-MOV-129248,1,0,0
129274,STAD-MOV-129274,1,1,0
129289,STAD-MOV-129289,1,0,0
129299,STAD-MOV-129299,1,1,0
129305,STAD-MOV-129305,1,1,0
129313,STAD-MOV-129313,1,0,0
129340,STAD-MOV-129340,2,1,0
129354,STAD-MOV-129354,28,26,0
129370,STAD-MOV-129370,8,8,0
129372,STAD-MOV-129372,1,1,0
129378,STAD-MOV-129378,1,1,0
129415,STAD-MOV-129415,2,1,0
129430,STAD-MOV-129430,1,0,0
129432,STAD-MOV-129432,1,1,0
129435,STAD-MOV-129435,1,0,0
129437,STAD-MOV-129437,1,0,0
129445,STAD-MOV-129445,2,0,0
129447,STAD-MOV-129447,2,0,0
129478,STAD-MOV-129478,1,0,0
129510,STAD-MOV-129510,1,0,0
129512,STAD-MOV-129512,2,1,0
129514,STAD-MOV-129514,7,5,0
129520,STAD-MOV-129520,2,0,0
129522,STAD-MOV-129522,1,0,0
129524,STAD-MOV-129524,1,0,0
129528,STAD-MOV-129528,2,0,0
129532,STAD-MOV-129532,2,2,0
129640,STAD-MOV-129640,1,0,0
129644,STAD-MOV-129644,2,1,0
129646,STAD-MOV-129646,1,1,0
129651,STAD-MOV-129651,1,0,0
129657,STAD-MOV-129657,2,2,0
129667,STAD-MOV-129667,1,0,0
129671,STAD-MOV-129671,1,0,0
129707,STAD-MOV-129707,7,6,0
129721,STAD-MOV-129721,1,0,0
129723,STAD-MOV-129723,1,0,0
129737,STAD-MOV-129737,3,3,0
129739,STAD-MOV-129739,2,1,0
129769,STAD-MOV-129769,1,0,0
129771,STAD-MOV-129771,2,2,0
129773,STAD-MOV-129773,2,1,0
129779,STAD-MOV-129779,4,1,0
129781,STAD-MOV-129781,2,2,0
129786,STAD-MOV-129786,1,1,0
129812,STAD-MOV-129812,1,0,0
129814,STAD-MOV-129814,1,0,0
129820,STAD-MOV-129820,0,0,0
129826,STAD-MOV-129826,1,1,0
129830,STAD-MOV-129830,1,1,0
129834,STAD-MOV-129834,1,1,0
129841,STAD-MOV-129841,1,0,0
129843,STAD-MOV-129843,1,0,0
129845,STAD-MOV-129845,1,0,0
129847,STAD-MOV-129847,1,0,0
129851,STAD-MOV-129851,1,0,0
129873,STAD-MOV-129873,1,0,0
129875,STAD-MOV-129875,1,1,0
129905,STAD-MOV-129905,1,0,0
129909,STAD-MOV-129909,1,1,0
129911,STAD-MOV-129911,1,0,0
129913,STAD-MOV-129913,2,2,0
129919,STAD-MOV-129919,1,0,0
129921,STAD-MOV-129921,1,0,0
129925,STAD-MOV-129925,1,0,0
129931,STAD-MOV-129931,1,0,0
129935,STAD-MOV-129935,2,0,0
129947,STAD-MOV-129947,2,1,0
129980,STAD-MOV-129980,1,0,0
129996,STAD-MOV-129996,1,0,0
130016,STAD-MOV-130016,1,1,0
130034,STAD-MOV-130034,1,1,0
130036,STAD-MOV-130036,3,2,0
130040,STAD-MOV-130040,0,0,0
130052,STAD-MOV-130052,2,2,0
130054,STAD-MOV-130054,2,0,0
130056,STAD-MOV-130056,1,0,0
130058,STAD-MOV-130058,2,0,0
130062,STAD-MOV-130062,1,0,0
130064,STAD-MOV-130064,1,0,0
130066,STAD-MOV-130066,1,0,0
130077,STAD-MOV-130077,3,0,0
130083,STAD-MOV-130083,3,3,0
130219,STAD-MOV-130219,1,1,0
130326,STAD-MOV-130326,1,0,0
130328,STAD-MOV-130328,2,0,0
130338,STAD-MOV-130338,1,0,0
130340,STAD-MOV-130340,1,0,0
130347,STAD-MOV-130347,1,0,0
130351,STAD-MOV-130351,1,0,0
130374,STAD-MOV-130374,2,0,0
130380,STAD-MOV-130380,1,0,0
130386,STAD-MOV-130386,1,0,0
130390,STAD-MOV-130390,1,0,0
130396,STAD-MOV-130396,1,0,0
130400,STAD-MOV-130400,1,0,0
130402,STAD-MOV-130402,1,1,0
130408,STAD-MOV-130408,1,0,0
130424,STAD-MOV-130424,1,0,0
130458,STAD-MOV-130458,1,0,0
130474,STAD-MOV-130474,1,1,0
130476,STAD-MOV-130476,1,0,0
130478,STAD-MOV-130478,1,0,0
130500,STAD-MOV-130500,2,0,0
130502,STAD-MOV-130502,2,0,0
130510,STAD-MOV-130510,3,3,0
130516,STAD-MOV-130516,1,0,0
130518,STAD-MOV-130518,2,0,0
130520,STAD-MOV-130520,3,3,0
130560,STAD-MOV-130560,1,0,0
130578,STAD-MOV-130578,5,4,0
130580,STAD-MOV-130580,2,0,0
130586,STAD-MOV-130586,1,1,0
130614,STAD-MOV-130614,1,1,0
130622,STAD-MOV-130622,1,0,0
130640,STAD-MOV-130640,1,0,0
130644,STAD-MOV-130644,1,1,0
130656,STAD-MOV-130656,1,1,0
130672,STAD-MOV-130672,1,0,0
130784,STAD-MOV-130784,3,2,0
130834,STAD-MOV-130834,1,1,0
130836,STAD-MOV-130836,1,0,0
130840,STAD-MOV-130840,3,1,0
130848,STAD-MOV-130848,1,1,0
130850,STAD-MOV-130850,1,1,0
130962,STAD-MOV-130962,1,0,0
130972,STAD-MOV-130972,1,0,0
130976,STAD-MOV-130976,2,0,0
130980,STAD-MOV-130980,1,1,0
130984,STAD-MOV-130984,1,0,0
130996,STAD-MOV-130996,1,1,0
131011,STAD-MOV-131011,1,0,0
131017,STAD-MOV-131017,1,0,0
131019,STAD-MOV-131019,1,1,0
131023,STAD-MOV-131023,1,0,0
131050,STAD-MOV-131050,1,0,0
131058,STAD-MOV-131058,1,0,0
131062,STAD-MOV-131062,1,0,0
131070,STAD-MOV-131070,1,1,0
131076,STAD-MOV-131076,1,0,0
131080,STAD-MOV-131080,2,1,0
131082,STAD-MOV-131082,1,0,0
131106,STAD-MOV-131106,1,0,0
131108,STAD-MOV-131108,1,0,0
131112,STAD-MOV-131112,1,0,0
131118,STAD-MOV-131118,1,1,0
131120,STAD-MOV-131120,1,0,0
131122,STAD-MOV-131122,1,0,0
131126,STAD-MOV-131126,1,0,0
131134,STAD-MOV-131134,1,0,0
131146,STAD-MOV-131146,1,0,0
131150,STAD-MOV-131150,1,1,0
131154,STAD-MOV-131154,1,0,0
131156,STAD-MOV-131156,1,0,0
131162,STAD-MOV-131162,1,0,0
131166,STAD-MOV-131166,1,0,0
131172,STAD-MOV-131172,1,0,0
131176,STAD-MOV-131176,1,0,0
131243,STAD-MOV-131243,1,0,0
131252,STAD-MOV-131252,1,1,0
131260,STAD-MOV-131260,1,1,0
